[debug] [2024-08-07T15:43:40.826Z] ----------------------------------------------------------------------
[debug] [2024-08-07T15:43:40.829Z] Command:       /opt/homebrew/Cellar/node/22.4.0/bin/node /opt/homebrew/bin/firebase deploy --only functions
[debug] [2024-08-07T15:43:40.830Z] CLI Version:   12.8.1
[debug] [2024-08-07T15:43:40.830Z] Platform:      darwin
[debug] [2024-08-07T15:43:40.830Z] Node Version:  v22.4.0
[debug] [2024-08-07T15:43:40.830Z] Time:          Wed Aug 07 2024 19:43:40 GMT+0400 (Armenia Standard Time)
[debug] [2024-08-07T15:43:40.830Z] ----------------------------------------------------------------------
[debug] 
[debug] [2024-08-07T15:43:40.869Z] Field ".functions" in "firebase.json" is possibly invalid: should be object
[debug] [2024-08-07T15:43:40.870Z] Field ".functions[1].runtime" in "firebase.json" is possibly invalid: should be equal to one of the allowed values
[debug] [2024-08-07T15:43:40.870Z] Field ".functions" in "firebase.json" is possibly invalid: should match some schema in anyOf
[debug] [2024-08-07T15:43:40.874Z] > command requires scopes: ["email","openid","https://www.googleapis.com/auth/cloudplatformprojects.readonly","https://www.googleapis.com/auth/firebase","https://www.googleapis.com/auth/cloud-platform"]
[debug] [2024-08-07T15:43:40.874Z] > authorizing via signed-in user (tigran.arsenyan.2015@gmail.com)
[debug] [2024-08-07T15:43:40.874Z] [iam] checking project famous-stocks for permissions ["cloudfunctions.functions.create","cloudfunctions.functions.delete","cloudfunctions.functions.get","cloudfunctions.functions.list","cloudfunctions.functions.update","cloudfunctions.operations.get","firebase.projects.get"]
[debug] [2024-08-07T15:43:40.874Z] > refreshing access token with scopes: []
[debug] [2024-08-07T15:43:40.875Z] >>> [apiv2][query] POST https://www.googleapis.com/oauth2/v3/token [none]
[debug] [2024-08-07T15:43:40.875Z] >>> [apiv2][body] POST https://www.googleapis.com/oauth2/v3/token [omitted]
[debug] [2024-08-07T15:43:41.114Z] <<< [apiv2][status] POST https://www.googleapis.com/oauth2/v3/token 200
[debug] [2024-08-07T15:43:41.115Z] <<< [apiv2][body] POST https://www.googleapis.com/oauth2/v3/token [omitted]
[debug] [2024-08-07T15:43:41.129Z] >>> [apiv2][query] POST https://cloudresourcemanager.googleapis.com/v1/projects/famous-stocks:testIamPermissions [none]
[debug] [2024-08-07T15:43:41.129Z] >>> [apiv2][(partial)header] POST https://cloudresourcemanager.googleapis.com/v1/projects/famous-stocks:testIamPermissions x-goog-quota-user=projects/famous-stocks
[debug] [2024-08-07T15:43:41.129Z] >>> [apiv2][body] POST https://cloudresourcemanager.googleapis.com/v1/projects/famous-stocks:testIamPermissions {"permissions":["cloudfunctions.functions.create","cloudfunctions.functions.delete","cloudfunctions.functions.get","cloudfunctions.functions.list","cloudfunctions.functions.update","cloudfunctions.operations.get","firebase.projects.get"]}
[debug] [2024-08-07T15:43:42.134Z] <<< [apiv2][status] POST https://cloudresourcemanager.googleapis.com/v1/projects/famous-stocks:testIamPermissions 200
[debug] [2024-08-07T15:43:42.134Z] <<< [apiv2][body] POST https://cloudresourcemanager.googleapis.com/v1/projects/famous-stocks:testIamPermissions {"permissions":["cloudfunctions.functions.create","cloudfunctions.functions.delete","cloudfunctions.functions.get","cloudfunctions.functions.list","cloudfunctions.functions.update","cloudfunctions.operations.get","firebase.projects.get"]}
[debug] [2024-08-07T15:43:42.134Z] >>> [apiv2][query] POST https://iam.googleapis.com/v1/projects/famous-stocks/serviceAccounts/famous-stocks@appspot.gserviceaccount.com:testIamPermissions [none]
[debug] [2024-08-07T15:43:42.134Z] >>> [apiv2][body] POST https://iam.googleapis.com/v1/projects/famous-stocks/serviceAccounts/famous-stocks@appspot.gserviceaccount.com:testIamPermissions {"permissions":["iam.serviceAccounts.actAs"]}
[debug] [2024-08-07T15:43:43.164Z] <<< [apiv2][status] POST https://iam.googleapis.com/v1/projects/famous-stocks/serviceAccounts/famous-stocks@appspot.gserviceaccount.com:testIamPermissions 200
[debug] [2024-08-07T15:43:43.165Z] <<< [apiv2][body] POST https://iam.googleapis.com/v1/projects/famous-stocks/serviceAccounts/famous-stocks@appspot.gserviceaccount.com:testIamPermissions {"permissions":["iam.serviceAccounts.actAs"]}
[info] 
[info] === Deploying to 'famous-stocks'...
[info] 
[info] i  deploying functions 
[info] Running command: npm --prefix "$RESOURCE_DIR" run lint
[info] Running command: npm --prefix "$RESOURCE_DIR" run build
[info] ✔  functions: Finished running predeploy script. 
[debug] [2024-08-07T15:43:49.589Z] >>> [apiv2][query] GET https://firebase.googleapis.com/v1beta1/projects/famous-stocks [none]
[debug] [2024-08-07T15:43:50.006Z] <<< [apiv2][status] GET https://firebase.googleapis.com/v1beta1/projects/famous-stocks 200
[debug] [2024-08-07T15:43:50.006Z] <<< [apiv2][body] GET https://firebase.googleapis.com/v1beta1/projects/famous-stocks {"projectId":"famous-stocks","projectNumber":"106183287113","displayName":"famous-stocks","name":"projects/famous-stocks","resources":{"hostingSite":"famous-stocks","storageBucket":"famous-stocks.appspot.com","locationId":"us-central"},"state":"ACTIVE","etag":"1_e4df8493-0068-4bd9-93e7-239a3643c83c"}
[info] i  functions: preparing codebase default for deployment 
[info] i  functions: preparing codebase python-functions for deployment 
[info] i  functions: ensuring required API cloudfunctions.googleapis.com is enabled... 
[info] i  functions: ensuring required API cloudbuild.googleapis.com is enabled... 
[info] i  artifactregistry: ensuring required API artifactregistry.googleapis.com is enabled... 
[debug] [2024-08-07T15:43:50.008Z] >>> [apiv2][query] GET https://serviceusage.googleapis.com/v1/projects/famous-stocks/services/cloudfunctions.googleapis.com [none]
[debug] [2024-08-07T15:43:50.008Z] >>> [apiv2][(partial)header] GET https://serviceusage.googleapis.com/v1/projects/famous-stocks/services/cloudfunctions.googleapis.com x-goog-quota-user=projects/famous-stocks
[debug] [2024-08-07T15:43:50.011Z] >>> [apiv2][query] GET https://serviceusage.googleapis.com/v1/projects/famous-stocks/services/runtimeconfig.googleapis.com [none]
[debug] [2024-08-07T15:43:50.011Z] >>> [apiv2][(partial)header] GET https://serviceusage.googleapis.com/v1/projects/famous-stocks/services/runtimeconfig.googleapis.com x-goog-quota-user=projects/famous-stocks
[debug] [2024-08-07T15:43:50.012Z] >>> [apiv2][query] GET https://serviceusage.googleapis.com/v1/projects/famous-stocks/services/cloudbuild.googleapis.com [none]
[debug] [2024-08-07T15:43:50.012Z] >>> [apiv2][(partial)header] GET https://serviceusage.googleapis.com/v1/projects/famous-stocks/services/cloudbuild.googleapis.com x-goog-quota-user=projects/famous-stocks
[debug] [2024-08-07T15:43:50.013Z] >>> [apiv2][query] GET https://serviceusage.googleapis.com/v1/projects/famous-stocks/services/artifactregistry.googleapis.com [none]
[debug] [2024-08-07T15:43:50.013Z] >>> [apiv2][(partial)header] GET https://serviceusage.googleapis.com/v1/projects/famous-stocks/services/artifactregistry.googleapis.com x-goog-quota-user=projects/famous-stocks
[debug] [2024-08-07T15:43:51.207Z] <<< [apiv2][status] GET https://serviceusage.googleapis.com/v1/projects/famous-stocks/services/cloudbuild.googleapis.com 200
[debug] [2024-08-07T15:43:51.208Z] <<< [apiv2][body] GET https://serviceusage.googleapis.com/v1/projects/famous-stocks/services/cloudbuild.googleapis.com [omitted]
[info] ✔  functions: required API cloudbuild.googleapis.com is enabled 
[debug] [2024-08-07T15:43:51.225Z] <<< [apiv2][status] GET https://serviceusage.googleapis.com/v1/projects/famous-stocks/services/runtimeconfig.googleapis.com 200
[debug] [2024-08-07T15:43:51.226Z] <<< [apiv2][body] GET https://serviceusage.googleapis.com/v1/projects/famous-stocks/services/runtimeconfig.googleapis.com [omitted]
[debug] [2024-08-07T15:43:51.227Z] <<< [apiv2][status] GET https://serviceusage.googleapis.com/v1/projects/famous-stocks/services/cloudfunctions.googleapis.com 200
[debug] [2024-08-07T15:43:51.227Z] <<< [apiv2][body] GET https://serviceusage.googleapis.com/v1/projects/famous-stocks/services/cloudfunctions.googleapis.com [omitted]
[info] ✔  functions: required API cloudfunctions.googleapis.com is enabled 
[debug] [2024-08-07T15:43:51.229Z] <<< [apiv2][status] GET https://serviceusage.googleapis.com/v1/projects/famous-stocks/services/artifactregistry.googleapis.com 200
[debug] [2024-08-07T15:43:51.229Z] <<< [apiv2][body] GET https://serviceusage.googleapis.com/v1/projects/famous-stocks/services/artifactregistry.googleapis.com [omitted]
[info] ✔  artifactregistry: required API artifactregistry.googleapis.com is enabled 
[debug] [2024-08-07T15:43:51.229Z] >>> [apiv2][query] GET https://firebase.googleapis.com/v1beta1/projects/famous-stocks/adminSdkConfig [none]
[debug] [2024-08-07T15:43:51.867Z] <<< [apiv2][status] GET https://firebase.googleapis.com/v1beta1/projects/famous-stocks/adminSdkConfig 200
[debug] [2024-08-07T15:43:51.867Z] <<< [apiv2][body] GET https://firebase.googleapis.com/v1beta1/projects/famous-stocks/adminSdkConfig {"projectId":"famous-stocks","storageBucket":"famous-stocks.appspot.com","locationId":"us-central"}
[debug] [2024-08-07T15:43:51.868Z] >>> [apiv2][query] GET https://runtimeconfig.googleapis.com/v1beta1/projects/famous-stocks/configs [none]
[debug] [2024-08-07T15:43:52.289Z] <<< [apiv2][status] GET https://runtimeconfig.googleapis.com/v1beta1/projects/famous-stocks/configs 200
[debug] [2024-08-07T15:43:52.289Z] <<< [apiv2][body] GET https://runtimeconfig.googleapis.com/v1beta1/projects/famous-stocks/configs {}
[debug] [2024-08-07T15:43:52.291Z] Validating nodejs source
[warn] ⚠  functions: package.json indicates an outdated version of firebase-functions. Please upgrade using npm install --save firebase-functions@latest in your functions directory. 
[warn] ⚠  functions: Please note that there will be breaking changes when you upgrade. 
[debug] [2024-08-07T15:43:52.689Z] > [functions] package.json contents: {
  "name": "functions",
  "scripts": {
    "lint": "eslint --ext .js,.ts .",
    "build": "tsc",
    "build:watch": "tsc --watch",
    "serve": "npm run build && firebase emulators:start --only functions",
    "shell": "npm run build && firebase functions:shell",
    "start": "npm run shell",
    "deploy": "firebase deploy --only functions",
    "logs": "firebase functions:log"
  },
  "engines": {
    "node": "18"
  },
  "main": "lib/index.js",
  "dependencies": {
    "cors": "^2.8.5",
    "firebase-admin": "^11.8.0",
    "firebase-functions": "^4.3.1",
    "uuid": "^10.0.0"
  },
  "devDependencies": {
    "@types/uuid": "^10.0.0",
    "@typescript-eslint/eslint-plugin": "^5.12.0",
    "@typescript-eslint/parser": "^5.12.0",
    "eslint": "^8.9.0",
    "eslint-config-google": "^0.14.0",
    "eslint-plugin-import": "^2.25.4",
    "firebase-functions-test": "^3.1.0",
    "typescript": "^4.9.0"
  },
  "private": true
}
[debug] [2024-08-07T15:43:52.689Z] Building nodejs source
[info] i  functions: Loading and analyzing source code for codebase default to determine what to deploy 
[debug] [2024-08-07T15:43:52.690Z] Could not find functions.yaml. Must use http discovery
[debug] [2024-08-07T15:43:52.697Z] Found firebase-functions binary at '/Users/tigran/Desktop/Classes/famous-stocks/functions/node_modules/.bin/firebase-functions'
[info] Serving at port 8401

[debug] [2024-08-07T15:43:53.104Z] Got response from /__/functions.yaml {"endpoints":{"getNotifications":{"availableMemoryMb":null,"timeoutSeconds":null,"minInstances":null,"maxInstances":null,"ingressSettings":null,"concurrency":null,"serviceAccountEmail":null,"vpc":null,"platform":"gcfv2","labels":{},"callableTrigger":{},"entryPoint":"getNotifications"},"deleteNotification":{"availableMemoryMb":null,"timeoutSeconds":null,"minInstances":null,"maxInstances":null,"ingressSettings":null,"concurrency":null,"serviceAccountEmail":null,"vpc":null,"platform":"gcfv2","labels":{},"callableTrigger":{},"entryPoint":"deleteNotification"},"getTransactions":{"availableMemoryMb":null,"timeoutSeconds":null,"minInstances":null,"maxInstances":null,"ingressSettings":null,"concurrency":null,"serviceAccountEmail":null,"vpc":null,"platform":"gcfv2","labels":{},"httpsTrigger":{},"entryPoint":"getTransactions"},"subscribeForNotifications":{"availableMemoryMb":null,"timeoutSeconds":null,"minInstances":null,"maxInstances":null,"ingressSettings":null,"concurrency":null,"serviceAccountEmail":null,"vpc":null,"platform":"gcfv2","labels":{},"callableTrigger":{},"entryPoint":"subscribeForNotifications"}},"specVersion":"v1alpha1","requiredAPIs":[]}
[debug] [2024-08-07T15:43:58.121Z] Customer code is not Node
[debug] [2024-08-07T15:43:58.121Z] Validating python source
[debug] [2024-08-07T15:43:58.122Z] Building python source
[info] i  functions: Loading and analyzing source code for codebase python-functions to determine what to deploy 
[debug] [2024-08-07T15:43:58.122Z] Could not find functions.yaml. Must use http discovery
[debug] [2024-08-07T15:43:58.124Z] Running command with virtualenv: command=., args=["\"/Users/tigran/Desktop/Classes/famous-stocks/python-functions/venv/bin/activate\"","&&","python3.11","-c","\"import firebase_functions; import os; print(os.path.dirname(firebase_functions.__file__))\""]
[debug] [2024-08-07T15:43:58.213Z] stdout: /Users/tigran/Desktop/Classes/famous-stocks/python-functions/venv/lib/python3.11/site-packages/firebase_functions

[debug] [2024-08-07T15:43:58.216Z] Running admin server with args: ["python3.11","\"/Users/tigran/Desktop/Classes/famous-stocks/python-functions/venv/lib/python3.11/site-packages/firebase_functions/private/serving.py\""] and env: {"FIREBASE_CONFIG":"{\"projectId\":\"famous-stocks\",\"storageBucket\":\"famous-stocks.appspot.com\",\"locationId\":\"us-central\"}","GCLOUD_PROJECT":"famous-stocks","FIRESTORE_PREFER_REST":"true","GOOGLE_CLOUD_QUOTA_PROJECT":"famous-stocks","ADMIN_PORT":"8081"} in /Users/tigran/Desktop/Classes/famous-stocks/python-functions
[debug] [2024-08-07T15:43:58.216Z] Running command with virtualenv: command=., args=["\"/Users/tigran/Desktop/Classes/famous-stocks/python-functions/venv/bin/activate\"","&&","python3.11","\"/Users/tigran/Desktop/Classes/famous-stocks/python-functions/venv/lib/python3.11/site-packages/firebase_functions/private/serving.py\""]
[info]  * Serving Flask app 'serving'
 * Debug mode: off

[error] WARNING: This is a development server. Do not use it in a production deployment. Use a production WSGI server instead.
 * Running on http://127.0.0.1:8081

[error] Press CTRL+C to quit

[error] 127.0.0.1 - - [07/Aug/2024 19:43:59] "GET /__/functions.yaml HTTP/1.1" 200 -

[debug] [2024-08-07T15:43:59.134Z] Got response from /__/functions.yaml endpoints:
  accountcleanup:
    availableMemoryMb: null
    concurrency: null
    entryPoint: accountcleanup
    ingressSettings: null
    labels: {}
    maxInstances: null
    minInstances: null
    platform: gcfv2
    scheduleTrigger:
      retryConfig: {}
      schedule: every day 00:00
    secretEnvironmentVariables: []
    serviceAccountEmail: null
    timeoutSeconds: null
  on_request_example:
    availableMemoryMb: null
    concurrency: null
    entryPoint: on_request_example
    httpsTrigger: {}
    ingressSettings: null
    labels: {}
    maxInstances: null
    minInstances: null
    platform: gcfv2
    secretEnvironmentVariables: []
    serviceAccountEmail: null
    timeoutSeconds: null
params: []
requiredAPIs:
- api: cloudscheduler.googleapis.com
  reason: Needed for scheduled functions.
specVersion: v1alpha1

[error] 127.0.0.1 - - [07/Aug/2024 19:43:59] "GET /__/quitquitquit HTTP/1.1" 200 -

[error] /bin/sh: line 1: 97381 Terminated: 15          python3.11 "/Users/tigran/Desktop/Classes/famous-stocks/python-functions/venv/lib/python3.11/site-packages/firebase_functions/private/serving.py"

[info] i  functions: preparing functions directory for uploading... 
[info] i  functions: packaged /Users/tigran/Desktop/Classes/famous-stocks/functions (97.19 KB) for uploading 
[info] i  functions: preparing python-functions directory for uploading... 
[info] i  functions: packaged /Users/tigran/Desktop/Classes/famous-stocks/python-functions (157.52 KB) for uploading 
[debug] [2024-08-07T15:43:59.183Z] >>> [apiv2][query] GET https://cloudfunctions.googleapis.com/v1/projects/famous-stocks/locations/-/functions [none]
[debug] [2024-08-07T15:43:59.988Z] <<< [apiv2][status] GET https://cloudfunctions.googleapis.com/v1/projects/famous-stocks/locations/-/functions 200
[debug] [2024-08-07T15:43:59.988Z] <<< [apiv2][body] GET https://cloudfunctions.googleapis.com/v1/projects/famous-stocks/locations/-/functions {}
[debug] [2024-08-07T15:43:59.989Z] >>> [apiv2][query] GET https://cloudfunctions.googleapis.com/v2/projects/famous-stocks/locations/-/functions filter=environment%3D%22GEN_2%22
[debug] [2024-08-07T15:44:01.214Z] <<< [apiv2][status] GET https://cloudfunctions.googleapis.com/v2/projects/famous-stocks/locations/-/functions 200
[debug] [2024-08-07T15:44:01.214Z] <<< [apiv2][body] GET https://cloudfunctions.googleapis.com/v2/projects/famous-stocks/locations/-/functions {"functions":[{"name":"projects/famous-stocks/locations/us-central1/functions/getTransactions","buildConfig":{"build":"projects/106183287113/locations/us-central1/builds/f840416a-ca3f-4c0b-af6a-f16140ac95de","runtime":"nodejs18","entryPoint":"getTransactions","source":{"storageSource":{"bucket":"gcf-v2-sources-106183287113-us-central1","object":"getTransactions/function-source.zip","generation":"1722789508853531"}},"environmentVariables":{"GOOGLE_NODE_RUN_SCRIPTS":""},"dockerRepository":"projects/famous-stocks/locations/us-central1/repositories/gcf-artifacts","sourceProvenance":{"resolvedStorageSource":{"bucket":"gcf-v2-sources-106183287113-us-central1","object":"getTransactions/function-source.zip","generation":"1722789508853531"}},"dockerRegistry":"ARTIFACT_REGISTRY","serviceAccount":"projects/famous-stocks/serviceAccounts/106183287113-compute@developer.gserviceaccount.com","automaticUpdatePolicy":{}},"serviceConfig":{"service":"projects/famous-stocks/locations/us-central1/services/gettransactions","timeoutSeconds":60,"environmentVariables":{"FIREBASE_CONFIG":"{\"projectId\":\"famous-stocks\",\"storageBucket\":\"famous-stocks.appspot.com\",\"locationId\":\"us-central\"}","GCLOUD_PROJECT":"famous-stocks","FIRESTORE_PREFER_REST":"true","EVENTARC_CLOUD_EVENT_SOURCE":"projects/famous-stocks/locations/us-central1/services/getTransactions","FUNCTION_TARGET":"getTransactions","LOG_EXECUTION_ID":"true","FUNCTION_SIGNATURE_TYPE":"http"},"maxInstanceCount":100,"ingressSettings":"ALLOW_ALL","uri":"https://gettransactions-kjcs74itya-uc.a.run.app","serviceAccountEmail":"106183287113-compute@developer.gserviceaccount.com","availableMemory":"256Mi","allTrafficOnLatestRevision":true,"revision":"gettransactions-00014-foj","maxInstanceRequestConcurrency":80,"availableCpu":"1"},"state":"ACTIVE","updateTime":"2024-08-04T16:38:36.609429559Z","labels":{"deployment-tool":"cli-firebase","firebase-functions-hash":"50e83496ce29c886205b2ff58a4f650cdf8a4fe4"},"environment":"GEN_2","url":"https://us-central1-famous-stocks.cloudfunctions.net/getTransactions","createTime":"2024-07-26T18:36:04.997183542Z"},{"name":"projects/famous-stocks/locations/us-central1/functions/getNotifications","buildConfig":{"build":"projects/106183287113/locations/us-central1/builds/f840416a-ca3f-4c0b-af6a-f16140ac95de","runtime":"nodejs18","entryPoint":"getNotifications","source":{"storageSource":{"bucket":"gcf-v2-sources-106183287113-us-central1","object":"getNotifications/function-source.zip","generation":"1722789508650151"}},"environmentVariables":{"GOOGLE_NODE_RUN_SCRIPTS":""},"dockerRepository":"projects/famous-stocks/locations/us-central1/repositories/gcf-artifacts","sourceProvenance":{"resolvedStorageSource":{"bucket":"gcf-v2-sources-106183287113-us-central1","object":"getNotifications/function-source.zip","generation":"1722789508650151"}},"dockerRegistry":"ARTIFACT_REGISTRY","serviceAccount":"projects/famous-stocks/serviceAccounts/106183287113-compute@developer.gserviceaccount.com","automaticUpdatePolicy":{}},"serviceConfig":{"service":"projects/famous-stocks/locations/us-central1/services/getnotifications","timeoutSeconds":60,"environmentVariables":{"FIREBASE_CONFIG":"{\"projectId\":\"famous-stocks\",\"storageBucket\":\"famous-stocks.appspot.com\",\"locationId\":\"us-central\"}","GCLOUD_PROJECT":"famous-stocks","FIRESTORE_PREFER_REST":"true","EVENTARC_CLOUD_EVENT_SOURCE":"projects/famous-stocks/locations/us-central1/services/getNotifications","FUNCTION_TARGET":"getNotifications","LOG_EXECUTION_ID":"true","FUNCTION_SIGNATURE_TYPE":"http"},"maxInstanceCount":100,"ingressSettings":"ALLOW_ALL","uri":"https://getnotifications-kjcs74itya-uc.a.run.app","serviceAccountEmail":"106183287113-compute@developer.gserviceaccount.com","availableMemory":"256Mi","allTrafficOnLatestRevision":true,"revision":"getnotifications-00002-hak","maxInstanceRequestConcurrency":80,"availableCpu":"1"},"state":"ACTIVE","updateTime":"2024-08-04T16:38:35.913861714Z","labels":{"deployment-tool":"cli-firebase","deployment-callable":"true","firebase-functions-hash":"50e83496ce29c886205b2ff58a4f650cdf8a4fe4"},"environment":"GEN_2","url":"https://us-central1-famous-stocks.cloudfunctions.net/getNotifications","createTime":"2024-08-04T13:37:18.131187791Z"},{"name":"projects/famous-stocks/locations/us-central1/functions/deleteNotification","buildConfig":{"build":"projects/106183287113/locations/us-central1/builds/f840416a-ca3f-4c0b-af6a-f16140ac95de","runtime":"nodejs18","entryPoint":"deleteNotification","source":{"storageSource":{"bucket":"gcf-v2-sources-106183287113-us-central1","object":"deleteNotification/function-source.zip","generation":"1722789443371580"}},"environmentVariables":{"GOOGLE_NODE_RUN_SCRIPTS":""},"dockerRepository":"projects/famous-stocks/locations/us-central1/repositories/gcf-artifacts","sourceProvenance":{"resolvedStorageSource":{"bucket":"gcf-v2-sources-106183287113-us-central1","object":"deleteNotification/function-source.zip","generation":"1722789443371580"}},"dockerRegistry":"ARTIFACT_REGISTRY","serviceAccount":"projects/famous-stocks/serviceAccounts/106183287113-compute@developer.gserviceaccount.com","automaticUpdatePolicy":{}},"serviceConfig":{"service":"projects/famous-stocks/locations/us-central1/services/deletenotification","timeoutSeconds":60,"environmentVariables":{"FIREBASE_CONFIG":"{\"projectId\":\"famous-stocks\",\"storageBucket\":\"famous-stocks.appspot.com\",\"locationId\":\"us-central\"}","GCLOUD_PROJECT":"famous-stocks","FIRESTORE_PREFER_REST":"true","EVENTARC_CLOUD_EVENT_SOURCE":"projects/famous-stocks/locations/us-central1/services/deleteNotification","FUNCTION_TARGET":"deleteNotification","LOG_EXECUTION_ID":"true"},"maxInstanceCount":100,"ingressSettings":"ALLOW_ALL","uri":"https://deletenotification-kjcs74itya-uc.a.run.app","serviceAccountEmail":"106183287113-compute@developer.gserviceaccount.com","availableMemory":"256Mi","allTrafficOnLatestRevision":true,"revision":"deletenotification-00001-zex","maxInstanceRequestConcurrency":80,"availableCpu":"1"},"state":"ACTIVE","updateTime":"2024-08-04T16:38:41.338027527Z","labels":{"deployment-tool":"cli-firebase","deployment-callable":"true","firebase-functions-hash":"50e83496ce29c886205b2ff58a4f650cdf8a4fe4"},"environment":"GEN_2","url":"https://us-central1-famous-stocks.cloudfunctions.net/deleteNotification","createTime":"2024-08-04T16:37:23.629118038Z"},{"name":"projects/famous-stocks/locations/us-central1/functions/subscribeForNotifications","buildConfig":{"build":"projects/106183287113/locations/us-central1/builds/f840416a-ca3f-4c0b-af6a-f16140ac95de","runtime":"nodejs18","entryPoint":"subscribeForNotifications","source":{"storageSource":{"bucket":"gcf-v2-sources-106183287113-us-central1","object":"subscribeForNotifications/function-source.zip","generation":"1722789508615084"}},"environmentVariables":{"GOOGLE_NODE_RUN_SCRIPTS":""},"dockerRepository":"projects/famous-stocks/locations/us-central1/repositories/gcf-artifacts","sourceProvenance":{"resolvedStorageSource":{"bucket":"gcf-v2-sources-106183287113-us-central1","object":"subscribeForNotifications/function-source.zip","generation":"1722789508615084"}},"dockerRegistry":"ARTIFACT_REGISTRY","serviceAccount":"projects/famous-stocks/serviceAccounts/106183287113-compute@developer.gserviceaccount.com","automaticUpdatePolicy":{}},"serviceConfig":{"service":"projects/famous-stocks/locations/us-central1/services/subscribefornotifications","timeoutSeconds":60,"environmentVariables":{"FIREBASE_CONFIG":"{\"projectId\":\"famous-stocks\",\"storageBucket\":\"famous-stocks.appspot.com\",\"locationId\":\"us-central\"}","GCLOUD_PROJECT":"famous-stocks","FIRESTORE_PREFER_REST":"true","EVENTARC_CLOUD_EVENT_SOURCE":"projects/famous-stocks/locations/us-central1/services/subscribeForNotifications","FUNCTION_TARGET":"subscribeForNotifications","LOG_EXECUTION_ID":"true","FUNCTION_SIGNATURE_TYPE":"http"},"maxInstanceCount":100,"ingressSettings":"ALLOW_ALL","uri":"https://subscribefornotifications-kjcs74itya-uc.a.run.app","serviceAccountEmail":"106183287113-compute@developer.gserviceaccount.com","availableMemory":"256Mi","allTrafficOnLatestRevision":true,"revision":"subscribefornotifications-00004-yog","maxInstanceRequestConcurrency":80,"availableCpu":"1"},"state":"ACTIVE","updateTime":"2024-08-04T16:38:36.894173733Z","labels":{"firebase-functions-hash":"50e83496ce29c886205b2ff58a4f650cdf8a4fe4","deployment-tool":"cli-firebase","deployment-callable":"true"},"environment":"GEN_2","url":"https://us-central1-famous-stocks.cloudfunctions.net/subscribeForNotifications","createTime":"2024-08-04T09:42:31.880114091Z"},{"name":"projects/famous-stocks/locations/us-central1/functions/helloWorld","buildConfig":{"build":"projects/106183287113/locations/us-central1/builds/37bb6b02-c8cc-4308-822e-0a3afaed02f0","runtime":"nodejs18","entryPoint":"helloWorld","source":{"storageSource":{"bucket":"gcf-v2-sources-106183287113-us-central1","object":"helloWorld/function-source.zip","generation":"1721896059869230"}},"environmentVariables":{"GOOGLE_NODE_RUN_SCRIPTS":""},"dockerRepository":"projects/famous-stocks/locations/us-central1/repositories/gcf-artifacts","sourceProvenance":{"resolvedStorageSource":{"bucket":"gcf-v2-sources-106183287113-us-central1","object":"helloWorld/function-source.zip","generation":"1721896059869230"}},"dockerRegistry":"ARTIFACT_REGISTRY","automaticUpdatePolicy":{}},"state":"FAILED","updateTime":"2024-07-25T08:28:01.146385545Z","labels":{"deployment-tool":"cli-firebase","firebase-functions-hash":"45fbe320991dde62abf8da654557d8579f7d8db2"},"stateMessages":[{"severity":"ERROR","type":"CloudRunServiceNotFound","message":"Cloud Run service projects/famous-stocks/locations/us-central1/services/helloworld for the function was not found. The function will not work correctly. Please redeploy."}],"environment":"GEN_2","url":"https://us-central1-famous-stocks.cloudfunctions.net/helloWorld","createTime":"2024-07-25T08:27:40.192877739Z"}]}
[info] i  functions: ensuring required API cloudscheduler.googleapis.com is enabled... 
[debug] [2024-08-07T15:44:01.219Z] >>> [apiv2][query] GET https://serviceusage.googleapis.com/v1/projects/famous-stocks/services/cloudscheduler.googleapis.com [none]
[debug] [2024-08-07T15:44:01.219Z] >>> [apiv2][(partial)header] GET https://serviceusage.googleapis.com/v1/projects/famous-stocks/services/cloudscheduler.googleapis.com x-goog-quota-user=projects/famous-stocks
[debug] [2024-08-07T15:44:02.362Z] <<< [apiv2][status] GET https://serviceusage.googleapis.com/v1/projects/famous-stocks/services/cloudscheduler.googleapis.com 200
[debug] [2024-08-07T15:44:02.363Z] <<< [apiv2][body] GET https://serviceusage.googleapis.com/v1/projects/famous-stocks/services/cloudscheduler.googleapis.com [omitted]
[warn] ⚠  functions: missing required API cloudscheduler.googleapis.com. Enabling now... 
[debug] [2024-08-07T15:44:02.364Z] >>> [apiv2][query] POST https://serviceusage.googleapis.com/v1/projects/famous-stocks/services/cloudscheduler.googleapis.com:enable [none]
[debug] [2024-08-07T15:44:02.364Z] >>> [apiv2][(partial)header] POST https://serviceusage.googleapis.com/v1/projects/famous-stocks/services/cloudscheduler.googleapis.com:enable x-goog-quota-user=projects/famous-stocks
[debug] [2024-08-07T15:44:03.948Z] <<< [apiv2][status] POST https://serviceusage.googleapis.com/v1/projects/famous-stocks/services/cloudscheduler.googleapis.com:enable 200
[debug] [2024-08-07T15:44:03.948Z] <<< [apiv2][body] POST https://serviceusage.googleapis.com/v1/projects/famous-stocks/services/cloudscheduler.googleapis.com:enable [omitted]
[debug] [2024-08-07T15:44:13.952Z] >>> [apiv2][query] GET https://serviceusage.googleapis.com/v1/projects/famous-stocks/services/cloudscheduler.googleapis.com [none]
[debug] [2024-08-07T15:44:13.953Z] >>> [apiv2][(partial)header] GET https://serviceusage.googleapis.com/v1/projects/famous-stocks/services/cloudscheduler.googleapis.com x-goog-quota-user=projects/famous-stocks
[debug] [2024-08-07T15:44:15.097Z] <<< [apiv2][status] GET https://serviceusage.googleapis.com/v1/projects/famous-stocks/services/cloudscheduler.googleapis.com 200
[debug] [2024-08-07T15:44:15.097Z] <<< [apiv2][body] GET https://serviceusage.googleapis.com/v1/projects/famous-stocks/services/cloudscheduler.googleapis.com [omitted]
[info] ✔  functions: required API cloudscheduler.googleapis.com is enabled 
[info] i  functions: ensuring required API run.googleapis.com is enabled... 
[info] i  functions: ensuring required API eventarc.googleapis.com is enabled... 
[info] i  functions: ensuring required API pubsub.googleapis.com is enabled... 
[info] i  functions: ensuring required API storage.googleapis.com is enabled... 
[debug] [2024-08-07T15:44:15.103Z] >>> [apiv2][query] GET https://serviceusage.googleapis.com/v1/projects/famous-stocks/services/run.googleapis.com [none]
[debug] [2024-08-07T15:44:15.103Z] >>> [apiv2][(partial)header] GET https://serviceusage.googleapis.com/v1/projects/famous-stocks/services/run.googleapis.com x-goog-quota-user=projects/famous-stocks
[debug] [2024-08-07T15:44:15.104Z] >>> [apiv2][query] GET https://serviceusage.googleapis.com/v1/projects/famous-stocks/services/eventarc.googleapis.com [none]
[debug] [2024-08-07T15:44:15.104Z] >>> [apiv2][(partial)header] GET https://serviceusage.googleapis.com/v1/projects/famous-stocks/services/eventarc.googleapis.com x-goog-quota-user=projects/famous-stocks
[debug] [2024-08-07T15:44:15.105Z] >>> [apiv2][query] GET https://serviceusage.googleapis.com/v1/projects/famous-stocks/services/pubsub.googleapis.com [none]
[debug] [2024-08-07T15:44:15.105Z] >>> [apiv2][(partial)header] GET https://serviceusage.googleapis.com/v1/projects/famous-stocks/services/pubsub.googleapis.com x-goog-quota-user=projects/famous-stocks
[debug] [2024-08-07T15:44:15.107Z] >>> [apiv2][query] GET https://serviceusage.googleapis.com/v1/projects/famous-stocks/services/storage.googleapis.com [none]
[debug] [2024-08-07T15:44:15.107Z] >>> [apiv2][(partial)header] GET https://serviceusage.googleapis.com/v1/projects/famous-stocks/services/storage.googleapis.com x-goog-quota-user=projects/famous-stocks
[debug] [2024-08-07T15:44:16.208Z] <<< [apiv2][status] GET https://serviceusage.googleapis.com/v1/projects/famous-stocks/services/run.googleapis.com 200
[debug] [2024-08-07T15:44:16.208Z] <<< [apiv2][body] GET https://serviceusage.googleapis.com/v1/projects/famous-stocks/services/run.googleapis.com [omitted]
[info] ✔  functions: required API run.googleapis.com is enabled 
[debug] [2024-08-07T15:44:16.472Z] <<< [apiv2][status] GET https://serviceusage.googleapis.com/v1/projects/famous-stocks/services/eventarc.googleapis.com 200
[debug] [2024-08-07T15:44:16.472Z] <<< [apiv2][body] GET https://serviceusage.googleapis.com/v1/projects/famous-stocks/services/eventarc.googleapis.com [omitted]
[info] ✔  functions: required API eventarc.googleapis.com is enabled 
[debug] [2024-08-07T15:44:16.473Z] <<< [apiv2][status] GET https://serviceusage.googleapis.com/v1/projects/famous-stocks/services/pubsub.googleapis.com 200
[debug] [2024-08-07T15:44:16.473Z] <<< [apiv2][body] GET https://serviceusage.googleapis.com/v1/projects/famous-stocks/services/pubsub.googleapis.com [omitted]
[info] ✔  functions: required API pubsub.googleapis.com is enabled 
[debug] [2024-08-07T15:44:16.474Z] <<< [apiv2][status] GET https://serviceusage.googleapis.com/v1/projects/famous-stocks/services/storage.googleapis.com 200
[debug] [2024-08-07T15:44:16.474Z] <<< [apiv2][body] GET https://serviceusage.googleapis.com/v1/projects/famous-stocks/services/storage.googleapis.com [omitted]
[info] ✔  functions: required API storage.googleapis.com is enabled 
[info] i  functions: generating the service identity for pubsub.googleapis.com... 
[info] i  functions: generating the service identity for eventarc.googleapis.com... 
[debug] [2024-08-07T15:44:16.475Z] >>> [apiv2][query] POST https://serviceusage.googleapis.com/v1beta1/projects/106183287113/services/pubsub.googleapis.com:generateServiceIdentity [none]
[debug] [2024-08-07T15:44:16.475Z] >>> [apiv2][query] POST https://serviceusage.googleapis.com/v1beta1/projects/106183287113/services/eventarc.googleapis.com:generateServiceIdentity [none]
[debug] [2024-08-07T15:44:16.979Z] <<< [apiv2][status] POST https://serviceusage.googleapis.com/v1beta1/projects/106183287113/services/eventarc.googleapis.com:generateServiceIdentity 200
[debug] [2024-08-07T15:44:16.980Z] <<< [apiv2][body] POST https://serviceusage.googleapis.com/v1beta1/projects/106183287113/services/eventarc.googleapis.com:generateServiceIdentity {"name":"operations/finished.DONE_OPERATION","done":true,"response":{"@type":"type.googleapis.com/google.api.serviceusage.v1beta1.ServiceIdentity","email":"service-106183287113@gcp-sa-eventarc.iam.gserviceaccount.com","uniqueId":"110297915459646695380"}}
[debug] [2024-08-07T15:44:17.639Z] <<< [apiv2][status] POST https://serviceusage.googleapis.com/v1beta1/projects/106183287113/services/pubsub.googleapis.com:generateServiceIdentity 200
[debug] [2024-08-07T15:44:17.639Z] <<< [apiv2][body] POST https://serviceusage.googleapis.com/v1beta1/projects/106183287113/services/pubsub.googleapis.com:generateServiceIdentity {"name":"operations/finished.DONE_OPERATION","done":true,"response":{"@type":"type.googleapis.com/google.api.serviceusage.v1beta1.ServiceIdentity","email":"service-106183287113@gcp-sa-pubsub.iam.gserviceaccount.com","uniqueId":"113177051718226507871"}}
[debug] [2024-08-07T15:44:17.643Z] >>> [apiv2][query] GET https://firebase.googleapis.com/v1beta1/projects/famous-stocks [none]
[debug] [2024-08-07T15:44:18.287Z] <<< [apiv2][status] GET https://firebase.googleapis.com/v1beta1/projects/famous-stocks 200
[debug] [2024-08-07T15:44:18.288Z] <<< [apiv2][body] GET https://firebase.googleapis.com/v1beta1/projects/famous-stocks {"projectId":"famous-stocks","projectNumber":"106183287113","displayName":"famous-stocks","name":"projects/famous-stocks","resources":{"hostingSite":"famous-stocks","storageBucket":"famous-stocks.appspot.com","locationId":"us-central"},"state":"ACTIVE","etag":"1_e4df8493-0068-4bd9-93e7-239a3643c83c"}
[debug] [2024-08-07T15:44:18.290Z] [functions] found 1 new HTTP functions, testing setIamPolicy permission...
[debug] [2024-08-07T15:44:18.290Z] >>> [apiv2][query] POST https://cloudresourcemanager.googleapis.com/v1/projects/famous-stocks:testIamPermissions [none]
[debug] [2024-08-07T15:44:18.290Z] >>> [apiv2][(partial)header] POST https://cloudresourcemanager.googleapis.com/v1/projects/famous-stocks:testIamPermissions x-goog-quota-user=projects/famous-stocks
[debug] [2024-08-07T15:44:18.290Z] >>> [apiv2][body] POST https://cloudresourcemanager.googleapis.com/v1/projects/famous-stocks:testIamPermissions {"permissions":["cloudfunctions.functions.setIamPolicy"]}
[debug] [2024-08-07T15:44:19.240Z] <<< [apiv2][status] POST https://cloudresourcemanager.googleapis.com/v1/projects/famous-stocks:testIamPermissions 200
[debug] [2024-08-07T15:44:19.240Z] <<< [apiv2][body] POST https://cloudresourcemanager.googleapis.com/v1/projects/famous-stocks:testIamPermissions {"permissions":["cloudfunctions.functions.setIamPolicy"]}
[debug] [2024-08-07T15:44:19.240Z] [functions] found setIamPolicy permission, proceeding with deploy
[debug] [2024-08-07T15:44:19.241Z] >>> [apiv2][query] POST https://cloudfunctions.googleapis.com/v2/projects/famous-stocks/locations/us-central1/functions:generateUploadUrl [none]
[debug] [2024-08-07T15:44:19.243Z] >>> [apiv2][query] POST https://cloudfunctions.googleapis.com/v2/projects/famous-stocks/locations/us-central1/functions:generateUploadUrl [none]
[debug] [2024-08-07T15:44:20.212Z] <<< [apiv2][status] POST https://cloudfunctions.googleapis.com/v2/projects/famous-stocks/locations/us-central1/functions:generateUploadUrl 200
[debug] [2024-08-07T15:44:20.213Z] <<< [apiv2][body] POST https://cloudfunctions.googleapis.com/v2/projects/famous-stocks/locations/us-central1/functions:generateUploadUrl {"uploadUrl":"https://storage.googleapis.com/gcf-v2-uploads-106183287113-us-central1/09874cec-5c8a-408a-9821-5ef68792967f.zip?GoogleAccessId=service-106183287113@gcf-admin-robot.iam.gserviceaccount.com&Expires=1723047260&Signature=Kqgff%2FBTqLIYjP5%2BiY9yxff9aVr6Dcqgy4F6MSBF7lfelIf%2FFxXoQkCH%2BGcgRmYgJc5q1BERMDg51MzAVLAaPdkHI3rZSu5EqL8Cf4LCk60VTdiZY58%2BUM5n1KUUIuCJv4CNnbgIxsntCzf5UwttKHmDMAL82xjaGLUCDRlMA309MIfbjWcjQKgJlFeKMtbB2kW1I2rkpqojeuhb2ueMe%2FCZK7iF6%2FbxGwu%2B5xGdY%2FUVasHxNJJRqG68UGpY5W%2FQ1EkTfW%2FtgfL57bO8BWab826v9JxwPMmEjVIH0qwj5EVOHck336%2Bq9BOukvgLOquX9VFlEKb8Cw8CKyQXnf5ERg%3D%3D","storageSource":{"bucket":"gcf-v2-uploads-106183287113-us-central1","object":"09874cec-5c8a-408a-9821-5ef68792967f.zip"}}
[debug] [2024-08-07T15:44:20.215Z] >>> [apiv2][query] PUT https://storage.googleapis.com/gcf-v2-uploads-106183287113-us-central1/09874cec-5c8a-408a-9821-5ef68792967f.zip GoogleAccessId=service-106183287113%40gcf-admin-robot.iam.gserviceaccount.com&Expires=1723047260&Signature=Kqgff%2FBTqLIYjP5%2BiY9yxff9aVr6Dcqgy4F6MSBF7lfelIf%2FFxXoQkCH%2BGcgRmYgJc5q1BERMDg51MzAVLAaPdkHI3rZSu5EqL8Cf4LCk60VTdiZY58%2BUM5n1KUUIuCJv4CNnbgIxsntCzf5UwttKHmDMAL82xjaGLUCDRlMA309MIfbjWcjQKgJlFeKMtbB2kW1I2rkpqojeuhb2ueMe%2FCZK7iF6%2FbxGwu%2B5xGdY%2FUVasHxNJJRqG68UGpY5W%2FQ1EkTfW%2FtgfL57bO8BWab826v9JxwPMmEjVIH0qwj5EVOHck336%2Bq9BOukvgLOquX9VFlEKb8Cw8CKyQXnf5ERg%3D%3D
[debug] [2024-08-07T15:44:20.216Z] >>> [apiv2][body] PUT https://storage.googleapis.com/gcf-v2-uploads-106183287113-us-central1/09874cec-5c8a-408a-9821-5ef68792967f.zip [stream]
[debug] [2024-08-07T15:44:20.335Z] <<< [apiv2][status] POST https://cloudfunctions.googleapis.com/v2/projects/famous-stocks/locations/us-central1/functions:generateUploadUrl 200
[debug] [2024-08-07T15:44:20.336Z] <<< [apiv2][body] POST https://cloudfunctions.googleapis.com/v2/projects/famous-stocks/locations/us-central1/functions:generateUploadUrl {"uploadUrl":"https://storage.googleapis.com/gcf-v2-uploads-106183287113-us-central1/62861735-fdfd-4132-a715-c7ea79583c2a.zip?GoogleAccessId=service-106183287113@gcf-admin-robot.iam.gserviceaccount.com&Expires=1723047260&Signature=R8dCUtzHUzrTA0XbDZqQq%2BHNIPkYKwwKNic6TNHq6HtPmc2n4FQzPTMei99tjcTAqIYyKLQQtVl%2FPJyf1Q51pNeCb2jVZ1usREj0DURNZ52SM%2Bk2mq4%2FxfQiIZAS2MBeiotHGKgM9Lzvmsc649szA3TwGIfkSw3T9uR5weXJ5WRie7lWpF8ebjv0ELpwgR6dqQRb%2FFyFRexn%2BAdB301lAMUf2%2B1Ac4MZG4zZZOwCJqfcEANVzlDt133sUBhJGUgtDVd41no4UUm44UtZ%2BSwioYjDiVhAOSYU9eGf2K%2FJLY2WoT0H9af5ipNhvvh7Zq%2FB2ibSGc7d9M%2FU3qL5kC5T2w%3D%3D","storageSource":{"bucket":"gcf-v2-uploads-106183287113-us-central1","object":"62861735-fdfd-4132-a715-c7ea79583c2a.zip"}}
[debug] [2024-08-07T15:44:20.337Z] >>> [apiv2][query] PUT https://storage.googleapis.com/gcf-v2-uploads-106183287113-us-central1/62861735-fdfd-4132-a715-c7ea79583c2a.zip GoogleAccessId=service-106183287113%40gcf-admin-robot.iam.gserviceaccount.com&Expires=1723047260&Signature=R8dCUtzHUzrTA0XbDZqQq%2BHNIPkYKwwKNic6TNHq6HtPmc2n4FQzPTMei99tjcTAqIYyKLQQtVl%2FPJyf1Q51pNeCb2jVZ1usREj0DURNZ52SM%2Bk2mq4%2FxfQiIZAS2MBeiotHGKgM9Lzvmsc649szA3TwGIfkSw3T9uR5weXJ5WRie7lWpF8ebjv0ELpwgR6dqQRb%2FFyFRexn%2BAdB301lAMUf2%2B1Ac4MZG4zZZOwCJqfcEANVzlDt133sUBhJGUgtDVd41no4UUm44UtZ%2BSwioYjDiVhAOSYU9eGf2K%2FJLY2WoT0H9af5ipNhvvh7Zq%2FB2ibSGc7d9M%2FU3qL5kC5T2w%3D%3D
[debug] [2024-08-07T15:44:20.337Z] >>> [apiv2][body] PUT https://storage.googleapis.com/gcf-v2-uploads-106183287113-us-central1/62861735-fdfd-4132-a715-c7ea79583c2a.zip [stream]
[debug] [2024-08-07T15:44:21.204Z] <<< [apiv2][status] PUT https://storage.googleapis.com/gcf-v2-uploads-106183287113-us-central1/09874cec-5c8a-408a-9821-5ef68792967f.zip 200
[debug] [2024-08-07T15:44:21.205Z] <<< [apiv2][body] PUT https://storage.googleapis.com/gcf-v2-uploads-106183287113-us-central1/09874cec-5c8a-408a-9821-5ef68792967f.zip [omitted]
[info] ✔  functions: functions folder uploaded successfully 
[debug] [2024-08-07T15:44:21.320Z] <<< [apiv2][status] PUT https://storage.googleapis.com/gcf-v2-uploads-106183287113-us-central1/62861735-fdfd-4132-a715-c7ea79583c2a.zip 200
[debug] [2024-08-07T15:44:21.320Z] <<< [apiv2][body] PUT https://storage.googleapis.com/gcf-v2-uploads-106183287113-us-central1/62861735-fdfd-4132-a715-c7ea79583c2a.zip [omitted]
[info] ✔  functions: python-functions folder uploaded successfully 
[info] i  functions: updating Node.js 18 (2nd Gen) function getNotifications(us-central1)... 
[info] i  functions: updating Node.js 18 (2nd Gen) function deleteNotification(us-central1)... 
[info] i  functions: updating Node.js 18 (2nd Gen) function getTransactions(us-central1)... 
[info] i  functions: updating Node.js 18 (2nd Gen) function subscribeForNotifications(us-central1)... 
[info] i  functions: creating Python 3.11 (2nd Gen) function python-functions:accountcleanup(us-central1)... 
[info] i  functions: creating Python 3.11 (2nd Gen) function python-functions:on_request_example(us-central1)... 
[debug] [2024-08-07T15:44:21.324Z] >>> [apiv2][query] PATCH https://cloudfunctions.googleapis.com/v2/projects/famous-stocks/locations/us-central1/functions/getNotifications updateMask=name%2CbuildConfig.runtime%2CbuildConfig.entryPoint%2CbuildConfig.source.storageSource.bucket%2CbuildConfig.source.storageSource.object%2CbuildConfig.environmentVariables%2CbuildConfig.sourceToken%2CserviceConfig.environmentVariables%2CserviceConfig.ingressSettings%2CserviceConfig.timeoutSeconds%2CserviceConfig.serviceAccountEmail%2CserviceConfig.availableMemory%2CserviceConfig.minInstanceCount%2CserviceConfig.maxInstanceCount%2CserviceConfig.maxInstanceRequestConcurrency%2CserviceConfig.availableCpu%2CserviceConfig.vpcConnector%2CserviceConfig.vpcConnectorEgressSettings%2Clabels%2CbuildConfig.buildEnvironmentVariables
[debug] [2024-08-07T15:44:21.324Z] >>> [apiv2][body] PATCH https://cloudfunctions.googleapis.com/v2/projects/famous-stocks/locations/us-central1/functions/getNotifications {"name":"projects/famous-stocks/locations/us-central1/functions/getNotifications","buildConfig":{"runtime":"nodejs18","entryPoint":"getNotifications","source":{"storageSource":{"bucket":"gcf-v2-uploads-106183287113-us-central1","object":"09874cec-5c8a-408a-9821-5ef68792967f.zip"}},"environmentVariables":{"GOOGLE_NODE_RUN_SCRIPTS":""}},"serviceConfig":{"environmentVariables":{"FIREBASE_CONFIG":"{\"projectId\":\"famous-stocks\",\"storageBucket\":\"famous-stocks.appspot.com\",\"locationId\":\"us-central\"}","GCLOUD_PROJECT":"famous-stocks","FIRESTORE_PREFER_REST":"true","EVENTARC_CLOUD_EVENT_SOURCE":"projects/famous-stocks/locations/us-central1/services/getNotifications","FUNCTION_TARGET":"getNotifications","LOG_EXECUTION_ID":"true","FUNCTION_SIGNATURE_TYPE":"http"},"ingressSettings":null,"timeoutSeconds":null,"serviceAccountEmail":null,"availableMemory":"256Mi","minInstanceCount":null,"maxInstanceCount":null,"maxInstanceRequestConcurrency":80,"availableCpu":"1","vpcConnector":null,"vpcConnectorEgressSettings":null},"labels":{"deployment-tool":"cli-firebase","deployment-callable":"true","firebase-functions-hash":"1b84d3a8d6bb2af7b71e3422cda7ca39f0ec36f5"}}
[debug] [2024-08-07T15:44:21.325Z] >>> [apiv2][query] POST https://cloudfunctions.googleapis.com/v2/projects/famous-stocks/locations/us-central1/functions functionId=accountcleanup
[debug] [2024-08-07T15:44:21.325Z] >>> [apiv2][body] POST https://cloudfunctions.googleapis.com/v2/projects/famous-stocks/locations/us-central1/functions {"name":"projects/famous-stocks/locations/us-central1/functions/accountcleanup","buildConfig":{"runtime":"python311","entryPoint":"accountcleanup","source":{"storageSource":{"bucket":"gcf-v2-uploads-106183287113-us-central1","object":"62861735-fdfd-4132-a715-c7ea79583c2a.zip"}},"environmentVariables":{"GOOGLE_NODE_RUN_SCRIPTS":""}},"serviceConfig":{"environmentVariables":{"FIREBASE_CONFIG":"{\"projectId\":\"famous-stocks\",\"storageBucket\":\"famous-stocks.appspot.com\",\"locationId\":\"us-central\"}","GCLOUD_PROJECT":"famous-stocks","FIRESTORE_PREFER_REST":"true","EVENTARC_CLOUD_EVENT_SOURCE":"projects/famous-stocks/locations/us-central1/services/accountcleanup","FUNCTION_TARGET":"accountcleanup"},"secretEnvironmentVariables":[],"ingressSettings":null,"timeoutSeconds":null,"serviceAccountEmail":null,"availableMemory":"256Mi","minInstanceCount":null,"maxInstanceCount":null,"maxInstanceRequestConcurrency":80,"availableCpu":"1"},"labels":{"deployment-tool":"cli-firebase","deployment-scheduled":"true","firebase-functions-codebase":"python-functions","firebase-functions-hash":"50a96821fcdc1416b785ae552001ccecab6488e5"}}
[debug] [2024-08-07T15:44:22.804Z] <<< [apiv2][status] POST https://cloudfunctions.googleapis.com/v2/projects/famous-stocks/locations/us-central1/functions 200
[debug] [2024-08-07T15:44:22.805Z] <<< [apiv2][body] POST https://cloudfunctions.googleapis.com/v2/projects/famous-stocks/locations/us-central1/functions {"name":"projects/famous-stocks/locations/us-central1/operations/operation-1723045462208-61f19c8b4ef4e-3641455e-65c84c45","metadata":{"@type":"type.googleapis.com/google.cloud.functions.v2.OperationMetadata","createTime":"2024-08-07T15:44:22.800198087Z","target":"projects/famous-stocks/locations/us-central1/functions/accountcleanup","verb":"create","cancelRequested":false,"apiVersion":"v2"},"done":false}
[debug] [2024-08-07T15:44:22.806Z] >>> [apiv2][query] GET https://cloudfunctions.googleapis.com/v2/projects/famous-stocks/locations/us-central1/operations/operation-1723045462208-61f19c8b4ef4e-3641455e-65c84c45 [none]
[debug] [2024-08-07T15:44:23.416Z] <<< [apiv2][status] PATCH https://cloudfunctions.googleapis.com/v2/projects/famous-stocks/locations/us-central1/functions/getNotifications 200
[debug] [2024-08-07T15:44:23.417Z] <<< [apiv2][body] PATCH https://cloudfunctions.googleapis.com/v2/projects/famous-stocks/locations/us-central1/functions/getNotifications {"name":"projects/famous-stocks/locations/us-central1/operations/operation-1723045462211-61f19c8b4fc2a-7ec345a2-ace2cd9a","metadata":{"@type":"type.googleapis.com/google.cloud.functions.v2.OperationMetadata","createTime":"2024-08-07T15:44:23.409158182Z","target":"projects/famous-stocks/locations/us-central1/functions/getNotifications","verb":"update","cancelRequested":false,"apiVersion":"v2"},"done":false}
[debug] [2024-08-07T15:44:23.418Z] >>> [apiv2][query] GET https://cloudfunctions.googleapis.com/v2/projects/famous-stocks/locations/us-central1/operations/operation-1723045462211-61f19c8b4fc2a-7ec345a2-ace2cd9a [none]
[debug] [2024-08-07T15:44:23.575Z] <<< [apiv2][status] GET https://cloudfunctions.googleapis.com/v2/projects/famous-stocks/locations/us-central1/operations/operation-1723045462208-61f19c8b4ef4e-3641455e-65c84c45 200
[debug] [2024-08-07T15:44:23.575Z] <<< [apiv2][body] GET https://cloudfunctions.googleapis.com/v2/projects/famous-stocks/locations/us-central1/operations/operation-1723045462208-61f19c8b4ef4e-3641455e-65c84c45 {"name":"projects/famous-stocks/locations/us-central1/operations/operation-1723045462208-61f19c8b4ef4e-3641455e-65c84c45","metadata":{"@type":"type.googleapis.com/google.cloud.functions.v2.OperationMetadata","createTime":"2024-08-07T15:44:22.800198087Z","target":"projects/famous-stocks/locations/us-central1/functions/accountcleanup","verb":"create","cancelRequested":false,"apiVersion":"v2","requestResource":{"@type":"type.googleapis.com/google.cloud.functions.v2.Function","name":"projects/famous-stocks/locations/us-central1/functions/accountcleanup","buildConfig":{"runtime":"python311","entryPoint":"accountcleanup","source":{"storageSource":{"bucket":"gcf-v2-sources-106183287113-us-central1","object":"accountcleanup/function-source.zip","generation":"1723045462563891"}},"environmentVariables":{"GOOGLE_NODE_RUN_SCRIPTS":""},"serviceAccount":"projects/famous-stocks/serviceAccounts/106183287113-compute@developer.gserviceaccount.com","automaticUpdatePolicy":{}},"serviceConfig":{"service":"projects/famous-stocks/locations/us-central1/services/accountcleanup","timeoutSeconds":60,"environmentVariables":{"FIREBASE_CONFIG":"{\"projectId\":\"famous-stocks\",\"storageBucket\":\"famous-stocks.appspot.com\",\"locationId\":\"us-central\"}","GCLOUD_PROJECT":"famous-stocks","FIRESTORE_PREFER_REST":"true","EVENTARC_CLOUD_EVENT_SOURCE":"projects/famous-stocks/locations/us-central1/services/accountcleanup","FUNCTION_TARGET":"accountcleanup","LOG_EXECUTION_ID":"true"},"ingressSettings":"ALLOW_ALL","serviceAccountEmail":"106183287113-compute@developer.gserviceaccount.com","availableMemory":"256Mi","maxInstanceRequestConcurrency":80,"availableCpu":"1"},"labels":{"deployment-tool":"cli-firebase","deployment-scheduled":"true","firebase-functions-codebase":"python-functions","firebase-functions-hash":"50a96821fcdc1416b785ae552001ccecab6488e5"},"environment":"GEN_2"},"stages":[{"name":"BUILD","state":"NOT_STARTED"},{"name":"SERVICE","state":"NOT_STARTED"}],"operationType":"CREATE_FUNCTION"},"done":false}
[debug] [2024-08-07T15:44:24.078Z] [create-python-functions-us-central1-accountcleanup] Retrying task index 0
[debug] [2024-08-07T15:44:24.079Z] >>> [apiv2][query] GET https://cloudfunctions.googleapis.com/v2/projects/famous-stocks/locations/us-central1/operations/operation-1723045462208-61f19c8b4ef4e-3641455e-65c84c45 [none]
[debug] [2024-08-07T15:44:24.287Z] <<< [apiv2][status] GET https://cloudfunctions.googleapis.com/v2/projects/famous-stocks/locations/us-central1/operations/operation-1723045462211-61f19c8b4fc2a-7ec345a2-ace2cd9a 200
[debug] [2024-08-07T15:44:24.287Z] <<< [apiv2][body] GET https://cloudfunctions.googleapis.com/v2/projects/famous-stocks/locations/us-central1/operations/operation-1723045462211-61f19c8b4fc2a-7ec345a2-ace2cd9a {"name":"projects/famous-stocks/locations/us-central1/operations/operation-1723045462211-61f19c8b4fc2a-7ec345a2-ace2cd9a","metadata":{"@type":"type.googleapis.com/google.cloud.functions.v2.OperationMetadata","createTime":"2024-08-07T15:44:23.409158182Z","target":"projects/famous-stocks/locations/us-central1/functions/getNotifications","verb":"update","cancelRequested":false,"apiVersion":"v2","requestResource":{"@type":"type.googleapis.com/google.cloud.functions.v2.Function","name":"projects/famous-stocks/locations/us-central1/functions/getNotifications","buildConfig":{"runtime":"nodejs18","entryPoint":"getNotifications","source":{"storageSource":{"bucket":"gcf-v2-sources-106183287113-us-central1","object":"getNotifications/function-source.zip","generation":"1723045463328921"}},"environmentVariables":{"GOOGLE_NODE_RUN_SCRIPTS":""},"dockerRepository":"projects/famous-stocks/locations/us-central1/repositories/gcf-artifacts","sourceProvenance":{"resolvedStorageSource":{"bucket":"gcf-v2-sources-106183287113-us-central1","object":"getNotifications/function-source.zip","generation":"1722789508650151"}},"dockerRegistry":"ARTIFACT_REGISTRY","serviceAccount":"projects/famous-stocks/serviceAccounts/106183287113-compute@developer.gserviceaccount.com","automaticUpdatePolicy":{}},"serviceConfig":{"service":"projects/famous-stocks/locations/us-central1/services/getnotifications","timeoutSeconds":60,"environmentVariables":{"FIREBASE_CONFIG":"{\"projectId\":\"famous-stocks\",\"storageBucket\":\"famous-stocks.appspot.com\",\"locationId\":\"us-central\"}","GCLOUD_PROJECT":"famous-stocks","FIRESTORE_PREFER_REST":"true","EVENTARC_CLOUD_EVENT_SOURCE":"projects/famous-stocks/locations/us-central1/services/getNotifications","FUNCTION_TARGET":"getNotifications","LOG_EXECUTION_ID":"true","FUNCTION_SIGNATURE_TYPE":"http"},"ingressSettings":"ALLOW_ALL","uri":"https://getnotifications-kjcs74itya-uc.a.run.app","serviceAccountEmail":"106183287113-compute@developer.gserviceaccount.com","availableMemory":"256Mi","allTrafficOnLatestRevision":true,"revision":"getnotifications-00002-hak","maxInstanceRequestConcurrency":80,"availableCpu":"1"},"state":"ACTIVE","labels":{"deployment-tool":"cli-firebase","deployment-callable":"true","firebase-functions-hash":"1b84d3a8d6bb2af7b71e3422cda7ca39f0ec36f5"},"environment":"GEN_2","url":"https://us-central1-famous-stocks.cloudfunctions.net/getNotifications"},"stages":[{"name":"BUILD","message":"Creating build","state":"IN_PROGRESS","resource":"projects/106183287113/locations/us-central1/builds/746f419f-5fac-4749-89f3-f69ad58c8d4f","resourceUri":"https://console.cloud.google.com/cloud-build/builds;region=us-central1/746f419f-5fac-4749-89f3-f69ad58c8d4f?project=106183287113"},{"name":"SERVICE","state":"NOT_STARTED"}],"operationType":"UPDATE_FUNCTION","buildName":"projects/106183287113/locations/us-central1/builds/746f419f-5fac-4749-89f3-f69ad58c8d4f"},"done":false}
[debug] [2024-08-07T15:44:24.789Z] [update-default-us-central1-getNotifications] Retrying task index 0
[debug] [2024-08-07T15:44:24.802Z] >>> [apiv2][query] GET https://cloudfunctions.googleapis.com/v2/projects/famous-stocks/locations/us-central1/operations/operation-1723045462211-61f19c8b4fc2a-7ec345a2-ace2cd9a [none]
[debug] [2024-08-07T15:44:24.842Z] <<< [apiv2][status] GET https://cloudfunctions.googleapis.com/v2/projects/famous-stocks/locations/us-central1/operations/operation-1723045462208-61f19c8b4ef4e-3641455e-65c84c45 200
[debug] [2024-08-07T15:44:24.843Z] <<< [apiv2][body] GET https://cloudfunctions.googleapis.com/v2/projects/famous-stocks/locations/us-central1/operations/operation-1723045462208-61f19c8b4ef4e-3641455e-65c84c45 {"name":"projects/famous-stocks/locations/us-central1/operations/operation-1723045462208-61f19c8b4ef4e-3641455e-65c84c45","metadata":{"@type":"type.googleapis.com/google.cloud.functions.v2.OperationMetadata","createTime":"2024-08-07T15:44:22.800198087Z","target":"projects/famous-stocks/locations/us-central1/functions/accountcleanup","verb":"create","cancelRequested":false,"apiVersion":"v2","requestResource":{"@type":"type.googleapis.com/google.cloud.functions.v2.Function","name":"projects/famous-stocks/locations/us-central1/functions/accountcleanup","buildConfig":{"runtime":"python311","entryPoint":"accountcleanup","source":{"storageSource":{"bucket":"gcf-v2-sources-106183287113-us-central1","object":"accountcleanup/function-source.zip","generation":"1723045462563891"}},"environmentVariables":{"GOOGLE_NODE_RUN_SCRIPTS":""},"serviceAccount":"projects/famous-stocks/serviceAccounts/106183287113-compute@developer.gserviceaccount.com","automaticUpdatePolicy":{}},"serviceConfig":{"service":"projects/famous-stocks/locations/us-central1/services/accountcleanup","timeoutSeconds":60,"environmentVariables":{"FIREBASE_CONFIG":"{\"projectId\":\"famous-stocks\",\"storageBucket\":\"famous-stocks.appspot.com\",\"locationId\":\"us-central\"}","GCLOUD_PROJECT":"famous-stocks","FIRESTORE_PREFER_REST":"true","EVENTARC_CLOUD_EVENT_SOURCE":"projects/famous-stocks/locations/us-central1/services/accountcleanup","FUNCTION_TARGET":"accountcleanup","LOG_EXECUTION_ID":"true"},"ingressSettings":"ALLOW_ALL","serviceAccountEmail":"106183287113-compute@developer.gserviceaccount.com","availableMemory":"256Mi","maxInstanceRequestConcurrency":80,"availableCpu":"1"},"labels":{"deployment-tool":"cli-firebase","deployment-scheduled":"true","firebase-functions-codebase":"python-functions","firebase-functions-hash":"50a96821fcdc1416b785ae552001ccecab6488e5"},"environment":"GEN_2"},"stages":[{"name":"BUILD","message":"Build in progress","state":"IN_PROGRESS","resource":"projects/106183287113/locations/us-central1/builds/870502e2-3b00-40f4-9c19-c7a8e84b1c8c","resourceUri":"https://console.cloud.google.com/cloud-build/builds;region=us-central1/870502e2-3b00-40f4-9c19-c7a8e84b1c8c?project=106183287113"},{"name":"SERVICE","state":"NOT_STARTED"}],"operationType":"CREATE_FUNCTION","buildName":"projects/106183287113/locations/us-central1/builds/870502e2-3b00-40f4-9c19-c7a8e84b1c8c"},"done":false}
[debug] [2024-08-07T15:44:25.560Z] <<< [apiv2][status] GET https://cloudfunctions.googleapis.com/v2/projects/famous-stocks/locations/us-central1/operations/operation-1723045462211-61f19c8b4fc2a-7ec345a2-ace2cd9a 200
[debug] [2024-08-07T15:44:25.561Z] <<< [apiv2][body] GET https://cloudfunctions.googleapis.com/v2/projects/famous-stocks/locations/us-central1/operations/operation-1723045462211-61f19c8b4fc2a-7ec345a2-ace2cd9a {"name":"projects/famous-stocks/locations/us-central1/operations/operation-1723045462211-61f19c8b4fc2a-7ec345a2-ace2cd9a","metadata":{"@type":"type.googleapis.com/google.cloud.functions.v2.OperationMetadata","createTime":"2024-08-07T15:44:23.409158182Z","target":"projects/famous-stocks/locations/us-central1/functions/getNotifications","verb":"update","cancelRequested":false,"apiVersion":"v2","requestResource":{"@type":"type.googleapis.com/google.cloud.functions.v2.Function","name":"projects/famous-stocks/locations/us-central1/functions/getNotifications","buildConfig":{"runtime":"nodejs18","entryPoint":"getNotifications","source":{"storageSource":{"bucket":"gcf-v2-sources-106183287113-us-central1","object":"getNotifications/function-source.zip","generation":"1723045463328921"}},"environmentVariables":{"GOOGLE_NODE_RUN_SCRIPTS":""},"dockerRepository":"projects/famous-stocks/locations/us-central1/repositories/gcf-artifacts","sourceProvenance":{"resolvedStorageSource":{"bucket":"gcf-v2-sources-106183287113-us-central1","object":"getNotifications/function-source.zip","generation":"1722789508650151"}},"dockerRegistry":"ARTIFACT_REGISTRY","serviceAccount":"projects/famous-stocks/serviceAccounts/106183287113-compute@developer.gserviceaccount.com","automaticUpdatePolicy":{}},"serviceConfig":{"service":"projects/famous-stocks/locations/us-central1/services/getnotifications","timeoutSeconds":60,"environmentVariables":{"FIREBASE_CONFIG":"{\"projectId\":\"famous-stocks\",\"storageBucket\":\"famous-stocks.appspot.com\",\"locationId\":\"us-central\"}","GCLOUD_PROJECT":"famous-stocks","FIRESTORE_PREFER_REST":"true","EVENTARC_CLOUD_EVENT_SOURCE":"projects/famous-stocks/locations/us-central1/services/getNotifications","FUNCTION_TARGET":"getNotifications","LOG_EXECUTION_ID":"true","FUNCTION_SIGNATURE_TYPE":"http"},"ingressSettings":"ALLOW_ALL","uri":"https://getnotifications-kjcs74itya-uc.a.run.app","serviceAccountEmail":"106183287113-compute@developer.gserviceaccount.com","availableMemory":"256Mi","allTrafficOnLatestRevision":true,"revision":"getnotifications-00002-hak","maxInstanceRequestConcurrency":80,"availableCpu":"1"},"state":"ACTIVE","labels":{"deployment-tool":"cli-firebase","deployment-callable":"true","firebase-functions-hash":"1b84d3a8d6bb2af7b71e3422cda7ca39f0ec36f5"},"environment":"GEN_2","url":"https://us-central1-famous-stocks.cloudfunctions.net/getNotifications"},"stages":[{"name":"BUILD","message":"Build in progress","state":"IN_PROGRESS","resource":"projects/106183287113/locations/us-central1/builds/746f419f-5fac-4749-89f3-f69ad58c8d4f","resourceUri":"https://console.cloud.google.com/cloud-build/builds;region=us-central1/746f419f-5fac-4749-89f3-f69ad58c8d4f?project=106183287113"},{"name":"SERVICE","state":"NOT_STARTED"}],"operationType":"UPDATE_FUNCTION","buildName":"projects/106183287113/locations/us-central1/builds/746f419f-5fac-4749-89f3-f69ad58c8d4f"},"done":false}
[debug] [2024-08-07T15:44:25.844Z] [create-python-functions-us-central1-accountcleanup] Retrying task index 0
[debug] [2024-08-07T15:44:25.846Z] >>> [apiv2][query] GET https://cloudfunctions.googleapis.com/v2/projects/famous-stocks/locations/us-central1/operations/operation-1723045462208-61f19c8b4ef4e-3641455e-65c84c45 [none]
[debug] [2024-08-07T15:44:26.562Z] [update-default-us-central1-getNotifications] Retrying task index 0
[debug] [2024-08-07T15:44:26.563Z] >>> [apiv2][query] GET https://cloudfunctions.googleapis.com/v2/projects/famous-stocks/locations/us-central1/operations/operation-1723045462211-61f19c8b4fc2a-7ec345a2-ace2cd9a [none]
[debug] [2024-08-07T15:44:26.713Z] <<< [apiv2][status] GET https://cloudfunctions.googleapis.com/v2/projects/famous-stocks/locations/us-central1/operations/operation-1723045462208-61f19c8b4ef4e-3641455e-65c84c45 200
[debug] [2024-08-07T15:44:26.713Z] <<< [apiv2][body] GET https://cloudfunctions.googleapis.com/v2/projects/famous-stocks/locations/us-central1/operations/operation-1723045462208-61f19c8b4ef4e-3641455e-65c84c45 {"name":"projects/famous-stocks/locations/us-central1/operations/operation-1723045462208-61f19c8b4ef4e-3641455e-65c84c45","metadata":{"@type":"type.googleapis.com/google.cloud.functions.v2.OperationMetadata","createTime":"2024-08-07T15:44:22.800198087Z","target":"projects/famous-stocks/locations/us-central1/functions/accountcleanup","verb":"create","cancelRequested":false,"apiVersion":"v2","requestResource":{"@type":"type.googleapis.com/google.cloud.functions.v2.Function","name":"projects/famous-stocks/locations/us-central1/functions/accountcleanup","buildConfig":{"runtime":"python311","entryPoint":"accountcleanup","source":{"storageSource":{"bucket":"gcf-v2-sources-106183287113-us-central1","object":"accountcleanup/function-source.zip","generation":"1723045462563891"}},"environmentVariables":{"GOOGLE_NODE_RUN_SCRIPTS":""},"serviceAccount":"projects/famous-stocks/serviceAccounts/106183287113-compute@developer.gserviceaccount.com","automaticUpdatePolicy":{}},"serviceConfig":{"service":"projects/famous-stocks/locations/us-central1/services/accountcleanup","timeoutSeconds":60,"environmentVariables":{"FIREBASE_CONFIG":"{\"projectId\":\"famous-stocks\",\"storageBucket\":\"famous-stocks.appspot.com\",\"locationId\":\"us-central\"}","GCLOUD_PROJECT":"famous-stocks","FIRESTORE_PREFER_REST":"true","EVENTARC_CLOUD_EVENT_SOURCE":"projects/famous-stocks/locations/us-central1/services/accountcleanup","FUNCTION_TARGET":"accountcleanup","LOG_EXECUTION_ID":"true"},"ingressSettings":"ALLOW_ALL","serviceAccountEmail":"106183287113-compute@developer.gserviceaccount.com","availableMemory":"256Mi","maxInstanceRequestConcurrency":80,"availableCpu":"1"},"labels":{"deployment-tool":"cli-firebase","deployment-scheduled":"true","firebase-functions-codebase":"python-functions","firebase-functions-hash":"50a96821fcdc1416b785ae552001ccecab6488e5"},"environment":"GEN_2"},"stages":[{"name":"BUILD","message":"Build in progress","state":"IN_PROGRESS","resource":"projects/106183287113/locations/us-central1/builds/870502e2-3b00-40f4-9c19-c7a8e84b1c8c","resourceUri":"https://console.cloud.google.com/cloud-build/builds;region=us-central1/870502e2-3b00-40f4-9c19-c7a8e84b1c8c?project=106183287113"},{"name":"SERVICE","state":"NOT_STARTED"}],"operationType":"CREATE_FUNCTION","buildName":"projects/106183287113/locations/us-central1/builds/870502e2-3b00-40f4-9c19-c7a8e84b1c8c"},"done":false}
[debug] [2024-08-07T15:44:27.406Z] <<< [apiv2][status] GET https://cloudfunctions.googleapis.com/v2/projects/famous-stocks/locations/us-central1/operations/operation-1723045462211-61f19c8b4fc2a-7ec345a2-ace2cd9a 200
[debug] [2024-08-07T15:44:27.406Z] <<< [apiv2][body] GET https://cloudfunctions.googleapis.com/v2/projects/famous-stocks/locations/us-central1/operations/operation-1723045462211-61f19c8b4fc2a-7ec345a2-ace2cd9a {"name":"projects/famous-stocks/locations/us-central1/operations/operation-1723045462211-61f19c8b4fc2a-7ec345a2-ace2cd9a","metadata":{"@type":"type.googleapis.com/google.cloud.functions.v2.OperationMetadata","createTime":"2024-08-07T15:44:23.409158182Z","target":"projects/famous-stocks/locations/us-central1/functions/getNotifications","verb":"update","cancelRequested":false,"apiVersion":"v2","requestResource":{"@type":"type.googleapis.com/google.cloud.functions.v2.Function","name":"projects/famous-stocks/locations/us-central1/functions/getNotifications","buildConfig":{"runtime":"nodejs18","entryPoint":"getNotifications","source":{"storageSource":{"bucket":"gcf-v2-sources-106183287113-us-central1","object":"getNotifications/function-source.zip","generation":"1723045463328921"}},"environmentVariables":{"GOOGLE_NODE_RUN_SCRIPTS":""},"dockerRepository":"projects/famous-stocks/locations/us-central1/repositories/gcf-artifacts","sourceProvenance":{"resolvedStorageSource":{"bucket":"gcf-v2-sources-106183287113-us-central1","object":"getNotifications/function-source.zip","generation":"1722789508650151"}},"dockerRegistry":"ARTIFACT_REGISTRY","serviceAccount":"projects/famous-stocks/serviceAccounts/106183287113-compute@developer.gserviceaccount.com","automaticUpdatePolicy":{}},"serviceConfig":{"service":"projects/famous-stocks/locations/us-central1/services/getnotifications","timeoutSeconds":60,"environmentVariables":{"FIREBASE_CONFIG":"{\"projectId\":\"famous-stocks\",\"storageBucket\":\"famous-stocks.appspot.com\",\"locationId\":\"us-central\"}","GCLOUD_PROJECT":"famous-stocks","FIRESTORE_PREFER_REST":"true","EVENTARC_CLOUD_EVENT_SOURCE":"projects/famous-stocks/locations/us-central1/services/getNotifications","FUNCTION_TARGET":"getNotifications","LOG_EXECUTION_ID":"true","FUNCTION_SIGNATURE_TYPE":"http"},"ingressSettings":"ALLOW_ALL","uri":"https://getnotifications-kjcs74itya-uc.a.run.app","serviceAccountEmail":"106183287113-compute@developer.gserviceaccount.com","availableMemory":"256Mi","allTrafficOnLatestRevision":true,"revision":"getnotifications-00002-hak","maxInstanceRequestConcurrency":80,"availableCpu":"1"},"state":"ACTIVE","labels":{"deployment-tool":"cli-firebase","deployment-callable":"true","firebase-functions-hash":"1b84d3a8d6bb2af7b71e3422cda7ca39f0ec36f5"},"environment":"GEN_2","url":"https://us-central1-famous-stocks.cloudfunctions.net/getNotifications"},"stages":[{"name":"BUILD","message":"Build in progress","state":"IN_PROGRESS","resource":"projects/106183287113/locations/us-central1/builds/746f419f-5fac-4749-89f3-f69ad58c8d4f","resourceUri":"https://console.cloud.google.com/cloud-build/builds;region=us-central1/746f419f-5fac-4749-89f3-f69ad58c8d4f?project=106183287113"},{"name":"SERVICE","state":"NOT_STARTED"}],"operationType":"UPDATE_FUNCTION","buildName":"projects/106183287113/locations/us-central1/builds/746f419f-5fac-4749-89f3-f69ad58c8d4f"},"done":false}
[debug] [2024-08-07T15:44:28.714Z] [create-python-functions-us-central1-accountcleanup] Retrying task index 0
[debug] [2024-08-07T15:44:28.716Z] >>> [apiv2][query] GET https://cloudfunctions.googleapis.com/v2/projects/famous-stocks/locations/us-central1/operations/operation-1723045462208-61f19c8b4ef4e-3641455e-65c84c45 [none]
[debug] [2024-08-07T15:44:28.963Z] <<< [apiv2][status] GET https://cloudfunctions.googleapis.com/v2/projects/famous-stocks/locations/us-central1/operations/operation-1723045462208-61f19c8b4ef4e-3641455e-65c84c45 200
[debug] [2024-08-07T15:44:28.963Z] <<< [apiv2][body] GET https://cloudfunctions.googleapis.com/v2/projects/famous-stocks/locations/us-central1/operations/operation-1723045462208-61f19c8b4ef4e-3641455e-65c84c45 {"name":"projects/famous-stocks/locations/us-central1/operations/operation-1723045462208-61f19c8b4ef4e-3641455e-65c84c45","metadata":{"@type":"type.googleapis.com/google.cloud.functions.v2.OperationMetadata","createTime":"2024-08-07T15:44:22.800198087Z","target":"projects/famous-stocks/locations/us-central1/functions/accountcleanup","verb":"create","cancelRequested":false,"apiVersion":"v2","requestResource":{"@type":"type.googleapis.com/google.cloud.functions.v2.Function","name":"projects/famous-stocks/locations/us-central1/functions/accountcleanup","buildConfig":{"runtime":"python311","entryPoint":"accountcleanup","source":{"storageSource":{"bucket":"gcf-v2-sources-106183287113-us-central1","object":"accountcleanup/function-source.zip","generation":"1723045462563891"}},"environmentVariables":{"GOOGLE_NODE_RUN_SCRIPTS":""},"serviceAccount":"projects/famous-stocks/serviceAccounts/106183287113-compute@developer.gserviceaccount.com","automaticUpdatePolicy":{}},"serviceConfig":{"service":"projects/famous-stocks/locations/us-central1/services/accountcleanup","timeoutSeconds":60,"environmentVariables":{"FIREBASE_CONFIG":"{\"projectId\":\"famous-stocks\",\"storageBucket\":\"famous-stocks.appspot.com\",\"locationId\":\"us-central\"}","GCLOUD_PROJECT":"famous-stocks","FIRESTORE_PREFER_REST":"true","EVENTARC_CLOUD_EVENT_SOURCE":"projects/famous-stocks/locations/us-central1/services/accountcleanup","FUNCTION_TARGET":"accountcleanup","LOG_EXECUTION_ID":"true"},"ingressSettings":"ALLOW_ALL","serviceAccountEmail":"106183287113-compute@developer.gserviceaccount.com","availableMemory":"256Mi","maxInstanceRequestConcurrency":80,"availableCpu":"1"},"labels":{"deployment-tool":"cli-firebase","deployment-scheduled":"true","firebase-functions-codebase":"python-functions","firebase-functions-hash":"50a96821fcdc1416b785ae552001ccecab6488e5"},"environment":"GEN_2"},"stages":[{"name":"BUILD","message":"Build in progress","state":"IN_PROGRESS","resource":"projects/106183287113/locations/us-central1/builds/870502e2-3b00-40f4-9c19-c7a8e84b1c8c","resourceUri":"https://console.cloud.google.com/cloud-build/builds;region=us-central1/870502e2-3b00-40f4-9c19-c7a8e84b1c8c?project=106183287113"},{"name":"SERVICE","state":"NOT_STARTED"}],"operationType":"CREATE_FUNCTION","buildName":"projects/106183287113/locations/us-central1/builds/870502e2-3b00-40f4-9c19-c7a8e84b1c8c"},"done":false}
[debug] [2024-08-07T15:44:29.408Z] [update-default-us-central1-getNotifications] Retrying task index 0
[debug] [2024-08-07T15:44:29.409Z] >>> [apiv2][query] GET https://cloudfunctions.googleapis.com/v2/projects/famous-stocks/locations/us-central1/operations/operation-1723045462211-61f19c8b4fc2a-7ec345a2-ace2cd9a [none]
[debug] [2024-08-07T15:44:30.162Z] <<< [apiv2][status] GET https://cloudfunctions.googleapis.com/v2/projects/famous-stocks/locations/us-central1/operations/operation-1723045462211-61f19c8b4fc2a-7ec345a2-ace2cd9a 200
[debug] [2024-08-07T15:44:30.163Z] <<< [apiv2][body] GET https://cloudfunctions.googleapis.com/v2/projects/famous-stocks/locations/us-central1/operations/operation-1723045462211-61f19c8b4fc2a-7ec345a2-ace2cd9a {"name":"projects/famous-stocks/locations/us-central1/operations/operation-1723045462211-61f19c8b4fc2a-7ec345a2-ace2cd9a","metadata":{"@type":"type.googleapis.com/google.cloud.functions.v2.OperationMetadata","createTime":"2024-08-07T15:44:23.409158182Z","target":"projects/famous-stocks/locations/us-central1/functions/getNotifications","verb":"update","cancelRequested":false,"apiVersion":"v2","requestResource":{"@type":"type.googleapis.com/google.cloud.functions.v2.Function","name":"projects/famous-stocks/locations/us-central1/functions/getNotifications","buildConfig":{"runtime":"nodejs18","entryPoint":"getNotifications","source":{"storageSource":{"bucket":"gcf-v2-sources-106183287113-us-central1","object":"getNotifications/function-source.zip","generation":"1723045463328921"}},"environmentVariables":{"GOOGLE_NODE_RUN_SCRIPTS":""},"dockerRepository":"projects/famous-stocks/locations/us-central1/repositories/gcf-artifacts","sourceProvenance":{"resolvedStorageSource":{"bucket":"gcf-v2-sources-106183287113-us-central1","object":"getNotifications/function-source.zip","generation":"1722789508650151"}},"dockerRegistry":"ARTIFACT_REGISTRY","serviceAccount":"projects/famous-stocks/serviceAccounts/106183287113-compute@developer.gserviceaccount.com","automaticUpdatePolicy":{}},"serviceConfig":{"service":"projects/famous-stocks/locations/us-central1/services/getnotifications","timeoutSeconds":60,"environmentVariables":{"FIREBASE_CONFIG":"{\"projectId\":\"famous-stocks\",\"storageBucket\":\"famous-stocks.appspot.com\",\"locationId\":\"us-central\"}","GCLOUD_PROJECT":"famous-stocks","FIRESTORE_PREFER_REST":"true","EVENTARC_CLOUD_EVENT_SOURCE":"projects/famous-stocks/locations/us-central1/services/getNotifications","FUNCTION_TARGET":"getNotifications","LOG_EXECUTION_ID":"true","FUNCTION_SIGNATURE_TYPE":"http"},"ingressSettings":"ALLOW_ALL","uri":"https://getnotifications-kjcs74itya-uc.a.run.app","serviceAccountEmail":"106183287113-compute@developer.gserviceaccount.com","availableMemory":"256Mi","allTrafficOnLatestRevision":true,"revision":"getnotifications-00002-hak","maxInstanceRequestConcurrency":80,"availableCpu":"1"},"state":"ACTIVE","labels":{"deployment-tool":"cli-firebase","deployment-callable":"true","firebase-functions-hash":"1b84d3a8d6bb2af7b71e3422cda7ca39f0ec36f5"},"environment":"GEN_2","url":"https://us-central1-famous-stocks.cloudfunctions.net/getNotifications"},"stages":[{"name":"BUILD","message":"Build in progress","state":"IN_PROGRESS","resource":"projects/106183287113/locations/us-central1/builds/746f419f-5fac-4749-89f3-f69ad58c8d4f","resourceUri":"https://console.cloud.google.com/cloud-build/builds;region=us-central1/746f419f-5fac-4749-89f3-f69ad58c8d4f?project=106183287113"},{"name":"SERVICE","state":"NOT_STARTED"}],"operationType":"UPDATE_FUNCTION","buildName":"projects/106183287113/locations/us-central1/builds/746f419f-5fac-4749-89f3-f69ad58c8d4f"},"done":false}
[debug] [2024-08-07T15:44:32.965Z] [create-python-functions-us-central1-accountcleanup] Retrying task index 0
[debug] [2024-08-07T15:44:32.965Z] >>> [apiv2][query] GET https://cloudfunctions.googleapis.com/v2/projects/famous-stocks/locations/us-central1/operations/operation-1723045462208-61f19c8b4ef4e-3641455e-65c84c45 [none]
[debug] [2024-08-07T15:44:33.837Z] <<< [apiv2][status] GET https://cloudfunctions.googleapis.com/v2/projects/famous-stocks/locations/us-central1/operations/operation-1723045462208-61f19c8b4ef4e-3641455e-65c84c45 200
[debug] [2024-08-07T15:44:33.837Z] <<< [apiv2][body] GET https://cloudfunctions.googleapis.com/v2/projects/famous-stocks/locations/us-central1/operations/operation-1723045462208-61f19c8b4ef4e-3641455e-65c84c45 {"name":"projects/famous-stocks/locations/us-central1/operations/operation-1723045462208-61f19c8b4ef4e-3641455e-65c84c45","metadata":{"@type":"type.googleapis.com/google.cloud.functions.v2.OperationMetadata","createTime":"2024-08-07T15:44:22.800198087Z","target":"projects/famous-stocks/locations/us-central1/functions/accountcleanup","verb":"create","cancelRequested":false,"apiVersion":"v2","requestResource":{"@type":"type.googleapis.com/google.cloud.functions.v2.Function","name":"projects/famous-stocks/locations/us-central1/functions/accountcleanup","buildConfig":{"runtime":"python311","entryPoint":"accountcleanup","source":{"storageSource":{"bucket":"gcf-v2-sources-106183287113-us-central1","object":"accountcleanup/function-source.zip","generation":"1723045462563891"}},"environmentVariables":{"GOOGLE_NODE_RUN_SCRIPTS":""},"serviceAccount":"projects/famous-stocks/serviceAccounts/106183287113-compute@developer.gserviceaccount.com","automaticUpdatePolicy":{}},"serviceConfig":{"service":"projects/famous-stocks/locations/us-central1/services/accountcleanup","timeoutSeconds":60,"environmentVariables":{"FIREBASE_CONFIG":"{\"projectId\":\"famous-stocks\",\"storageBucket\":\"famous-stocks.appspot.com\",\"locationId\":\"us-central\"}","GCLOUD_PROJECT":"famous-stocks","FIRESTORE_PREFER_REST":"true","EVENTARC_CLOUD_EVENT_SOURCE":"projects/famous-stocks/locations/us-central1/services/accountcleanup","FUNCTION_TARGET":"accountcleanup","LOG_EXECUTION_ID":"true"},"ingressSettings":"ALLOW_ALL","serviceAccountEmail":"106183287113-compute@developer.gserviceaccount.com","availableMemory":"256Mi","maxInstanceRequestConcurrency":80,"availableCpu":"1"},"labels":{"deployment-tool":"cli-firebase","deployment-scheduled":"true","firebase-functions-codebase":"python-functions","firebase-functions-hash":"50a96821fcdc1416b785ae552001ccecab6488e5"},"environment":"GEN_2"},"stages":[{"name":"BUILD","message":"Build in progress","state":"IN_PROGRESS","resource":"projects/106183287113/locations/us-central1/builds/870502e2-3b00-40f4-9c19-c7a8e84b1c8c","resourceUri":"https://console.cloud.google.com/cloud-build/builds;region=us-central1/870502e2-3b00-40f4-9c19-c7a8e84b1c8c?project=106183287113"},{"name":"SERVICE","state":"NOT_STARTED"}],"operationType":"CREATE_FUNCTION","buildName":"projects/106183287113/locations/us-central1/builds/870502e2-3b00-40f4-9c19-c7a8e84b1c8c"},"done":false}
[debug] [2024-08-07T15:44:34.164Z] [update-default-us-central1-getNotifications] Retrying task index 0
[debug] [2024-08-07T15:44:34.165Z] >>> [apiv2][query] GET https://cloudfunctions.googleapis.com/v2/projects/famous-stocks/locations/us-central1/operations/operation-1723045462211-61f19c8b4fc2a-7ec345a2-ace2cd9a [none]
[debug] [2024-08-07T15:44:34.964Z] <<< [apiv2][status] GET https://cloudfunctions.googleapis.com/v2/projects/famous-stocks/locations/us-central1/operations/operation-1723045462211-61f19c8b4fc2a-7ec345a2-ace2cd9a 200
[debug] [2024-08-07T15:44:34.964Z] <<< [apiv2][body] GET https://cloudfunctions.googleapis.com/v2/projects/famous-stocks/locations/us-central1/operations/operation-1723045462211-61f19c8b4fc2a-7ec345a2-ace2cd9a {"name":"projects/famous-stocks/locations/us-central1/operations/operation-1723045462211-61f19c8b4fc2a-7ec345a2-ace2cd9a","metadata":{"@type":"type.googleapis.com/google.cloud.functions.v2.OperationMetadata","createTime":"2024-08-07T15:44:23.409158182Z","target":"projects/famous-stocks/locations/us-central1/functions/getNotifications","verb":"update","cancelRequested":false,"apiVersion":"v2","requestResource":{"@type":"type.googleapis.com/google.cloud.functions.v2.Function","name":"projects/famous-stocks/locations/us-central1/functions/getNotifications","buildConfig":{"runtime":"nodejs18","entryPoint":"getNotifications","source":{"storageSource":{"bucket":"gcf-v2-sources-106183287113-us-central1","object":"getNotifications/function-source.zip","generation":"1723045463328921"}},"environmentVariables":{"GOOGLE_NODE_RUN_SCRIPTS":""},"dockerRepository":"projects/famous-stocks/locations/us-central1/repositories/gcf-artifacts","sourceProvenance":{"resolvedStorageSource":{"bucket":"gcf-v2-sources-106183287113-us-central1","object":"getNotifications/function-source.zip","generation":"1722789508650151"}},"dockerRegistry":"ARTIFACT_REGISTRY","serviceAccount":"projects/famous-stocks/serviceAccounts/106183287113-compute@developer.gserviceaccount.com","automaticUpdatePolicy":{}},"serviceConfig":{"service":"projects/famous-stocks/locations/us-central1/services/getnotifications","timeoutSeconds":60,"environmentVariables":{"FIREBASE_CONFIG":"{\"projectId\":\"famous-stocks\",\"storageBucket\":\"famous-stocks.appspot.com\",\"locationId\":\"us-central\"}","GCLOUD_PROJECT":"famous-stocks","FIRESTORE_PREFER_REST":"true","EVENTARC_CLOUD_EVENT_SOURCE":"projects/famous-stocks/locations/us-central1/services/getNotifications","FUNCTION_TARGET":"getNotifications","LOG_EXECUTION_ID":"true","FUNCTION_SIGNATURE_TYPE":"http"},"ingressSettings":"ALLOW_ALL","uri":"https://getnotifications-kjcs74itya-uc.a.run.app","serviceAccountEmail":"106183287113-compute@developer.gserviceaccount.com","availableMemory":"256Mi","allTrafficOnLatestRevision":true,"revision":"getnotifications-00002-hak","maxInstanceRequestConcurrency":80,"availableCpu":"1"},"state":"ACTIVE","labels":{"deployment-tool":"cli-firebase","deployment-callable":"true","firebase-functions-hash":"1b84d3a8d6bb2af7b71e3422cda7ca39f0ec36f5"},"environment":"GEN_2","url":"https://us-central1-famous-stocks.cloudfunctions.net/getNotifications"},"stages":[{"name":"BUILD","message":"Build in progress","state":"IN_PROGRESS","resource":"projects/106183287113/locations/us-central1/builds/746f419f-5fac-4749-89f3-f69ad58c8d4f","resourceUri":"https://console.cloud.google.com/cloud-build/builds;region=us-central1/746f419f-5fac-4749-89f3-f69ad58c8d4f?project=106183287113"},{"name":"SERVICE","state":"NOT_STARTED"}],"operationType":"UPDATE_FUNCTION","buildName":"projects/106183287113/locations/us-central1/builds/746f419f-5fac-4749-89f3-f69ad58c8d4f"},"done":false}
[debug] [2024-08-07T15:44:41.838Z] [create-python-functions-us-central1-accountcleanup] Retrying task index 0
[debug] [2024-08-07T15:44:41.840Z] >>> [apiv2][query] GET https://cloudfunctions.googleapis.com/v2/projects/famous-stocks/locations/us-central1/operations/operation-1723045462208-61f19c8b4ef4e-3641455e-65c84c45 [none]
[debug] [2024-08-07T15:44:42.702Z] <<< [apiv2][status] GET https://cloudfunctions.googleapis.com/v2/projects/famous-stocks/locations/us-central1/operations/operation-1723045462208-61f19c8b4ef4e-3641455e-65c84c45 200
[debug] [2024-08-07T15:44:42.703Z] <<< [apiv2][body] GET https://cloudfunctions.googleapis.com/v2/projects/famous-stocks/locations/us-central1/operations/operation-1723045462208-61f19c8b4ef4e-3641455e-65c84c45 {"name":"projects/famous-stocks/locations/us-central1/operations/operation-1723045462208-61f19c8b4ef4e-3641455e-65c84c45","metadata":{"@type":"type.googleapis.com/google.cloud.functions.v2.OperationMetadata","createTime":"2024-08-07T15:44:22.800198087Z","target":"projects/famous-stocks/locations/us-central1/functions/accountcleanup","verb":"create","cancelRequested":false,"apiVersion":"v2","requestResource":{"@type":"type.googleapis.com/google.cloud.functions.v2.Function","name":"projects/famous-stocks/locations/us-central1/functions/accountcleanup","buildConfig":{"runtime":"python311","entryPoint":"accountcleanup","source":{"storageSource":{"bucket":"gcf-v2-sources-106183287113-us-central1","object":"accountcleanup/function-source.zip","generation":"1723045462563891"}},"environmentVariables":{"GOOGLE_NODE_RUN_SCRIPTS":""},"serviceAccount":"projects/famous-stocks/serviceAccounts/106183287113-compute@developer.gserviceaccount.com","automaticUpdatePolicy":{}},"serviceConfig":{"service":"projects/famous-stocks/locations/us-central1/services/accountcleanup","timeoutSeconds":60,"environmentVariables":{"FIREBASE_CONFIG":"{\"projectId\":\"famous-stocks\",\"storageBucket\":\"famous-stocks.appspot.com\",\"locationId\":\"us-central\"}","GCLOUD_PROJECT":"famous-stocks","FIRESTORE_PREFER_REST":"true","EVENTARC_CLOUD_EVENT_SOURCE":"projects/famous-stocks/locations/us-central1/services/accountcleanup","FUNCTION_TARGET":"accountcleanup","LOG_EXECUTION_ID":"true"},"ingressSettings":"ALLOW_ALL","serviceAccountEmail":"106183287113-compute@developer.gserviceaccount.com","availableMemory":"256Mi","maxInstanceRequestConcurrency":80,"availableCpu":"1"},"labels":{"deployment-tool":"cli-firebase","deployment-scheduled":"true","firebase-functions-codebase":"python-functions","firebase-functions-hash":"50a96821fcdc1416b785ae552001ccecab6488e5"},"environment":"GEN_2"},"stages":[{"name":"BUILD","message":"Build in progress","state":"IN_PROGRESS","resource":"projects/106183287113/locations/us-central1/builds/870502e2-3b00-40f4-9c19-c7a8e84b1c8c","resourceUri":"https://console.cloud.google.com/cloud-build/builds;region=us-central1/870502e2-3b00-40f4-9c19-c7a8e84b1c8c?project=106183287113"},{"name":"SERVICE","state":"NOT_STARTED"}],"operationType":"CREATE_FUNCTION","buildName":"projects/106183287113/locations/us-central1/builds/870502e2-3b00-40f4-9c19-c7a8e84b1c8c"},"done":false}
[debug] [2024-08-07T15:44:42.966Z] [update-default-us-central1-getNotifications] Retrying task index 0
[debug] [2024-08-07T15:44:42.967Z] >>> [apiv2][query] GET https://cloudfunctions.googleapis.com/v2/projects/famous-stocks/locations/us-central1/operations/operation-1723045462211-61f19c8b4fc2a-7ec345a2-ace2cd9a [none]
[debug] [2024-08-07T15:44:43.784Z] <<< [apiv2][status] GET https://cloudfunctions.googleapis.com/v2/projects/famous-stocks/locations/us-central1/operations/operation-1723045462211-61f19c8b4fc2a-7ec345a2-ace2cd9a 200
[debug] [2024-08-07T15:44:43.784Z] <<< [apiv2][body] GET https://cloudfunctions.googleapis.com/v2/projects/famous-stocks/locations/us-central1/operations/operation-1723045462211-61f19c8b4fc2a-7ec345a2-ace2cd9a {"name":"projects/famous-stocks/locations/us-central1/operations/operation-1723045462211-61f19c8b4fc2a-7ec345a2-ace2cd9a","metadata":{"@type":"type.googleapis.com/google.cloud.functions.v2.OperationMetadata","createTime":"2024-08-07T15:44:23.409158182Z","target":"projects/famous-stocks/locations/us-central1/functions/getNotifications","verb":"update","cancelRequested":false,"apiVersion":"v2","requestResource":{"@type":"type.googleapis.com/google.cloud.functions.v2.Function","name":"projects/famous-stocks/locations/us-central1/functions/getNotifications","buildConfig":{"runtime":"nodejs18","entryPoint":"getNotifications","source":{"storageSource":{"bucket":"gcf-v2-sources-106183287113-us-central1","object":"getNotifications/function-source.zip","generation":"1723045463328921"}},"environmentVariables":{"GOOGLE_NODE_RUN_SCRIPTS":""},"dockerRepository":"projects/famous-stocks/locations/us-central1/repositories/gcf-artifacts","sourceProvenance":{"resolvedStorageSource":{"bucket":"gcf-v2-sources-106183287113-us-central1","object":"getNotifications/function-source.zip","generation":"1722789508650151"}},"dockerRegistry":"ARTIFACT_REGISTRY","serviceAccount":"projects/famous-stocks/serviceAccounts/106183287113-compute@developer.gserviceaccount.com","automaticUpdatePolicy":{}},"serviceConfig":{"service":"projects/famous-stocks/locations/us-central1/services/getnotifications","timeoutSeconds":60,"environmentVariables":{"FIREBASE_CONFIG":"{\"projectId\":\"famous-stocks\",\"storageBucket\":\"famous-stocks.appspot.com\",\"locationId\":\"us-central\"}","GCLOUD_PROJECT":"famous-stocks","FIRESTORE_PREFER_REST":"true","EVENTARC_CLOUD_EVENT_SOURCE":"projects/famous-stocks/locations/us-central1/services/getNotifications","FUNCTION_TARGET":"getNotifications","LOG_EXECUTION_ID":"true","FUNCTION_SIGNATURE_TYPE":"http"},"ingressSettings":"ALLOW_ALL","uri":"https://getnotifications-kjcs74itya-uc.a.run.app","serviceAccountEmail":"106183287113-compute@developer.gserviceaccount.com","availableMemory":"256Mi","allTrafficOnLatestRevision":true,"revision":"getnotifications-00002-hak","maxInstanceRequestConcurrency":80,"availableCpu":"1"},"state":"ACTIVE","labels":{"deployment-tool":"cli-firebase","deployment-callable":"true","firebase-functions-hash":"1b84d3a8d6bb2af7b71e3422cda7ca39f0ec36f5"},"environment":"GEN_2","url":"https://us-central1-famous-stocks.cloudfunctions.net/getNotifications"},"stages":[{"name":"BUILD","message":"Build in progress","state":"IN_PROGRESS","resource":"projects/106183287113/locations/us-central1/builds/746f419f-5fac-4749-89f3-f69ad58c8d4f","resourceUri":"https://console.cloud.google.com/cloud-build/builds;region=us-central1/746f419f-5fac-4749-89f3-f69ad58c8d4f?project=106183287113"},{"name":"SERVICE","state":"NOT_STARTED"}],"operationType":"UPDATE_FUNCTION","buildName":"projects/106183287113/locations/us-central1/builds/746f419f-5fac-4749-89f3-f69ad58c8d4f"},"done":false}
[debug] [2024-08-07T15:44:52.704Z] [create-python-functions-us-central1-accountcleanup] Retrying task index 0
[debug] [2024-08-07T15:44:52.706Z] >>> [apiv2][query] GET https://cloudfunctions.googleapis.com/v2/projects/famous-stocks/locations/us-central1/operations/operation-1723045462208-61f19c8b4ef4e-3641455e-65c84c45 [none]
[debug] [2024-08-07T15:44:53.716Z] <<< [apiv2][status] GET https://cloudfunctions.googleapis.com/v2/projects/famous-stocks/locations/us-central1/operations/operation-1723045462208-61f19c8b4ef4e-3641455e-65c84c45 200
[debug] [2024-08-07T15:44:53.716Z] <<< [apiv2][body] GET https://cloudfunctions.googleapis.com/v2/projects/famous-stocks/locations/us-central1/operations/operation-1723045462208-61f19c8b4ef4e-3641455e-65c84c45 {"name":"projects/famous-stocks/locations/us-central1/operations/operation-1723045462208-61f19c8b4ef4e-3641455e-65c84c45","metadata":{"@type":"type.googleapis.com/google.cloud.functions.v2.OperationMetadata","createTime":"2024-08-07T15:44:22.800198087Z","target":"projects/famous-stocks/locations/us-central1/functions/accountcleanup","verb":"create","cancelRequested":false,"apiVersion":"v2","requestResource":{"@type":"type.googleapis.com/google.cloud.functions.v2.Function","name":"projects/famous-stocks/locations/us-central1/functions/accountcleanup","buildConfig":{"runtime":"python311","entryPoint":"accountcleanup","source":{"storageSource":{"bucket":"gcf-v2-sources-106183287113-us-central1","object":"accountcleanup/function-source.zip","generation":"1723045462563891"}},"environmentVariables":{"GOOGLE_NODE_RUN_SCRIPTS":""},"serviceAccount":"projects/famous-stocks/serviceAccounts/106183287113-compute@developer.gserviceaccount.com","automaticUpdatePolicy":{}},"serviceConfig":{"service":"projects/famous-stocks/locations/us-central1/services/accountcleanup","timeoutSeconds":60,"environmentVariables":{"FIREBASE_CONFIG":"{\"projectId\":\"famous-stocks\",\"storageBucket\":\"famous-stocks.appspot.com\",\"locationId\":\"us-central\"}","GCLOUD_PROJECT":"famous-stocks","FIRESTORE_PREFER_REST":"true","EVENTARC_CLOUD_EVENT_SOURCE":"projects/famous-stocks/locations/us-central1/services/accountcleanup","FUNCTION_TARGET":"accountcleanup","LOG_EXECUTION_ID":"true"},"ingressSettings":"ALLOW_ALL","serviceAccountEmail":"106183287113-compute@developer.gserviceaccount.com","availableMemory":"256Mi","maxInstanceRequestConcurrency":80,"availableCpu":"1"},"labels":{"deployment-tool":"cli-firebase","deployment-scheduled":"true","firebase-functions-codebase":"python-functions","firebase-functions-hash":"50a96821fcdc1416b785ae552001ccecab6488e5"},"environment":"GEN_2"},"stages":[{"name":"BUILD","message":"Build in progress","state":"IN_PROGRESS","resource":"projects/106183287113/locations/us-central1/builds/870502e2-3b00-40f4-9c19-c7a8e84b1c8c","resourceUri":"https://console.cloud.google.com/cloud-build/builds;region=us-central1/870502e2-3b00-40f4-9c19-c7a8e84b1c8c?project=106183287113"},{"name":"SERVICE","state":"NOT_STARTED"}],"operationType":"CREATE_FUNCTION","buildName":"projects/106183287113/locations/us-central1/builds/870502e2-3b00-40f4-9c19-c7a8e84b1c8c"},"done":false}
[debug] [2024-08-07T15:44:53.785Z] [update-default-us-central1-getNotifications] Retrying task index 0
[debug] [2024-08-07T15:44:53.789Z] >>> [apiv2][query] GET https://cloudfunctions.googleapis.com/v2/projects/famous-stocks/locations/us-central1/operations/operation-1723045462211-61f19c8b4fc2a-7ec345a2-ace2cd9a [none]
[debug] [2024-08-07T15:44:54.028Z] <<< [apiv2][status] GET https://cloudfunctions.googleapis.com/v2/projects/famous-stocks/locations/us-central1/operations/operation-1723045462211-61f19c8b4fc2a-7ec345a2-ace2cd9a 200
[debug] [2024-08-07T15:44:54.029Z] <<< [apiv2][body] GET https://cloudfunctions.googleapis.com/v2/projects/famous-stocks/locations/us-central1/operations/operation-1723045462211-61f19c8b4fc2a-7ec345a2-ace2cd9a {"name":"projects/famous-stocks/locations/us-central1/operations/operation-1723045462211-61f19c8b4fc2a-7ec345a2-ace2cd9a","metadata":{"@type":"type.googleapis.com/google.cloud.functions.v2.OperationMetadata","createTime":"2024-08-07T15:44:23.409158182Z","target":"projects/famous-stocks/locations/us-central1/functions/getNotifications","verb":"update","cancelRequested":false,"apiVersion":"v2","requestResource":{"@type":"type.googleapis.com/google.cloud.functions.v2.Function","name":"projects/famous-stocks/locations/us-central1/functions/getNotifications","buildConfig":{"runtime":"nodejs18","entryPoint":"getNotifications","source":{"storageSource":{"bucket":"gcf-v2-sources-106183287113-us-central1","object":"getNotifications/function-source.zip","generation":"1723045463328921"}},"environmentVariables":{"GOOGLE_NODE_RUN_SCRIPTS":""},"dockerRepository":"projects/famous-stocks/locations/us-central1/repositories/gcf-artifacts","sourceProvenance":{"resolvedStorageSource":{"bucket":"gcf-v2-sources-106183287113-us-central1","object":"getNotifications/function-source.zip","generation":"1722789508650151"}},"dockerRegistry":"ARTIFACT_REGISTRY","serviceAccount":"projects/famous-stocks/serviceAccounts/106183287113-compute@developer.gserviceaccount.com","automaticUpdatePolicy":{}},"serviceConfig":{"service":"projects/famous-stocks/locations/us-central1/services/getnotifications","timeoutSeconds":60,"environmentVariables":{"FIREBASE_CONFIG":"{\"projectId\":\"famous-stocks\",\"storageBucket\":\"famous-stocks.appspot.com\",\"locationId\":\"us-central\"}","GCLOUD_PROJECT":"famous-stocks","FIRESTORE_PREFER_REST":"true","EVENTARC_CLOUD_EVENT_SOURCE":"projects/famous-stocks/locations/us-central1/services/getNotifications","FUNCTION_TARGET":"getNotifications","LOG_EXECUTION_ID":"true","FUNCTION_SIGNATURE_TYPE":"http"},"ingressSettings":"ALLOW_ALL","uri":"https://getnotifications-kjcs74itya-uc.a.run.app","serviceAccountEmail":"106183287113-compute@developer.gserviceaccount.com","availableMemory":"256Mi","allTrafficOnLatestRevision":true,"revision":"getnotifications-00002-hak","maxInstanceRequestConcurrency":80,"availableCpu":"1"},"state":"ACTIVE","labels":{"deployment-tool":"cli-firebase","deployment-callable":"true","firebase-functions-hash":"1b84d3a8d6bb2af7b71e3422cda7ca39f0ec36f5"},"environment":"GEN_2","url":"https://us-central1-famous-stocks.cloudfunctions.net/getNotifications"},"stages":[{"name":"BUILD","message":"Build in progress","state":"IN_PROGRESS","resource":"projects/106183287113/locations/us-central1/builds/746f419f-5fac-4749-89f3-f69ad58c8d4f","resourceUri":"https://console.cloud.google.com/cloud-build/builds;region=us-central1/746f419f-5fac-4749-89f3-f69ad58c8d4f?project=106183287113"},{"name":"SERVICE","state":"NOT_STARTED"}],"operationType":"UPDATE_FUNCTION","buildName":"projects/106183287113/locations/us-central1/builds/746f419f-5fac-4749-89f3-f69ad58c8d4f"},"done":false}
[debug] [2024-08-07T15:45:03.718Z] [create-python-functions-us-central1-accountcleanup] Retrying task index 0
[debug] [2024-08-07T15:45:03.719Z] >>> [apiv2][query] GET https://cloudfunctions.googleapis.com/v2/projects/famous-stocks/locations/us-central1/operations/operation-1723045462208-61f19c8b4ef4e-3641455e-65c84c45 [none]
[debug] [2024-08-07T15:45:04.033Z] [update-default-us-central1-getNotifications] Retrying task index 0
[debug] [2024-08-07T15:45:04.034Z] >>> [apiv2][query] GET https://cloudfunctions.googleapis.com/v2/projects/famous-stocks/locations/us-central1/operations/operation-1723045462211-61f19c8b4fc2a-7ec345a2-ace2cd9a [none]
[debug] [2024-08-07T15:45:04.368Z] <<< [apiv2][status] GET https://cloudfunctions.googleapis.com/v2/projects/famous-stocks/locations/us-central1/operations/operation-1723045462211-61f19c8b4fc2a-7ec345a2-ace2cd9a 200
[debug] [2024-08-07T15:45:04.368Z] <<< [apiv2][body] GET https://cloudfunctions.googleapis.com/v2/projects/famous-stocks/locations/us-central1/operations/operation-1723045462211-61f19c8b4fc2a-7ec345a2-ace2cd9a {"name":"projects/famous-stocks/locations/us-central1/operations/operation-1723045462211-61f19c8b4fc2a-7ec345a2-ace2cd9a","metadata":{"@type":"type.googleapis.com/google.cloud.functions.v2.OperationMetadata","createTime":"2024-08-07T15:44:23.409158182Z","target":"projects/famous-stocks/locations/us-central1/functions/getNotifications","verb":"update","cancelRequested":false,"apiVersion":"v2","requestResource":{"@type":"type.googleapis.com/google.cloud.functions.v2.Function","name":"projects/famous-stocks/locations/us-central1/functions/getNotifications","buildConfig":{"runtime":"nodejs18","entryPoint":"getNotifications","source":{"storageSource":{"bucket":"gcf-v2-sources-106183287113-us-central1","object":"getNotifications/function-source.zip","generation":"1723045463328921"}},"environmentVariables":{"GOOGLE_NODE_RUN_SCRIPTS":""},"dockerRepository":"projects/famous-stocks/locations/us-central1/repositories/gcf-artifacts","sourceProvenance":{"resolvedStorageSource":{"bucket":"gcf-v2-sources-106183287113-us-central1","object":"getNotifications/function-source.zip","generation":"1722789508650151"}},"dockerRegistry":"ARTIFACT_REGISTRY","serviceAccount":"projects/famous-stocks/serviceAccounts/106183287113-compute@developer.gserviceaccount.com","automaticUpdatePolicy":{}},"serviceConfig":{"service":"projects/famous-stocks/locations/us-central1/services/getnotifications","timeoutSeconds":60,"environmentVariables":{"FIREBASE_CONFIG":"{\"projectId\":\"famous-stocks\",\"storageBucket\":\"famous-stocks.appspot.com\",\"locationId\":\"us-central\"}","GCLOUD_PROJECT":"famous-stocks","FIRESTORE_PREFER_REST":"true","EVENTARC_CLOUD_EVENT_SOURCE":"projects/famous-stocks/locations/us-central1/services/getNotifications","FUNCTION_TARGET":"getNotifications","LOG_EXECUTION_ID":"true","FUNCTION_SIGNATURE_TYPE":"http"},"ingressSettings":"ALLOW_ALL","uri":"https://getnotifications-kjcs74itya-uc.a.run.app","serviceAccountEmail":"106183287113-compute@developer.gserviceaccount.com","availableMemory":"256Mi","allTrafficOnLatestRevision":true,"revision":"getnotifications-00002-hak","maxInstanceRequestConcurrency":80,"availableCpu":"1"},"state":"ACTIVE","labels":{"deployment-tool":"cli-firebase","deployment-callable":"true","firebase-functions-hash":"1b84d3a8d6bb2af7b71e3422cda7ca39f0ec36f5"},"environment":"GEN_2","url":"https://us-central1-famous-stocks.cloudfunctions.net/getNotifications"},"stages":[{"name":"BUILD","message":"Build in progress","state":"IN_PROGRESS","resource":"projects/106183287113/locations/us-central1/builds/746f419f-5fac-4749-89f3-f69ad58c8d4f","resourceUri":"https://console.cloud.google.com/cloud-build/builds;region=us-central1/746f419f-5fac-4749-89f3-f69ad58c8d4f?project=106183287113"},{"name":"SERVICE","state":"NOT_STARTED"}],"operationType":"UPDATE_FUNCTION","buildName":"projects/106183287113/locations/us-central1/builds/746f419f-5fac-4749-89f3-f69ad58c8d4f"},"done":false}
[debug] [2024-08-07T15:45:04.577Z] <<< [apiv2][status] GET https://cloudfunctions.googleapis.com/v2/projects/famous-stocks/locations/us-central1/operations/operation-1723045462208-61f19c8b4ef4e-3641455e-65c84c45 200
[debug] [2024-08-07T15:45:04.577Z] <<< [apiv2][body] GET https://cloudfunctions.googleapis.com/v2/projects/famous-stocks/locations/us-central1/operations/operation-1723045462208-61f19c8b4ef4e-3641455e-65c84c45 {"name":"projects/famous-stocks/locations/us-central1/operations/operation-1723045462208-61f19c8b4ef4e-3641455e-65c84c45","metadata":{"@type":"type.googleapis.com/google.cloud.functions.v2.OperationMetadata","createTime":"2024-08-07T15:44:22.800198087Z","endTime":"2024-08-07T15:44:55.675735094Z","target":"projects/famous-stocks/locations/us-central1/functions/accountcleanup","verb":"create","cancelRequested":false,"apiVersion":"v2","requestResource":{"@type":"type.googleapis.com/google.cloud.functions.v2.Function","name":"projects/famous-stocks/locations/us-central1/functions/accountcleanup","buildConfig":{"runtime":"python311","entryPoint":"accountcleanup","source":{"storageSource":{"bucket":"gcf-v2-sources-106183287113-us-central1","object":"accountcleanup/function-source.zip","generation":"1723045462563891"}},"environmentVariables":{"GOOGLE_NODE_RUN_SCRIPTS":""},"serviceAccount":"projects/famous-stocks/serviceAccounts/106183287113-compute@developer.gserviceaccount.com","automaticUpdatePolicy":{}},"serviceConfig":{"service":"projects/famous-stocks/locations/us-central1/services/accountcleanup","timeoutSeconds":60,"environmentVariables":{"FIREBASE_CONFIG":"{\"projectId\":\"famous-stocks\",\"storageBucket\":\"famous-stocks.appspot.com\",\"locationId\":\"us-central\"}","GCLOUD_PROJECT":"famous-stocks","FIRESTORE_PREFER_REST":"true","EVENTARC_CLOUD_EVENT_SOURCE":"projects/famous-stocks/locations/us-central1/services/accountcleanup","FUNCTION_TARGET":"accountcleanup","LOG_EXECUTION_ID":"true"},"ingressSettings":"ALLOW_ALL","serviceAccountEmail":"106183287113-compute@developer.gserviceaccount.com","availableMemory":"256Mi","maxInstanceRequestConcurrency":80,"availableCpu":"1"},"labels":{"deployment-tool":"cli-firebase","deployment-scheduled":"true","firebase-functions-codebase":"python-functions","firebase-functions-hash":"50a96821fcdc1416b785ae552001ccecab6488e5"},"environment":"GEN_2"},"stages":[{"name":"ARTIFACT_REGISTRY","message":"Deleting function artifacts in Artifact Registry","state":"COMPLETE"},{"name":"SERVICE","message":"Deleting Cloud Run service","state":"COMPLETE","resource":"projects/famous-stocks/locations/us-central1/services/accountcleanup"}],"operationType":"CREATE_FUNCTION"},"done":true,"error":{"code":13,"message":"Build failed with status: FAILURE and message: copying file \"/layers/google.python.runtime/python/lib/python3.11/lib2to3/tests/__pycache__/test_fixers.cpython-311.opt-1.pyc\": stream error: stream ID 9; INTERNAL_ERROR; received from peer. For more details see the logs at https://console.cloud.google.com/cloud-build/builds;region=us-central1/870502e2-3b00-40f4-9c19-c7a8e84b1c8c?project=106183287113."}}
[debug] [2024-08-07T15:45:04.577Z] Got source token undefined for region us-central1
[debug] [2024-08-07T15:45:04.578Z] >>> [apiv2][query] POST https://cloudfunctions.googleapis.com/v2/projects/famous-stocks/locations/us-central1/functions functionId=on_request_example
[debug] [2024-08-07T15:45:04.578Z] >>> [apiv2][body] POST https://cloudfunctions.googleapis.com/v2/projects/famous-stocks/locations/us-central1/functions {"name":"projects/famous-stocks/locations/us-central1/functions/on_request_example","buildConfig":{"runtime":"python311","entryPoint":"on_request_example","source":{"storageSource":{"bucket":"gcf-v2-uploads-106183287113-us-central1","object":"62861735-fdfd-4132-a715-c7ea79583c2a.zip"}},"environmentVariables":{"GOOGLE_NODE_RUN_SCRIPTS":""}},"serviceConfig":{"environmentVariables":{"FIREBASE_CONFIG":"{\"projectId\":\"famous-stocks\",\"storageBucket\":\"famous-stocks.appspot.com\",\"locationId\":\"us-central\"}","GCLOUD_PROJECT":"famous-stocks","FIRESTORE_PREFER_REST":"true","EVENTARC_CLOUD_EVENT_SOURCE":"projects/famous-stocks/locations/us-central1/services/on_request_example","FUNCTION_TARGET":"on_request_example"},"secretEnvironmentVariables":[],"ingressSettings":null,"timeoutSeconds":null,"serviceAccountEmail":null,"availableMemory":"256Mi","minInstanceCount":null,"maxInstanceCount":null,"maxInstanceRequestConcurrency":80,"availableCpu":"1"},"labels":{"deployment-tool":"cli-firebase","firebase-functions-codebase":"python-functions","firebase-functions-hash":"50a96821fcdc1416b785ae552001ccecab6488e5"}}
[error] Build failed with status: FAILURE and message: copying file "/layers/google.python.runtime/python/lib/python3.11/lib2to3/tests/__pycache__/test_fixers.cpython-311.opt-1.pyc": stream error: stream ID 9; INTERNAL_ERROR; received from peer. For more details see the logs at https://console.cloud.google.com/cloud-build/builds;region=us-central1/870502e2-3b00-40f4-9c19-c7a8e84b1c8c?project=106183287113.
[debug] [2024-08-07T15:45:06.108Z] <<< [apiv2][status] POST https://cloudfunctions.googleapis.com/v2/projects/famous-stocks/locations/us-central1/functions 200
[debug] [2024-08-07T15:45:06.108Z] <<< [apiv2][body] POST https://cloudfunctions.googleapis.com/v2/projects/famous-stocks/locations/us-central1/functions {"name":"projects/famous-stocks/locations/us-central1/operations/operation-1723045505359-61f19cb475e3e-1cc8015f-e3b6e23e","metadata":{"@type":"type.googleapis.com/google.cloud.functions.v2.OperationMetadata","createTime":"2024-08-07T15:45:05.982360662Z","target":"projects/famous-stocks/locations/us-central1/functions/on_request_example","verb":"create","cancelRequested":false,"apiVersion":"v2"},"done":false}
[debug] [2024-08-07T15:45:06.109Z] >>> [apiv2][query] GET https://cloudfunctions.googleapis.com/v2/projects/famous-stocks/locations/us-central1/operations/operation-1723045505359-61f19cb475e3e-1cc8015f-e3b6e23e [none]
[debug] [2024-08-07T15:45:06.839Z] <<< [apiv2][status] GET https://cloudfunctions.googleapis.com/v2/projects/famous-stocks/locations/us-central1/operations/operation-1723045505359-61f19cb475e3e-1cc8015f-e3b6e23e 200
[debug] [2024-08-07T15:45:06.839Z] <<< [apiv2][body] GET https://cloudfunctions.googleapis.com/v2/projects/famous-stocks/locations/us-central1/operations/operation-1723045505359-61f19cb475e3e-1cc8015f-e3b6e23e {"name":"projects/famous-stocks/locations/us-central1/operations/operation-1723045505359-61f19cb475e3e-1cc8015f-e3b6e23e","metadata":{"@type":"type.googleapis.com/google.cloud.functions.v2.OperationMetadata","createTime":"2024-08-07T15:45:05.982360662Z","target":"projects/famous-stocks/locations/us-central1/functions/on_request_example","verb":"create","cancelRequested":false,"apiVersion":"v2","requestResource":{"@type":"type.googleapis.com/google.cloud.functions.v2.Function","name":"projects/famous-stocks/locations/us-central1/functions/on_request_example","buildConfig":{"runtime":"python311","entryPoint":"on_request_example","source":{"storageSource":{"bucket":"gcf-v2-sources-106183287113-us-central1","object":"on_request_example/function-source.zip","generation":"1723045505688424"}},"environmentVariables":{"GOOGLE_NODE_RUN_SCRIPTS":""},"serviceAccount":"projects/famous-stocks/serviceAccounts/106183287113-compute@developer.gserviceaccount.com","automaticUpdatePolicy":{}},"serviceConfig":{"service":"projects/famous-stocks/locations/us-central1/services/on-request-example","timeoutSeconds":60,"environmentVariables":{"FIREBASE_CONFIG":"{\"projectId\":\"famous-stocks\",\"storageBucket\":\"famous-stocks.appspot.com\",\"locationId\":\"us-central\"}","GCLOUD_PROJECT":"famous-stocks","FIRESTORE_PREFER_REST":"true","EVENTARC_CLOUD_EVENT_SOURCE":"projects/famous-stocks/locations/us-central1/services/on_request_example","FUNCTION_TARGET":"on_request_example","LOG_EXECUTION_ID":"true"},"ingressSettings":"ALLOW_ALL","serviceAccountEmail":"106183287113-compute@developer.gserviceaccount.com","availableMemory":"256Mi","maxInstanceRequestConcurrency":80,"availableCpu":"1"},"labels":{"deployment-tool":"cli-firebase","firebase-functions-codebase":"python-functions","firebase-functions-hash":"50a96821fcdc1416b785ae552001ccecab6488e5"},"environment":"GEN_2"},"stages":[{"name":"BUILD","message":"Build in progress","state":"IN_PROGRESS","resource":"projects/106183287113/locations/us-central1/builds/b815364e-35a3-49c1-92b4-4f8ba331114b","resourceUri":"https://console.cloud.google.com/cloud-build/builds;region=us-central1/b815364e-35a3-49c1-92b4-4f8ba331114b?project=106183287113"},{"name":"SERVICE","state":"NOT_STARTED"}],"operationType":"CREATE_FUNCTION","buildName":"projects/106183287113/locations/us-central1/builds/b815364e-35a3-49c1-92b4-4f8ba331114b"},"done":false}
[debug] [2024-08-07T15:45:07.341Z] [create-python-functions-us-central1-on_request_example] Retrying task index 0
[debug] [2024-08-07T15:45:07.343Z] >>> [apiv2][query] GET https://cloudfunctions.googleapis.com/v2/projects/famous-stocks/locations/us-central1/operations/operation-1723045505359-61f19cb475e3e-1cc8015f-e3b6e23e [none]
[debug] [2024-08-07T15:45:08.081Z] <<< [apiv2][status] GET https://cloudfunctions.googleapis.com/v2/projects/famous-stocks/locations/us-central1/operations/operation-1723045505359-61f19cb475e3e-1cc8015f-e3b6e23e 200
[debug] [2024-08-07T15:45:08.081Z] <<< [apiv2][body] GET https://cloudfunctions.googleapis.com/v2/projects/famous-stocks/locations/us-central1/operations/operation-1723045505359-61f19cb475e3e-1cc8015f-e3b6e23e {"name":"projects/famous-stocks/locations/us-central1/operations/operation-1723045505359-61f19cb475e3e-1cc8015f-e3b6e23e","metadata":{"@type":"type.googleapis.com/google.cloud.functions.v2.OperationMetadata","createTime":"2024-08-07T15:45:05.982360662Z","target":"projects/famous-stocks/locations/us-central1/functions/on_request_example","verb":"create","cancelRequested":false,"apiVersion":"v2","requestResource":{"@type":"type.googleapis.com/google.cloud.functions.v2.Function","name":"projects/famous-stocks/locations/us-central1/functions/on_request_example","buildConfig":{"runtime":"python311","entryPoint":"on_request_example","source":{"storageSource":{"bucket":"gcf-v2-sources-106183287113-us-central1","object":"on_request_example/function-source.zip","generation":"1723045505688424"}},"environmentVariables":{"GOOGLE_NODE_RUN_SCRIPTS":""},"serviceAccount":"projects/famous-stocks/serviceAccounts/106183287113-compute@developer.gserviceaccount.com","automaticUpdatePolicy":{}},"serviceConfig":{"service":"projects/famous-stocks/locations/us-central1/services/on-request-example","timeoutSeconds":60,"environmentVariables":{"FIREBASE_CONFIG":"{\"projectId\":\"famous-stocks\",\"storageBucket\":\"famous-stocks.appspot.com\",\"locationId\":\"us-central\"}","GCLOUD_PROJECT":"famous-stocks","FIRESTORE_PREFER_REST":"true","EVENTARC_CLOUD_EVENT_SOURCE":"projects/famous-stocks/locations/us-central1/services/on_request_example","FUNCTION_TARGET":"on_request_example","LOG_EXECUTION_ID":"true"},"ingressSettings":"ALLOW_ALL","serviceAccountEmail":"106183287113-compute@developer.gserviceaccount.com","availableMemory":"256Mi","maxInstanceRequestConcurrency":80,"availableCpu":"1"},"labels":{"deployment-tool":"cli-firebase","firebase-functions-codebase":"python-functions","firebase-functions-hash":"50a96821fcdc1416b785ae552001ccecab6488e5"},"environment":"GEN_2"},"stages":[{"name":"BUILD","message":"Build in progress","state":"IN_PROGRESS","resource":"projects/106183287113/locations/us-central1/builds/b815364e-35a3-49c1-92b4-4f8ba331114b","resourceUri":"https://console.cloud.google.com/cloud-build/builds;region=us-central1/b815364e-35a3-49c1-92b4-4f8ba331114b?project=106183287113"},{"name":"SERVICE","state":"NOT_STARTED"}],"operationType":"CREATE_FUNCTION","buildName":"projects/106183287113/locations/us-central1/builds/b815364e-35a3-49c1-92b4-4f8ba331114b"},"done":false}
[debug] [2024-08-07T15:45:09.083Z] [create-python-functions-us-central1-on_request_example] Retrying task index 0
[debug] [2024-08-07T15:45:09.084Z] >>> [apiv2][query] GET https://cloudfunctions.googleapis.com/v2/projects/famous-stocks/locations/us-central1/operations/operation-1723045505359-61f19cb475e3e-1cc8015f-e3b6e23e [none]
[debug] [2024-08-07T15:45:09.816Z] <<< [apiv2][status] GET https://cloudfunctions.googleapis.com/v2/projects/famous-stocks/locations/us-central1/operations/operation-1723045505359-61f19cb475e3e-1cc8015f-e3b6e23e 200
[debug] [2024-08-07T15:45:09.817Z] <<< [apiv2][body] GET https://cloudfunctions.googleapis.com/v2/projects/famous-stocks/locations/us-central1/operations/operation-1723045505359-61f19cb475e3e-1cc8015f-e3b6e23e {"name":"projects/famous-stocks/locations/us-central1/operations/operation-1723045505359-61f19cb475e3e-1cc8015f-e3b6e23e","metadata":{"@type":"type.googleapis.com/google.cloud.functions.v2.OperationMetadata","createTime":"2024-08-07T15:45:05.982360662Z","target":"projects/famous-stocks/locations/us-central1/functions/on_request_example","verb":"create","cancelRequested":false,"apiVersion":"v2","requestResource":{"@type":"type.googleapis.com/google.cloud.functions.v2.Function","name":"projects/famous-stocks/locations/us-central1/functions/on_request_example","buildConfig":{"runtime":"python311","entryPoint":"on_request_example","source":{"storageSource":{"bucket":"gcf-v2-sources-106183287113-us-central1","object":"on_request_example/function-source.zip","generation":"1723045505688424"}},"environmentVariables":{"GOOGLE_NODE_RUN_SCRIPTS":""},"serviceAccount":"projects/famous-stocks/serviceAccounts/106183287113-compute@developer.gserviceaccount.com","automaticUpdatePolicy":{}},"serviceConfig":{"service":"projects/famous-stocks/locations/us-central1/services/on-request-example","timeoutSeconds":60,"environmentVariables":{"FIREBASE_CONFIG":"{\"projectId\":\"famous-stocks\",\"storageBucket\":\"famous-stocks.appspot.com\",\"locationId\":\"us-central\"}","GCLOUD_PROJECT":"famous-stocks","FIRESTORE_PREFER_REST":"true","EVENTARC_CLOUD_EVENT_SOURCE":"projects/famous-stocks/locations/us-central1/services/on_request_example","FUNCTION_TARGET":"on_request_example","LOG_EXECUTION_ID":"true"},"ingressSettings":"ALLOW_ALL","serviceAccountEmail":"106183287113-compute@developer.gserviceaccount.com","availableMemory":"256Mi","maxInstanceRequestConcurrency":80,"availableCpu":"1"},"labels":{"deployment-tool":"cli-firebase","firebase-functions-codebase":"python-functions","firebase-functions-hash":"50a96821fcdc1416b785ae552001ccecab6488e5"},"environment":"GEN_2"},"stages":[{"name":"BUILD","message":"Build in progress","state":"IN_PROGRESS","resource":"projects/106183287113/locations/us-central1/builds/b815364e-35a3-49c1-92b4-4f8ba331114b","resourceUri":"https://console.cloud.google.com/cloud-build/builds;region=us-central1/b815364e-35a3-49c1-92b4-4f8ba331114b?project=106183287113"},{"name":"SERVICE","state":"NOT_STARTED"}],"operationType":"CREATE_FUNCTION","buildName":"projects/106183287113/locations/us-central1/builds/b815364e-35a3-49c1-92b4-4f8ba331114b"},"done":false}
[debug] [2024-08-07T15:45:11.818Z] [create-python-functions-us-central1-on_request_example] Retrying task index 0
[debug] [2024-08-07T15:45:11.820Z] >>> [apiv2][query] GET https://cloudfunctions.googleapis.com/v2/projects/famous-stocks/locations/us-central1/operations/operation-1723045505359-61f19cb475e3e-1cc8015f-e3b6e23e [none]
[debug] [2024-08-07T15:45:12.552Z] <<< [apiv2][status] GET https://cloudfunctions.googleapis.com/v2/projects/famous-stocks/locations/us-central1/operations/operation-1723045505359-61f19cb475e3e-1cc8015f-e3b6e23e 200
[debug] [2024-08-07T15:45:12.553Z] <<< [apiv2][body] GET https://cloudfunctions.googleapis.com/v2/projects/famous-stocks/locations/us-central1/operations/operation-1723045505359-61f19cb475e3e-1cc8015f-e3b6e23e {"name":"projects/famous-stocks/locations/us-central1/operations/operation-1723045505359-61f19cb475e3e-1cc8015f-e3b6e23e","metadata":{"@type":"type.googleapis.com/google.cloud.functions.v2.OperationMetadata","createTime":"2024-08-07T15:45:05.982360662Z","target":"projects/famous-stocks/locations/us-central1/functions/on_request_example","verb":"create","cancelRequested":false,"apiVersion":"v2","requestResource":{"@type":"type.googleapis.com/google.cloud.functions.v2.Function","name":"projects/famous-stocks/locations/us-central1/functions/on_request_example","buildConfig":{"runtime":"python311","entryPoint":"on_request_example","source":{"storageSource":{"bucket":"gcf-v2-sources-106183287113-us-central1","object":"on_request_example/function-source.zip","generation":"1723045505688424"}},"environmentVariables":{"GOOGLE_NODE_RUN_SCRIPTS":""},"serviceAccount":"projects/famous-stocks/serviceAccounts/106183287113-compute@developer.gserviceaccount.com","automaticUpdatePolicy":{}},"serviceConfig":{"service":"projects/famous-stocks/locations/us-central1/services/on-request-example","timeoutSeconds":60,"environmentVariables":{"FIREBASE_CONFIG":"{\"projectId\":\"famous-stocks\",\"storageBucket\":\"famous-stocks.appspot.com\",\"locationId\":\"us-central\"}","GCLOUD_PROJECT":"famous-stocks","FIRESTORE_PREFER_REST":"true","EVENTARC_CLOUD_EVENT_SOURCE":"projects/famous-stocks/locations/us-central1/services/on_request_example","FUNCTION_TARGET":"on_request_example","LOG_EXECUTION_ID":"true"},"ingressSettings":"ALLOW_ALL","serviceAccountEmail":"106183287113-compute@developer.gserviceaccount.com","availableMemory":"256Mi","maxInstanceRequestConcurrency":80,"availableCpu":"1"},"labels":{"deployment-tool":"cli-firebase","firebase-functions-codebase":"python-functions","firebase-functions-hash":"50a96821fcdc1416b785ae552001ccecab6488e5"},"environment":"GEN_2"},"stages":[{"name":"BUILD","message":"Build in progress","state":"IN_PROGRESS","resource":"projects/106183287113/locations/us-central1/builds/b815364e-35a3-49c1-92b4-4f8ba331114b","resourceUri":"https://console.cloud.google.com/cloud-build/builds;region=us-central1/b815364e-35a3-49c1-92b4-4f8ba331114b?project=106183287113"},{"name":"SERVICE","state":"NOT_STARTED"}],"operationType":"CREATE_FUNCTION","buildName":"projects/106183287113/locations/us-central1/builds/b815364e-35a3-49c1-92b4-4f8ba331114b"},"done":false}
[debug] [2024-08-07T15:45:14.369Z] [update-default-us-central1-getNotifications] Retrying task index 0
[debug] [2024-08-07T15:45:14.370Z] >>> [apiv2][query] GET https://cloudfunctions.googleapis.com/v2/projects/famous-stocks/locations/us-central1/operations/operation-1723045462211-61f19c8b4fc2a-7ec345a2-ace2cd9a [none]
[debug] [2024-08-07T15:45:15.213Z] <<< [apiv2][status] GET https://cloudfunctions.googleapis.com/v2/projects/famous-stocks/locations/us-central1/operations/operation-1723045462211-61f19c8b4fc2a-7ec345a2-ace2cd9a 200
[debug] [2024-08-07T15:45:15.214Z] <<< [apiv2][body] GET https://cloudfunctions.googleapis.com/v2/projects/famous-stocks/locations/us-central1/operations/operation-1723045462211-61f19c8b4fc2a-7ec345a2-ace2cd9a {"name":"projects/famous-stocks/locations/us-central1/operations/operation-1723045462211-61f19c8b4fc2a-7ec345a2-ace2cd9a","metadata":{"@type":"type.googleapis.com/google.cloud.functions.v2.OperationMetadata","createTime":"2024-08-07T15:44:23.409158182Z","target":"projects/famous-stocks/locations/us-central1/functions/getNotifications","verb":"update","cancelRequested":false,"apiVersion":"v2","requestResource":{"@type":"type.googleapis.com/google.cloud.functions.v2.Function","name":"projects/famous-stocks/locations/us-central1/functions/getNotifications","buildConfig":{"runtime":"nodejs18","entryPoint":"getNotifications","source":{"storageSource":{"bucket":"gcf-v2-sources-106183287113-us-central1","object":"getNotifications/function-source.zip","generation":"1723045463328921"}},"environmentVariables":{"GOOGLE_NODE_RUN_SCRIPTS":""},"dockerRepository":"projects/famous-stocks/locations/us-central1/repositories/gcf-artifacts","sourceProvenance":{"resolvedStorageSource":{"bucket":"gcf-v2-sources-106183287113-us-central1","object":"getNotifications/function-source.zip","generation":"1722789508650151"}},"dockerRegistry":"ARTIFACT_REGISTRY","serviceAccount":"projects/famous-stocks/serviceAccounts/106183287113-compute@developer.gserviceaccount.com","automaticUpdatePolicy":{}},"serviceConfig":{"service":"projects/famous-stocks/locations/us-central1/services/getnotifications","timeoutSeconds":60,"environmentVariables":{"FIREBASE_CONFIG":"{\"projectId\":\"famous-stocks\",\"storageBucket\":\"famous-stocks.appspot.com\",\"locationId\":\"us-central\"}","GCLOUD_PROJECT":"famous-stocks","FIRESTORE_PREFER_REST":"true","EVENTARC_CLOUD_EVENT_SOURCE":"projects/famous-stocks/locations/us-central1/services/getNotifications","FUNCTION_TARGET":"getNotifications","LOG_EXECUTION_ID":"true","FUNCTION_SIGNATURE_TYPE":"http"},"ingressSettings":"ALLOW_ALL","uri":"https://getnotifications-kjcs74itya-uc.a.run.app","serviceAccountEmail":"106183287113-compute@developer.gserviceaccount.com","availableMemory":"256Mi","allTrafficOnLatestRevision":true,"revision":"getnotifications-00002-hak","maxInstanceRequestConcurrency":80,"availableCpu":"1"},"state":"ACTIVE","labels":{"deployment-tool":"cli-firebase","deployment-callable":"true","firebase-functions-hash":"1b84d3a8d6bb2af7b71e3422cda7ca39f0ec36f5"},"environment":"GEN_2","url":"https://us-central1-famous-stocks.cloudfunctions.net/getNotifications"},"stages":[{"name":"BUILD","message":"Build finished","state":"COMPLETE","resource":"projects/106183287113/locations/us-central1/builds/746f419f-5fac-4749-89f3-f69ad58c8d4f","resourceUri":"https://console.cloud.google.com/cloud-build/builds;region=us-central1/746f419f-5fac-4749-89f3-f69ad58c8d4f?project=106183287113"},{"name":"SERVICE","message":"Updating Cloud Run service","state":"IN_PROGRESS","resource":"projects/famous-stocks/locations/us-central1/services/getnotifications","resourceUri":"https://console.cloud.google.com/run/detail/us-central1/getnotifications?project=famous-stocks","stateMessages":[{"severity":"INFO","type":"CloudRunServiceNewRevisionTrafficInfo","message":"A new revision will be deployed serving with 100% traffic."}]}],"sourceToken":"Cldwcm9qZWN0cy8xMDYxODMyODcxMTMvbG9jYXRpb25zL3VzLWNlbnRyYWwxL2J1aWxkcy83NDZmNDE5Zi01ZmFjLTQ3NDktODlmMy1mNjlhZDU4YzhkNGYSUnVzLWNlbnRyYWwxLWRvY2tlci5wa2cuZGV2L2ZhbW91cy1zdG9ja3MvZ2NmLWFydGlmYWN0cy9nZXRfbm90aWZpY2F0aW9uczp2ZXJzaW9uXzEYycKRyIsDIkdwcm9qZWN0cy9mYW1vdXMtc3RvY2tzL2xvY2F0aW9ucy91cy1jZW50cmFsMS9mdW5jdGlvbnMvZ2V0Tm90aWZpY2F0aW9ucyoMCIitzrUGEIDHr5cDMghub2RlanMxODp2CiNnY3IuaW8vZ2FlLXJ1bnRpbWVzL25vZGVqczE4OnN0YWJsZRJPdXMtY2VudHJhbDEtZG9ja2VyLnBrZy5kZXYvc2VydmVybGVzcy1ydW50aW1lcy9nb29nbGUtMjItZnVsbC9ydW50aW1lcy9ub2RlanMxOEAB","operationType":"UPDATE_FUNCTION","buildName":"projects/106183287113/locations/us-central1/builds/746f419f-5fac-4749-89f3-f69ad58c8d4f"},"done":false}
[debug] [2024-08-07T15:45:15.214Z] Got source token Cldwcm9qZWN0cy8xMDYxODMyODcxMTMvbG9jYXRpb25zL3VzLWNlbnRyYWwxL2J1aWxkcy83NDZmNDE5Zi01ZmFjLTQ3NDktODlmMy1mNjlhZDU4YzhkNGYSUnVzLWNlbnRyYWwxLWRvY2tlci5wa2cuZGV2L2ZhbW91cy1zdG9ja3MvZ2NmLWFydGlmYWN0cy9nZXRfbm90aWZpY2F0aW9uczp2ZXJzaW9uXzEYycKRyIsDIkdwcm9qZWN0cy9mYW1vdXMtc3RvY2tzL2xvY2F0aW9ucy91cy1jZW50cmFsMS9mdW5jdGlvbnMvZ2V0Tm90aWZpY2F0aW9ucyoMCIitzrUGEIDHr5cDMghub2RlanMxODp2CiNnY3IuaW8vZ2FlLXJ1bnRpbWVzL25vZGVqczE4OnN0YWJsZRJPdXMtY2VudHJhbDEtZG9ja2VyLnBrZy5kZXYvc2VydmVybGVzcy1ydW50aW1lcy9nb29nbGUtMjItZnVsbC9ydW50aW1lcy9ub2RlanMxOEAB for region us-central1
[debug] [2024-08-07T15:45:15.215Z] >>> [apiv2][query] PATCH https://cloudfunctions.googleapis.com/v2/projects/famous-stocks/locations/us-central1/functions/deleteNotification updateMask=name%2CbuildConfig.runtime%2CbuildConfig.entryPoint%2CbuildConfig.source.storageSource.bucket%2CbuildConfig.source.storageSource.object%2CbuildConfig.environmentVariables%2CbuildConfig.sourceToken%2CserviceConfig.environmentVariables%2CserviceConfig.ingressSettings%2CserviceConfig.timeoutSeconds%2CserviceConfig.serviceAccountEmail%2CserviceConfig.availableMemory%2CserviceConfig.minInstanceCount%2CserviceConfig.maxInstanceCount%2CserviceConfig.maxInstanceRequestConcurrency%2CserviceConfig.availableCpu%2CserviceConfig.vpcConnector%2CserviceConfig.vpcConnectorEgressSettings%2Clabels%2CbuildConfig.buildEnvironmentVariables
[debug] [2024-08-07T15:45:15.215Z] >>> [apiv2][body] PATCH https://cloudfunctions.googleapis.com/v2/projects/famous-stocks/locations/us-central1/functions/deleteNotification {"name":"projects/famous-stocks/locations/us-central1/functions/deleteNotification","buildConfig":{"runtime":"nodejs18","entryPoint":"deleteNotification","source":{"storageSource":{"bucket":"gcf-v2-uploads-106183287113-us-central1","object":"09874cec-5c8a-408a-9821-5ef68792967f.zip"}},"environmentVariables":{"GOOGLE_NODE_RUN_SCRIPTS":""},"sourceToken":"Cldwcm9qZWN0cy8xMDYxODMyODcxMTMvbG9jYXRpb25zL3VzLWNlbnRyYWwxL2J1aWxkcy83NDZmNDE5Zi01ZmFjLTQ3NDktODlmMy1mNjlhZDU4YzhkNGYSUnVzLWNlbnRyYWwxLWRvY2tlci5wa2cuZGV2L2ZhbW91cy1zdG9ja3MvZ2NmLWFydGlmYWN0cy9nZXRfbm90aWZpY2F0aW9uczp2ZXJzaW9uXzEYycKRyIsDIkdwcm9qZWN0cy9mYW1vdXMtc3RvY2tzL2xvY2F0aW9ucy91cy1jZW50cmFsMS9mdW5jdGlvbnMvZ2V0Tm90aWZpY2F0aW9ucyoMCIitzrUGEIDHr5cDMghub2RlanMxODp2CiNnY3IuaW8vZ2FlLXJ1bnRpbWVzL25vZGVqczE4OnN0YWJsZRJPdXMtY2VudHJhbDEtZG9ja2VyLnBrZy5kZXYvc2VydmVybGVzcy1ydW50aW1lcy9nb29nbGUtMjItZnVsbC9ydW50aW1lcy9ub2RlanMxOEAB"},"serviceConfig":{"environmentVariables":{"FIREBASE_CONFIG":"{\"projectId\":\"famous-stocks\",\"storageBucket\":\"famous-stocks.appspot.com\",\"locationId\":\"us-central\"}","GCLOUD_PROJECT":"famous-stocks","FIRESTORE_PREFER_REST":"true","EVENTARC_CLOUD_EVENT_SOURCE":"projects/famous-stocks/locations/us-central1/services/deleteNotification","FUNCTION_TARGET":"deleteNotification","LOG_EXECUTION_ID":"true"},"ingressSettings":null,"timeoutSeconds":null,"serviceAccountEmail":null,"availableMemory":"256Mi","minInstanceCount":null,"maxInstanceCount":null,"maxInstanceRequestConcurrency":80,"availableCpu":"1","vpcConnector":null,"vpcConnectorEgressSettings":null},"labels":{"deployment-tool":"cli-firebase","deployment-callable":"true","firebase-functions-hash":"1b84d3a8d6bb2af7b71e3422cda7ca39f0ec36f5"}}
[debug] [2024-08-07T15:45:15.216Z] >>> [apiv2][query] PATCH https://cloudfunctions.googleapis.com/v2/projects/famous-stocks/locations/us-central1/functions/getTransactions updateMask=name%2CbuildConfig.runtime%2CbuildConfig.entryPoint%2CbuildConfig.source.storageSource.bucket%2CbuildConfig.source.storageSource.object%2CbuildConfig.environmentVariables%2CbuildConfig.sourceToken%2CserviceConfig.environmentVariables%2CserviceConfig.ingressSettings%2CserviceConfig.timeoutSeconds%2CserviceConfig.serviceAccountEmail%2CserviceConfig.availableMemory%2CserviceConfig.minInstanceCount%2CserviceConfig.maxInstanceCount%2CserviceConfig.maxInstanceRequestConcurrency%2CserviceConfig.availableCpu%2CserviceConfig.vpcConnector%2CserviceConfig.vpcConnectorEgressSettings%2Clabels%2CbuildConfig.buildEnvironmentVariables
[debug] [2024-08-07T15:45:15.216Z] >>> [apiv2][body] PATCH https://cloudfunctions.googleapis.com/v2/projects/famous-stocks/locations/us-central1/functions/getTransactions {"name":"projects/famous-stocks/locations/us-central1/functions/getTransactions","buildConfig":{"runtime":"nodejs18","entryPoint":"getTransactions","source":{"storageSource":{"bucket":"gcf-v2-uploads-106183287113-us-central1","object":"09874cec-5c8a-408a-9821-5ef68792967f.zip"}},"environmentVariables":{"GOOGLE_NODE_RUN_SCRIPTS":""},"sourceToken":"Cldwcm9qZWN0cy8xMDYxODMyODcxMTMvbG9jYXRpb25zL3VzLWNlbnRyYWwxL2J1aWxkcy83NDZmNDE5Zi01ZmFjLTQ3NDktODlmMy1mNjlhZDU4YzhkNGYSUnVzLWNlbnRyYWwxLWRvY2tlci5wa2cuZGV2L2ZhbW91cy1zdG9ja3MvZ2NmLWFydGlmYWN0cy9nZXRfbm90aWZpY2F0aW9uczp2ZXJzaW9uXzEYycKRyIsDIkdwcm9qZWN0cy9mYW1vdXMtc3RvY2tzL2xvY2F0aW9ucy91cy1jZW50cmFsMS9mdW5jdGlvbnMvZ2V0Tm90aWZpY2F0aW9ucyoMCIitzrUGEIDHr5cDMghub2RlanMxODp2CiNnY3IuaW8vZ2FlLXJ1bnRpbWVzL25vZGVqczE4OnN0YWJsZRJPdXMtY2VudHJhbDEtZG9ja2VyLnBrZy5kZXYvc2VydmVybGVzcy1ydW50aW1lcy9nb29nbGUtMjItZnVsbC9ydW50aW1lcy9ub2RlanMxOEAB"},"serviceConfig":{"environmentVariables":{"FIREBASE_CONFIG":"{\"projectId\":\"famous-stocks\",\"storageBucket\":\"famous-stocks.appspot.com\",\"locationId\":\"us-central\"}","GCLOUD_PROJECT":"famous-stocks","FIRESTORE_PREFER_REST":"true","EVENTARC_CLOUD_EVENT_SOURCE":"projects/famous-stocks/locations/us-central1/services/getTransactions","FUNCTION_TARGET":"getTransactions","LOG_EXECUTION_ID":"true","FUNCTION_SIGNATURE_TYPE":"http"},"ingressSettings":null,"timeoutSeconds":null,"serviceAccountEmail":null,"availableMemory":"256Mi","minInstanceCount":null,"maxInstanceCount":null,"maxInstanceRequestConcurrency":80,"availableCpu":"1","vpcConnector":null,"vpcConnectorEgressSettings":null},"labels":{"deployment-tool":"cli-firebase","firebase-functions-hash":"1b84d3a8d6bb2af7b71e3422cda7ca39f0ec36f5"}}
[debug] [2024-08-07T15:45:15.218Z] >>> [apiv2][query] PATCH https://cloudfunctions.googleapis.com/v2/projects/famous-stocks/locations/us-central1/functions/subscribeForNotifications updateMask=name%2CbuildConfig.runtime%2CbuildConfig.entryPoint%2CbuildConfig.source.storageSource.bucket%2CbuildConfig.source.storageSource.object%2CbuildConfig.environmentVariables%2CbuildConfig.sourceToken%2CserviceConfig.environmentVariables%2CserviceConfig.ingressSettings%2CserviceConfig.timeoutSeconds%2CserviceConfig.serviceAccountEmail%2CserviceConfig.availableMemory%2CserviceConfig.minInstanceCount%2CserviceConfig.maxInstanceCount%2CserviceConfig.maxInstanceRequestConcurrency%2CserviceConfig.availableCpu%2CserviceConfig.vpcConnector%2CserviceConfig.vpcConnectorEgressSettings%2Clabels%2CbuildConfig.buildEnvironmentVariables
[debug] [2024-08-07T15:45:15.218Z] >>> [apiv2][body] PATCH https://cloudfunctions.googleapis.com/v2/projects/famous-stocks/locations/us-central1/functions/subscribeForNotifications {"name":"projects/famous-stocks/locations/us-central1/functions/subscribeForNotifications","buildConfig":{"runtime":"nodejs18","entryPoint":"subscribeForNotifications","source":{"storageSource":{"bucket":"gcf-v2-uploads-106183287113-us-central1","object":"09874cec-5c8a-408a-9821-5ef68792967f.zip"}},"environmentVariables":{"GOOGLE_NODE_RUN_SCRIPTS":""},"sourceToken":"Cldwcm9qZWN0cy8xMDYxODMyODcxMTMvbG9jYXRpb25zL3VzLWNlbnRyYWwxL2J1aWxkcy83NDZmNDE5Zi01ZmFjLTQ3NDktODlmMy1mNjlhZDU4YzhkNGYSUnVzLWNlbnRyYWwxLWRvY2tlci5wa2cuZGV2L2ZhbW91cy1zdG9ja3MvZ2NmLWFydGlmYWN0cy9nZXRfbm90aWZpY2F0aW9uczp2ZXJzaW9uXzEYycKRyIsDIkdwcm9qZWN0cy9mYW1vdXMtc3RvY2tzL2xvY2F0aW9ucy91cy1jZW50cmFsMS9mdW5jdGlvbnMvZ2V0Tm90aWZpY2F0aW9ucyoMCIitzrUGEIDHr5cDMghub2RlanMxODp2CiNnY3IuaW8vZ2FlLXJ1bnRpbWVzL25vZGVqczE4OnN0YWJsZRJPdXMtY2VudHJhbDEtZG9ja2VyLnBrZy5kZXYvc2VydmVybGVzcy1ydW50aW1lcy9nb29nbGUtMjItZnVsbC9ydW50aW1lcy9ub2RlanMxOEAB"},"serviceConfig":{"environmentVariables":{"FIREBASE_CONFIG":"{\"projectId\":\"famous-stocks\",\"storageBucket\":\"famous-stocks.appspot.com\",\"locationId\":\"us-central\"}","GCLOUD_PROJECT":"famous-stocks","FIRESTORE_PREFER_REST":"true","EVENTARC_CLOUD_EVENT_SOURCE":"projects/famous-stocks/locations/us-central1/services/subscribeForNotifications","FUNCTION_TARGET":"subscribeForNotifications","LOG_EXECUTION_ID":"true","FUNCTION_SIGNATURE_TYPE":"http"},"ingressSettings":null,"timeoutSeconds":null,"serviceAccountEmail":null,"availableMemory":"256Mi","minInstanceCount":null,"maxInstanceCount":null,"maxInstanceRequestConcurrency":80,"availableCpu":"1","vpcConnector":null,"vpcConnectorEgressSettings":null},"labels":{"deployment-tool":"cli-firebase","deployment-callable":"true","firebase-functions-hash":"1b84d3a8d6bb2af7b71e3422cda7ca39f0ec36f5"}}
[debug] [2024-08-07T15:45:16.554Z] [create-python-functions-us-central1-on_request_example] Retrying task index 0
[debug] [2024-08-07T15:45:16.555Z] >>> [apiv2][query] GET https://cloudfunctions.googleapis.com/v2/projects/famous-stocks/locations/us-central1/operations/operation-1723045505359-61f19cb475e3e-1cc8015f-e3b6e23e [none]
[debug] [2024-08-07T15:45:16.581Z] <<< [apiv2][status] PATCH https://cloudfunctions.googleapis.com/v2/projects/famous-stocks/locations/us-central1/functions/deleteNotification 200
[debug] [2024-08-07T15:45:16.581Z] <<< [apiv2][body] PATCH https://cloudfunctions.googleapis.com/v2/projects/famous-stocks/locations/us-central1/functions/deleteNotification {"name":"projects/famous-stocks/locations/us-central1/operations/operation-1723045515991-61f19cbe99bba-752724f3-c0b7052b","metadata":{"@type":"type.googleapis.com/google.cloud.functions.v2.OperationMetadata","createTime":"2024-08-07T15:45:16.590683251Z","target":"projects/famous-stocks/locations/us-central1/functions/deleteNotification","verb":"update","cancelRequested":false,"apiVersion":"v2"},"done":false}
[debug] [2024-08-07T15:45:16.582Z] >>> [apiv2][query] GET https://cloudfunctions.googleapis.com/v2/projects/famous-stocks/locations/us-central1/operations/operation-1723045515991-61f19cbe99bba-752724f3-c0b7052b [none]
[debug] [2024-08-07T15:45:16.915Z] <<< [apiv2][status] PATCH https://cloudfunctions.googleapis.com/v2/projects/famous-stocks/locations/us-central1/functions/subscribeForNotifications 200
[debug] [2024-08-07T15:45:16.915Z] <<< [apiv2][body] PATCH https://cloudfunctions.googleapis.com/v2/projects/famous-stocks/locations/us-central1/functions/subscribeForNotifications {"name":"projects/famous-stocks/locations/us-central1/operations/operation-1723045516129-61f19cbebb300-79b02ef6-ff115bad","metadata":{"@type":"type.googleapis.com/google.cloud.functions.v2.OperationMetadata","createTime":"2024-08-07T15:45:16.928394819Z","target":"projects/famous-stocks/locations/us-central1/functions/subscribeForNotifications","verb":"update","cancelRequested":false,"apiVersion":"v2"},"done":false}
[debug] [2024-08-07T15:45:16.916Z] >>> [apiv2][query] GET https://cloudfunctions.googleapis.com/v2/projects/famous-stocks/locations/us-central1/operations/operation-1723045516129-61f19cbebb300-79b02ef6-ff115bad [none]
[debug] [2024-08-07T15:45:16.945Z] <<< [apiv2][status] PATCH https://cloudfunctions.googleapis.com/v2/projects/famous-stocks/locations/us-central1/functions/getTransactions 200
[debug] [2024-08-07T15:45:16.946Z] <<< [apiv2][body] PATCH https://cloudfunctions.googleapis.com/v2/projects/famous-stocks/locations/us-central1/functions/getTransactions {"name":"projects/famous-stocks/locations/us-central1/operations/operation-1723045516133-61f19cbebc5f9-a4c2b04d-76fe279f","metadata":{"@type":"type.googleapis.com/google.cloud.functions.v2.OperationMetadata","createTime":"2024-08-07T15:45:16.959318339Z","target":"projects/famous-stocks/locations/us-central1/functions/getTransactions","verb":"update","cancelRequested":false,"apiVersion":"v2"},"done":false}
[debug] [2024-08-07T15:45:16.946Z] >>> [apiv2][query] GET https://cloudfunctions.googleapis.com/v2/projects/famous-stocks/locations/us-central1/operations/operation-1723045516133-61f19cbebc5f9-a4c2b04d-76fe279f [none]
[debug] [2024-08-07T15:45:17.368Z] <<< [apiv2][status] GET https://cloudfunctions.googleapis.com/v2/projects/famous-stocks/locations/us-central1/operations/operation-1723045515991-61f19cbe99bba-752724f3-c0b7052b 200
[debug] [2024-08-07T15:45:17.368Z] <<< [apiv2][body] GET https://cloudfunctions.googleapis.com/v2/projects/famous-stocks/locations/us-central1/operations/operation-1723045515991-61f19cbe99bba-752724f3-c0b7052b {"name":"projects/famous-stocks/locations/us-central1/operations/operation-1723045515991-61f19cbe99bba-752724f3-c0b7052b","metadata":{"@type":"type.googleapis.com/google.cloud.functions.v2.OperationMetadata","createTime":"2024-08-07T15:45:16.590683251Z","target":"projects/famous-stocks/locations/us-central1/functions/deleteNotification","verb":"update","cancelRequested":false,"apiVersion":"v2","requestResource":{"@type":"type.googleapis.com/google.cloud.functions.v2.Function","name":"projects/famous-stocks/locations/us-central1/functions/deleteNotification","buildConfig":{"runtime":"nodejs18","entryPoint":"deleteNotification","source":{"storageSource":{"bucket":"gcf-v2-sources-106183287113-us-central1","object":"deleteNotification/function-source.zip","generation":"1723045516549739"}},"environmentVariables":{"GOOGLE_NODE_RUN_SCRIPTS":""},"dockerRepository":"projects/famous-stocks/locations/us-central1/repositories/gcf-artifacts","sourceProvenance":{"resolvedStorageSource":{"bucket":"gcf-v2-sources-106183287113-us-central1","object":"deleteNotification/function-source.zip","generation":"1722789443371580"}},"dockerRegistry":"ARTIFACT_REGISTRY","sourceToken":"Cldwcm9qZWN0cy8xMDYxODMyODcxMTMvbG9jYXRpb25zL3VzLWNlbnRyYWwxL2J1aWxkcy83NDZmNDE5Zi01ZmFjLTQ3NDktODlmMy1mNjlhZDU4YzhkNGYSUnVzLWNlbnRyYWwxLWRvY2tlci5wa2cuZGV2L2ZhbW91cy1zdG9ja3MvZ2NmLWFydGlmYWN0cy9nZXRfbm90aWZpY2F0aW9uczp2ZXJzaW9uXzEYycKRyIsDIkdwcm9qZWN0cy9mYW1vdXMtc3RvY2tzL2xvY2F0aW9ucy91cy1jZW50cmFsMS9mdW5jdGlvbnMvZ2V0Tm90aWZpY2F0aW9ucyoMCIitzrUGEIDHr5cDMghub2RlanMxODp2CiNnY3IuaW8vZ2FlLXJ1bnRpbWVzL25vZGVqczE4OnN0YWJsZRJPdXMtY2VudHJhbDEtZG9ja2VyLnBrZy5kZXYvc2VydmVybGVzcy1ydW50aW1lcy9nb29nbGUtMjItZnVsbC9ydW50aW1lcy9ub2RlanMxOEAB","serviceAccount":"projects/famous-stocks/serviceAccounts/106183287113-compute@developer.gserviceaccount.com","automaticUpdatePolicy":{}},"serviceConfig":{"service":"projects/famous-stocks/locations/us-central1/services/deletenotification","timeoutSeconds":60,"environmentVariables":{"FIREBASE_CONFIG":"{\"projectId\":\"famous-stocks\",\"storageBucket\":\"famous-stocks.appspot.com\",\"locationId\":\"us-central\"}","GCLOUD_PROJECT":"famous-stocks","FIRESTORE_PREFER_REST":"true","EVENTARC_CLOUD_EVENT_SOURCE":"projects/famous-stocks/locations/us-central1/services/deleteNotification","FUNCTION_TARGET":"deleteNotification","LOG_EXECUTION_ID":"true","FUNCTION_SIGNATURE_TYPE":"http"},"ingressSettings":"ALLOW_ALL","uri":"https://deletenotification-kjcs74itya-uc.a.run.app","serviceAccountEmail":"106183287113-compute@developer.gserviceaccount.com","availableMemory":"256Mi","allTrafficOnLatestRevision":true,"revision":"deletenotification-00001-zex","maxInstanceRequestConcurrency":80,"availableCpu":"1"},"state":"ACTIVE","labels":{"deployment-tool":"cli-firebase","deployment-callable":"true","firebase-functions-hash":"1b84d3a8d6bb2af7b71e3422cda7ca39f0ec36f5"},"environment":"GEN_2","url":"https://us-central1-famous-stocks.cloudfunctions.net/deleteNotification"},"stages":[{"name":"BUILD","message":"Reusing build","state":"COMPLETE","resource":"projects/106183287113/locations/us-central1/builds/746f419f-5fac-4749-89f3-f69ad58c8d4f"},{"name":"SERVICE","message":"Updating Cloud Run service","state":"IN_PROGRESS","resource":"projects/famous-stocks/locations/us-central1/services/deletenotification","resourceUri":"https://console.cloud.google.com/run/detail/us-central1/deletenotification?project=famous-stocks","stateMessages":[{"severity":"INFO","type":"CloudRunServiceNewRevisionTrafficInfo","message":"A new revision will be deployed serving with 100% traffic."}]}],"sourceToken":"Cldwcm9qZWN0cy8xMDYxODMyODcxMTMvbG9jYXRpb25zL3VzLWNlbnRyYWwxL2J1aWxkcy83NDZmNDE5Zi01ZmFjLTQ3NDktODlmMy1mNjlhZDU4YzhkNGYSUnVzLWNlbnRyYWwxLWRvY2tlci5wa2cuZGV2L2ZhbW91cy1zdG9ja3MvZ2NmLWFydGlmYWN0cy9nZXRfbm90aWZpY2F0aW9uczp2ZXJzaW9uXzEYycKRyIsDIkdwcm9qZWN0cy9mYW1vdXMtc3RvY2tzL2xvY2F0aW9ucy91cy1jZW50cmFsMS9mdW5jdGlvbnMvZ2V0Tm90aWZpY2F0aW9ucyoMCIitzrUGEIDHr5cDMghub2RlanMxODp2CiNnY3IuaW8vZ2FlLXJ1bnRpbWVzL25vZGVqczE4OnN0YWJsZRJPdXMtY2VudHJhbDEtZG9ja2VyLnBrZy5kZXYvc2VydmVybGVzcy1ydW50aW1lcy9nb29nbGUtMjItZnVsbC9ydW50aW1lcy9ub2RlanMxOEAB","operationType":"UPDATE_FUNCTION","buildName":"projects/106183287113/locations/us-central1/builds/746f419f-5fac-4749-89f3-f69ad58c8d4f"},"done":false}
[debug] [2024-08-07T15:45:17.369Z] Got source token Cldwcm9qZWN0cy8xMDYxODMyODcxMTMvbG9jYXRpb25zL3VzLWNlbnRyYWwxL2J1aWxkcy83NDZmNDE5Zi01ZmFjLTQ3NDktODlmMy1mNjlhZDU4YzhkNGYSUnVzLWNlbnRyYWwxLWRvY2tlci5wa2cuZGV2L2ZhbW91cy1zdG9ja3MvZ2NmLWFydGlmYWN0cy9nZXRfbm90aWZpY2F0aW9uczp2ZXJzaW9uXzEYycKRyIsDIkdwcm9qZWN0cy9mYW1vdXMtc3RvY2tzL2xvY2F0aW9ucy91cy1jZW50cmFsMS9mdW5jdGlvbnMvZ2V0Tm90aWZpY2F0aW9ucyoMCIitzrUGEIDHr5cDMghub2RlanMxODp2CiNnY3IuaW8vZ2FlLXJ1bnRpbWVzL25vZGVqczE4OnN0YWJsZRJPdXMtY2VudHJhbDEtZG9ja2VyLnBrZy5kZXYvc2VydmVybGVzcy1ydW50aW1lcy9nb29nbGUtMjItZnVsbC9ydW50aW1lcy9ub2RlanMxOEAB for region us-central1
[debug] [2024-08-07T15:45:17.568Z] <<< [apiv2][status] GET https://cloudfunctions.googleapis.com/v2/projects/famous-stocks/locations/us-central1/operations/operation-1723045505359-61f19cb475e3e-1cc8015f-e3b6e23e 200
[debug] [2024-08-07T15:45:17.568Z] <<< [apiv2][body] GET https://cloudfunctions.googleapis.com/v2/projects/famous-stocks/locations/us-central1/operations/operation-1723045505359-61f19cb475e3e-1cc8015f-e3b6e23e {"name":"projects/famous-stocks/locations/us-central1/operations/operation-1723045505359-61f19cb475e3e-1cc8015f-e3b6e23e","metadata":{"@type":"type.googleapis.com/google.cloud.functions.v2.OperationMetadata","createTime":"2024-08-07T15:45:05.982360662Z","target":"projects/famous-stocks/locations/us-central1/functions/on_request_example","verb":"create","cancelRequested":false,"apiVersion":"v2","requestResource":{"@type":"type.googleapis.com/google.cloud.functions.v2.Function","name":"projects/famous-stocks/locations/us-central1/functions/on_request_example","buildConfig":{"runtime":"python311","entryPoint":"on_request_example","source":{"storageSource":{"bucket":"gcf-v2-sources-106183287113-us-central1","object":"on_request_example/function-source.zip","generation":"1723045505688424"}},"environmentVariables":{"GOOGLE_NODE_RUN_SCRIPTS":""},"serviceAccount":"projects/famous-stocks/serviceAccounts/106183287113-compute@developer.gserviceaccount.com","automaticUpdatePolicy":{}},"serviceConfig":{"service":"projects/famous-stocks/locations/us-central1/services/on-request-example","timeoutSeconds":60,"environmentVariables":{"FIREBASE_CONFIG":"{\"projectId\":\"famous-stocks\",\"storageBucket\":\"famous-stocks.appspot.com\",\"locationId\":\"us-central\"}","GCLOUD_PROJECT":"famous-stocks","FIRESTORE_PREFER_REST":"true","EVENTARC_CLOUD_EVENT_SOURCE":"projects/famous-stocks/locations/us-central1/services/on_request_example","FUNCTION_TARGET":"on_request_example","LOG_EXECUTION_ID":"true"},"ingressSettings":"ALLOW_ALL","serviceAccountEmail":"106183287113-compute@developer.gserviceaccount.com","availableMemory":"256Mi","maxInstanceRequestConcurrency":80,"availableCpu":"1"},"labels":{"deployment-tool":"cli-firebase","firebase-functions-codebase":"python-functions","firebase-functions-hash":"50a96821fcdc1416b785ae552001ccecab6488e5"},"environment":"GEN_2"},"stages":[{"name":"BUILD","message":"Build in progress","state":"IN_PROGRESS","resource":"projects/106183287113/locations/us-central1/builds/b815364e-35a3-49c1-92b4-4f8ba331114b","resourceUri":"https://console.cloud.google.com/cloud-build/builds;region=us-central1/b815364e-35a3-49c1-92b4-4f8ba331114b?project=106183287113"},{"name":"SERVICE","state":"NOT_STARTED"}],"operationType":"CREATE_FUNCTION","buildName":"projects/106183287113/locations/us-central1/builds/b815364e-35a3-49c1-92b4-4f8ba331114b"},"done":false}
[debug] [2024-08-07T15:45:17.661Z] <<< [apiv2][status] GET https://cloudfunctions.googleapis.com/v2/projects/famous-stocks/locations/us-central1/operations/operation-1723045516129-61f19cbebb300-79b02ef6-ff115bad 200
[debug] [2024-08-07T15:45:17.661Z] <<< [apiv2][body] GET https://cloudfunctions.googleapis.com/v2/projects/famous-stocks/locations/us-central1/operations/operation-1723045516129-61f19cbebb300-79b02ef6-ff115bad {"name":"projects/famous-stocks/locations/us-central1/operations/operation-1723045516129-61f19cbebb300-79b02ef6-ff115bad","metadata":{"@type":"type.googleapis.com/google.cloud.functions.v2.OperationMetadata","createTime":"2024-08-07T15:45:16.928394819Z","target":"projects/famous-stocks/locations/us-central1/functions/subscribeForNotifications","verb":"update","cancelRequested":false,"apiVersion":"v2","requestResource":{"@type":"type.googleapis.com/google.cloud.functions.v2.Function","name":"projects/famous-stocks/locations/us-central1/functions/subscribeForNotifications","buildConfig":{"runtime":"nodejs18","entryPoint":"subscribeForNotifications","source":{"storageSource":{"bucket":"gcf-v2-sources-106183287113-us-central1","object":"subscribeForNotifications/function-source.zip","generation":"1723045516893000"}},"environmentVariables":{"GOOGLE_NODE_RUN_SCRIPTS":""},"dockerRepository":"projects/famous-stocks/locations/us-central1/repositories/gcf-artifacts","sourceProvenance":{"resolvedStorageSource":{"bucket":"gcf-v2-sources-106183287113-us-central1","object":"subscribeForNotifications/function-source.zip","generation":"1722789508615084"}},"dockerRegistry":"ARTIFACT_REGISTRY","sourceToken":"Cldwcm9qZWN0cy8xMDYxODMyODcxMTMvbG9jYXRpb25zL3VzLWNlbnRyYWwxL2J1aWxkcy83NDZmNDE5Zi01ZmFjLTQ3NDktODlmMy1mNjlhZDU4YzhkNGYSUnVzLWNlbnRyYWwxLWRvY2tlci5wa2cuZGV2L2ZhbW91cy1zdG9ja3MvZ2NmLWFydGlmYWN0cy9nZXRfbm90aWZpY2F0aW9uczp2ZXJzaW9uXzEYycKRyIsDIkdwcm9qZWN0cy9mYW1vdXMtc3RvY2tzL2xvY2F0aW9ucy91cy1jZW50cmFsMS9mdW5jdGlvbnMvZ2V0Tm90aWZpY2F0aW9ucyoMCIitzrUGEIDHr5cDMghub2RlanMxODp2CiNnY3IuaW8vZ2FlLXJ1bnRpbWVzL25vZGVqczE4OnN0YWJsZRJPdXMtY2VudHJhbDEtZG9ja2VyLnBrZy5kZXYvc2VydmVybGVzcy1ydW50aW1lcy9nb29nbGUtMjItZnVsbC9ydW50aW1lcy9ub2RlanMxOEAB","serviceAccount":"projects/famous-stocks/serviceAccounts/106183287113-compute@developer.gserviceaccount.com","automaticUpdatePolicy":{}},"serviceConfig":{"service":"projects/famous-stocks/locations/us-central1/services/subscribefornotifications","timeoutSeconds":60,"environmentVariables":{"FIREBASE_CONFIG":"{\"projectId\":\"famous-stocks\",\"storageBucket\":\"famous-stocks.appspot.com\",\"locationId\":\"us-central\"}","GCLOUD_PROJECT":"famous-stocks","FIRESTORE_PREFER_REST":"true","EVENTARC_CLOUD_EVENT_SOURCE":"projects/famous-stocks/locations/us-central1/services/subscribeForNotifications","FUNCTION_TARGET":"subscribeForNotifications","LOG_EXECUTION_ID":"true","FUNCTION_SIGNATURE_TYPE":"http"},"ingressSettings":"ALLOW_ALL","uri":"https://subscribefornotifications-kjcs74itya-uc.a.run.app","serviceAccountEmail":"106183287113-compute@developer.gserviceaccount.com","availableMemory":"256Mi","allTrafficOnLatestRevision":true,"revision":"subscribefornotifications-00004-yog","maxInstanceRequestConcurrency":80,"availableCpu":"1"},"state":"ACTIVE","labels":{"deployment-tool":"cli-firebase","deployment-callable":"true","firebase-functions-hash":"1b84d3a8d6bb2af7b71e3422cda7ca39f0ec36f5"},"environment":"GEN_2","url":"https://us-central1-famous-stocks.cloudfunctions.net/subscribeForNotifications"},"stages":[{"name":"BUILD","message":"Reusing build","state":"COMPLETE","resource":"projects/106183287113/locations/us-central1/builds/746f419f-5fac-4749-89f3-f69ad58c8d4f"},{"name":"SERVICE","state":"NOT_STARTED"}],"sourceToken":"Cldwcm9qZWN0cy8xMDYxODMyODcxMTMvbG9jYXRpb25zL3VzLWNlbnRyYWwxL2J1aWxkcy83NDZmNDE5Zi01ZmFjLTQ3NDktODlmMy1mNjlhZDU4YzhkNGYSUnVzLWNlbnRyYWwxLWRvY2tlci5wa2cuZGV2L2ZhbW91cy1zdG9ja3MvZ2NmLWFydGlmYWN0cy9nZXRfbm90aWZpY2F0aW9uczp2ZXJzaW9uXzEYycKRyIsDIkdwcm9qZWN0cy9mYW1vdXMtc3RvY2tzL2xvY2F0aW9ucy91cy1jZW50cmFsMS9mdW5jdGlvbnMvZ2V0Tm90aWZpY2F0aW9ucyoMCIitzrUGEIDHr5cDMghub2RlanMxODp2CiNnY3IuaW8vZ2FlLXJ1bnRpbWVzL25vZGVqczE4OnN0YWJsZRJPdXMtY2VudHJhbDEtZG9ja2VyLnBrZy5kZXYvc2VydmVybGVzcy1ydW50aW1lcy9nb29nbGUtMjItZnVsbC9ydW50aW1lcy9ub2RlanMxOEAB","operationType":"UPDATE_FUNCTION","buildName":"projects/106183287113/locations/us-central1/builds/746f419f-5fac-4749-89f3-f69ad58c8d4f"},"done":false}
[debug] [2024-08-07T15:45:17.661Z] Got source token Cldwcm9qZWN0cy8xMDYxODMyODcxMTMvbG9jYXRpb25zL3VzLWNlbnRyYWwxL2J1aWxkcy83NDZmNDE5Zi01ZmFjLTQ3NDktODlmMy1mNjlhZDU4YzhkNGYSUnVzLWNlbnRyYWwxLWRvY2tlci5wa2cuZGV2L2ZhbW91cy1zdG9ja3MvZ2NmLWFydGlmYWN0cy9nZXRfbm90aWZpY2F0aW9uczp2ZXJzaW9uXzEYycKRyIsDIkdwcm9qZWN0cy9mYW1vdXMtc3RvY2tzL2xvY2F0aW9ucy91cy1jZW50cmFsMS9mdW5jdGlvbnMvZ2V0Tm90aWZpY2F0aW9ucyoMCIitzrUGEIDHr5cDMghub2RlanMxODp2CiNnY3IuaW8vZ2FlLXJ1bnRpbWVzL25vZGVqczE4OnN0YWJsZRJPdXMtY2VudHJhbDEtZG9ja2VyLnBrZy5kZXYvc2VydmVybGVzcy1ydW50aW1lcy9nb29nbGUtMjItZnVsbC9ydW50aW1lcy9ub2RlanMxOEAB for region us-central1
[debug] [2024-08-07T15:45:17.696Z] <<< [apiv2][status] GET https://cloudfunctions.googleapis.com/v2/projects/famous-stocks/locations/us-central1/operations/operation-1723045516133-61f19cbebc5f9-a4c2b04d-76fe279f 200
[debug] [2024-08-07T15:45:17.697Z] <<< [apiv2][body] GET https://cloudfunctions.googleapis.com/v2/projects/famous-stocks/locations/us-central1/operations/operation-1723045516133-61f19cbebc5f9-a4c2b04d-76fe279f {"name":"projects/famous-stocks/locations/us-central1/operations/operation-1723045516133-61f19cbebc5f9-a4c2b04d-76fe279f","metadata":{"@type":"type.googleapis.com/google.cloud.functions.v2.OperationMetadata","createTime":"2024-08-07T15:45:16.959318339Z","target":"projects/famous-stocks/locations/us-central1/functions/getTransactions","verb":"update","cancelRequested":false,"apiVersion":"v2","requestResource":{"@type":"type.googleapis.com/google.cloud.functions.v2.Function","name":"projects/famous-stocks/locations/us-central1/functions/getTransactions","buildConfig":{"runtime":"nodejs18","entryPoint":"getTransactions","source":{"storageSource":{"bucket":"gcf-v2-sources-106183287113-us-central1","object":"getTransactions/function-source.zip","generation":"1723045516917291"}},"environmentVariables":{"GOOGLE_NODE_RUN_SCRIPTS":""},"dockerRepository":"projects/famous-stocks/locations/us-central1/repositories/gcf-artifacts","sourceProvenance":{"resolvedStorageSource":{"bucket":"gcf-v2-sources-106183287113-us-central1","object":"getTransactions/function-source.zip","generation":"1722789508853531"}},"dockerRegistry":"ARTIFACT_REGISTRY","sourceToken":"Cldwcm9qZWN0cy8xMDYxODMyODcxMTMvbG9jYXRpb25zL3VzLWNlbnRyYWwxL2J1aWxkcy83NDZmNDE5Zi01ZmFjLTQ3NDktODlmMy1mNjlhZDU4YzhkNGYSUnVzLWNlbnRyYWwxLWRvY2tlci5wa2cuZGV2L2ZhbW91cy1zdG9ja3MvZ2NmLWFydGlmYWN0cy9nZXRfbm90aWZpY2F0aW9uczp2ZXJzaW9uXzEYycKRyIsDIkdwcm9qZWN0cy9mYW1vdXMtc3RvY2tzL2xvY2F0aW9ucy91cy1jZW50cmFsMS9mdW5jdGlvbnMvZ2V0Tm90aWZpY2F0aW9ucyoMCIitzrUGEIDHr5cDMghub2RlanMxODp2CiNnY3IuaW8vZ2FlLXJ1bnRpbWVzL25vZGVqczE4OnN0YWJsZRJPdXMtY2VudHJhbDEtZG9ja2VyLnBrZy5kZXYvc2VydmVybGVzcy1ydW50aW1lcy9nb29nbGUtMjItZnVsbC9ydW50aW1lcy9ub2RlanMxOEAB","serviceAccount":"projects/famous-stocks/serviceAccounts/106183287113-compute@developer.gserviceaccount.com","automaticUpdatePolicy":{}},"serviceConfig":{"service":"projects/famous-stocks/locations/us-central1/services/gettransactions","timeoutSeconds":60,"environmentVariables":{"FIREBASE_CONFIG":"{\"projectId\":\"famous-stocks\",\"storageBucket\":\"famous-stocks.appspot.com\",\"locationId\":\"us-central\"}","GCLOUD_PROJECT":"famous-stocks","FIRESTORE_PREFER_REST":"true","EVENTARC_CLOUD_EVENT_SOURCE":"projects/famous-stocks/locations/us-central1/services/getTransactions","FUNCTION_TARGET":"getTransactions","LOG_EXECUTION_ID":"true","FUNCTION_SIGNATURE_TYPE":"http"},"ingressSettings":"ALLOW_ALL","uri":"https://gettransactions-kjcs74itya-uc.a.run.app","serviceAccountEmail":"106183287113-compute@developer.gserviceaccount.com","availableMemory":"256Mi","allTrafficOnLatestRevision":true,"revision":"gettransactions-00014-foj","maxInstanceRequestConcurrency":80,"availableCpu":"1"},"state":"ACTIVE","labels":{"deployment-tool":"cli-firebase","firebase-functions-hash":"1b84d3a8d6bb2af7b71e3422cda7ca39f0ec36f5"},"environment":"GEN_2","url":"https://us-central1-famous-stocks.cloudfunctions.net/getTransactions"},"stages":[{"name":"BUILD","message":"Reusing build","state":"COMPLETE","resource":"projects/106183287113/locations/us-central1/builds/746f419f-5fac-4749-89f3-f69ad58c8d4f"},{"name":"SERVICE","message":"Updating Cloud Run service","state":"IN_PROGRESS","resource":"projects/famous-stocks/locations/us-central1/services/gettransactions","resourceUri":"https://console.cloud.google.com/run/detail/us-central1/gettransactions?project=famous-stocks","stateMessages":[{"severity":"INFO","type":"CloudRunServiceNewRevisionTrafficInfo","message":"A new revision will be deployed serving with 100% traffic."}]}],"sourceToken":"Cldwcm9qZWN0cy8xMDYxODMyODcxMTMvbG9jYXRpb25zL3VzLWNlbnRyYWwxL2J1aWxkcy83NDZmNDE5Zi01ZmFjLTQ3NDktODlmMy1mNjlhZDU4YzhkNGYSUnVzLWNlbnRyYWwxLWRvY2tlci5wa2cuZGV2L2ZhbW91cy1zdG9ja3MvZ2NmLWFydGlmYWN0cy9nZXRfbm90aWZpY2F0aW9uczp2ZXJzaW9uXzEYycKRyIsDIkdwcm9qZWN0cy9mYW1vdXMtc3RvY2tzL2xvY2F0aW9ucy91cy1jZW50cmFsMS9mdW5jdGlvbnMvZ2V0Tm90aWZpY2F0aW9ucyoMCIitzrUGEIDHr5cDMghub2RlanMxODp2CiNnY3IuaW8vZ2FlLXJ1bnRpbWVzL25vZGVqczE4OnN0YWJsZRJPdXMtY2VudHJhbDEtZG9ja2VyLnBrZy5kZXYvc2VydmVybGVzcy1ydW50aW1lcy9nb29nbGUtMjItZnVsbC9ydW50aW1lcy9ub2RlanMxOEAB","operationType":"UPDATE_FUNCTION","buildName":"projects/106183287113/locations/us-central1/builds/746f419f-5fac-4749-89f3-f69ad58c8d4f"},"done":false}
[debug] [2024-08-07T15:45:17.697Z] Got source token Cldwcm9qZWN0cy8xMDYxODMyODcxMTMvbG9jYXRpb25zL3VzLWNlbnRyYWwxL2J1aWxkcy83NDZmNDE5Zi01ZmFjLTQ3NDktODlmMy1mNjlhZDU4YzhkNGYSUnVzLWNlbnRyYWwxLWRvY2tlci5wa2cuZGV2L2ZhbW91cy1zdG9ja3MvZ2NmLWFydGlmYWN0cy9nZXRfbm90aWZpY2F0aW9uczp2ZXJzaW9uXzEYycKRyIsDIkdwcm9qZWN0cy9mYW1vdXMtc3RvY2tzL2xvY2F0aW9ucy91cy1jZW50cmFsMS9mdW5jdGlvbnMvZ2V0Tm90aWZpY2F0aW9ucyoMCIitzrUGEIDHr5cDMghub2RlanMxODp2CiNnY3IuaW8vZ2FlLXJ1bnRpbWVzL25vZGVqczE4OnN0YWJsZRJPdXMtY2VudHJhbDEtZG9ja2VyLnBrZy5kZXYvc2VydmVybGVzcy1ydW50aW1lcy9nb29nbGUtMjItZnVsbC9ydW50aW1lcy9ub2RlanMxOEAB for region us-central1
[debug] [2024-08-07T15:45:17.871Z] [update-default-us-central1-deleteNotification] Retrying task index 0
[debug] [2024-08-07T15:45:17.872Z] >>> [apiv2][query] GET https://cloudfunctions.googleapis.com/v2/projects/famous-stocks/locations/us-central1/operations/operation-1723045515991-61f19cbe99bba-752724f3-c0b7052b [none]
[debug] [2024-08-07T15:45:18.162Z] [update-default-us-central1-subscribeForNotifications] Retrying task index 0
[debug] [2024-08-07T15:45:18.163Z] >>> [apiv2][query] GET https://cloudfunctions.googleapis.com/v2/projects/famous-stocks/locations/us-central1/operations/operation-1723045516129-61f19cbebb300-79b02ef6-ff115bad [none]
[debug] [2024-08-07T15:45:18.198Z] [update-default-us-central1-getTransactions] Retrying task index 0
[debug] [2024-08-07T15:45:18.199Z] >>> [apiv2][query] GET https://cloudfunctions.googleapis.com/v2/projects/famous-stocks/locations/us-central1/operations/operation-1723045516133-61f19cbebc5f9-a4c2b04d-76fe279f [none]
[debug] [2024-08-07T15:45:18.651Z] <<< [apiv2][status] GET https://cloudfunctions.googleapis.com/v2/projects/famous-stocks/locations/us-central1/operations/operation-1723045515991-61f19cbe99bba-752724f3-c0b7052b 200
[debug] [2024-08-07T15:45:18.651Z] <<< [apiv2][body] GET https://cloudfunctions.googleapis.com/v2/projects/famous-stocks/locations/us-central1/operations/operation-1723045515991-61f19cbe99bba-752724f3-c0b7052b {"name":"projects/famous-stocks/locations/us-central1/operations/operation-1723045515991-61f19cbe99bba-752724f3-c0b7052b","metadata":{"@type":"type.googleapis.com/google.cloud.functions.v2.OperationMetadata","createTime":"2024-08-07T15:45:16.590683251Z","target":"projects/famous-stocks/locations/us-central1/functions/deleteNotification","verb":"update","cancelRequested":false,"apiVersion":"v2","requestResource":{"@type":"type.googleapis.com/google.cloud.functions.v2.Function","name":"projects/famous-stocks/locations/us-central1/functions/deleteNotification","buildConfig":{"runtime":"nodejs18","entryPoint":"deleteNotification","source":{"storageSource":{"bucket":"gcf-v2-sources-106183287113-us-central1","object":"deleteNotification/function-source.zip","generation":"1723045516549739"}},"environmentVariables":{"GOOGLE_NODE_RUN_SCRIPTS":""},"dockerRepository":"projects/famous-stocks/locations/us-central1/repositories/gcf-artifacts","sourceProvenance":{"resolvedStorageSource":{"bucket":"gcf-v2-sources-106183287113-us-central1","object":"deleteNotification/function-source.zip","generation":"1722789443371580"}},"dockerRegistry":"ARTIFACT_REGISTRY","sourceToken":"Cldwcm9qZWN0cy8xMDYxODMyODcxMTMvbG9jYXRpb25zL3VzLWNlbnRyYWwxL2J1aWxkcy83NDZmNDE5Zi01ZmFjLTQ3NDktODlmMy1mNjlhZDU4YzhkNGYSUnVzLWNlbnRyYWwxLWRvY2tlci5wa2cuZGV2L2ZhbW91cy1zdG9ja3MvZ2NmLWFydGlmYWN0cy9nZXRfbm90aWZpY2F0aW9uczp2ZXJzaW9uXzEYycKRyIsDIkdwcm9qZWN0cy9mYW1vdXMtc3RvY2tzL2xvY2F0aW9ucy91cy1jZW50cmFsMS9mdW5jdGlvbnMvZ2V0Tm90aWZpY2F0aW9ucyoMCIitzrUGEIDHr5cDMghub2RlanMxODp2CiNnY3IuaW8vZ2FlLXJ1bnRpbWVzL25vZGVqczE4OnN0YWJsZRJPdXMtY2VudHJhbDEtZG9ja2VyLnBrZy5kZXYvc2VydmVybGVzcy1ydW50aW1lcy9nb29nbGUtMjItZnVsbC9ydW50aW1lcy9ub2RlanMxOEAB","serviceAccount":"projects/famous-stocks/serviceAccounts/106183287113-compute@developer.gserviceaccount.com","automaticUpdatePolicy":{}},"serviceConfig":{"service":"projects/famous-stocks/locations/us-central1/services/deletenotification","timeoutSeconds":60,"environmentVariables":{"FIREBASE_CONFIG":"{\"projectId\":\"famous-stocks\",\"storageBucket\":\"famous-stocks.appspot.com\",\"locationId\":\"us-central\"}","GCLOUD_PROJECT":"famous-stocks","FIRESTORE_PREFER_REST":"true","EVENTARC_CLOUD_EVENT_SOURCE":"projects/famous-stocks/locations/us-central1/services/deleteNotification","FUNCTION_TARGET":"deleteNotification","LOG_EXECUTION_ID":"true","FUNCTION_SIGNATURE_TYPE":"http"},"ingressSettings":"ALLOW_ALL","uri":"https://deletenotification-kjcs74itya-uc.a.run.app","serviceAccountEmail":"106183287113-compute@developer.gserviceaccount.com","availableMemory":"256Mi","allTrafficOnLatestRevision":true,"revision":"deletenotification-00001-zex","maxInstanceRequestConcurrency":80,"availableCpu":"1"},"state":"ACTIVE","labels":{"deployment-tool":"cli-firebase","deployment-callable":"true","firebase-functions-hash":"1b84d3a8d6bb2af7b71e3422cda7ca39f0ec36f5"},"environment":"GEN_2","url":"https://us-central1-famous-stocks.cloudfunctions.net/deleteNotification"},"stages":[{"name":"BUILD","message":"Reusing build","state":"COMPLETE","resource":"projects/106183287113/locations/us-central1/builds/746f419f-5fac-4749-89f3-f69ad58c8d4f"},{"name":"SERVICE","message":"Updating Cloud Run service","state":"IN_PROGRESS","resource":"projects/famous-stocks/locations/us-central1/services/deletenotification","resourceUri":"https://console.cloud.google.com/run/detail/us-central1/deletenotification?project=famous-stocks","stateMessages":[{"severity":"INFO","type":"CloudRunServiceNewRevisionTrafficInfo","message":"A new revision will be deployed serving with 100% traffic."}]}],"sourceToken":"Cldwcm9qZWN0cy8xMDYxODMyODcxMTMvbG9jYXRpb25zL3VzLWNlbnRyYWwxL2J1aWxkcy83NDZmNDE5Zi01ZmFjLTQ3NDktODlmMy1mNjlhZDU4YzhkNGYSUnVzLWNlbnRyYWwxLWRvY2tlci5wa2cuZGV2L2ZhbW91cy1zdG9ja3MvZ2NmLWFydGlmYWN0cy9nZXRfbm90aWZpY2F0aW9uczp2ZXJzaW9uXzEYycKRyIsDIkdwcm9qZWN0cy9mYW1vdXMtc3RvY2tzL2xvY2F0aW9ucy91cy1jZW50cmFsMS9mdW5jdGlvbnMvZ2V0Tm90aWZpY2F0aW9ucyoMCIitzrUGEIDHr5cDMghub2RlanMxODp2CiNnY3IuaW8vZ2FlLXJ1bnRpbWVzL25vZGVqczE4OnN0YWJsZRJPdXMtY2VudHJhbDEtZG9ja2VyLnBrZy5kZXYvc2VydmVybGVzcy1ydW50aW1lcy9nb29nbGUtMjItZnVsbC9ydW50aW1lcy9ub2RlanMxOEAB","operationType":"UPDATE_FUNCTION","buildName":"projects/106183287113/locations/us-central1/builds/746f419f-5fac-4749-89f3-f69ad58c8d4f"},"done":false}
[debug] [2024-08-07T15:45:18.652Z] Got source token Cldwcm9qZWN0cy8xMDYxODMyODcxMTMvbG9jYXRpb25zL3VzLWNlbnRyYWwxL2J1aWxkcy83NDZmNDE5Zi01ZmFjLTQ3NDktODlmMy1mNjlhZDU4YzhkNGYSUnVzLWNlbnRyYWwxLWRvY2tlci5wa2cuZGV2L2ZhbW91cy1zdG9ja3MvZ2NmLWFydGlmYWN0cy9nZXRfbm90aWZpY2F0aW9uczp2ZXJzaW9uXzEYycKRyIsDIkdwcm9qZWN0cy9mYW1vdXMtc3RvY2tzL2xvY2F0aW9ucy91cy1jZW50cmFsMS9mdW5jdGlvbnMvZ2V0Tm90aWZpY2F0aW9ucyoMCIitzrUGEIDHr5cDMghub2RlanMxODp2CiNnY3IuaW8vZ2FlLXJ1bnRpbWVzL25vZGVqczE4OnN0YWJsZRJPdXMtY2VudHJhbDEtZG9ja2VyLnBrZy5kZXYvc2VydmVybGVzcy1ydW50aW1lcy9nb29nbGUtMjItZnVsbC9ydW50aW1lcy9ub2RlanMxOEAB for region us-central1
[debug] [2024-08-07T15:45:18.962Z] <<< [apiv2][status] GET https://cloudfunctions.googleapis.com/v2/projects/famous-stocks/locations/us-central1/operations/operation-1723045516129-61f19cbebb300-79b02ef6-ff115bad 200
[debug] [2024-08-07T15:45:18.962Z] <<< [apiv2][body] GET https://cloudfunctions.googleapis.com/v2/projects/famous-stocks/locations/us-central1/operations/operation-1723045516129-61f19cbebb300-79b02ef6-ff115bad {"name":"projects/famous-stocks/locations/us-central1/operations/operation-1723045516129-61f19cbebb300-79b02ef6-ff115bad","metadata":{"@type":"type.googleapis.com/google.cloud.functions.v2.OperationMetadata","createTime":"2024-08-07T15:45:16.928394819Z","target":"projects/famous-stocks/locations/us-central1/functions/subscribeForNotifications","verb":"update","cancelRequested":false,"apiVersion":"v2","requestResource":{"@type":"type.googleapis.com/google.cloud.functions.v2.Function","name":"projects/famous-stocks/locations/us-central1/functions/subscribeForNotifications","buildConfig":{"runtime":"nodejs18","entryPoint":"subscribeForNotifications","source":{"storageSource":{"bucket":"gcf-v2-sources-106183287113-us-central1","object":"subscribeForNotifications/function-source.zip","generation":"1723045516893000"}},"environmentVariables":{"GOOGLE_NODE_RUN_SCRIPTS":""},"dockerRepository":"projects/famous-stocks/locations/us-central1/repositories/gcf-artifacts","sourceProvenance":{"resolvedStorageSource":{"bucket":"gcf-v2-sources-106183287113-us-central1","object":"subscribeForNotifications/function-source.zip","generation":"1722789508615084"}},"dockerRegistry":"ARTIFACT_REGISTRY","sourceToken":"Cldwcm9qZWN0cy8xMDYxODMyODcxMTMvbG9jYXRpb25zL3VzLWNlbnRyYWwxL2J1aWxkcy83NDZmNDE5Zi01ZmFjLTQ3NDktODlmMy1mNjlhZDU4YzhkNGYSUnVzLWNlbnRyYWwxLWRvY2tlci5wa2cuZGV2L2ZhbW91cy1zdG9ja3MvZ2NmLWFydGlmYWN0cy9nZXRfbm90aWZpY2F0aW9uczp2ZXJzaW9uXzEYycKRyIsDIkdwcm9qZWN0cy9mYW1vdXMtc3RvY2tzL2xvY2F0aW9ucy91cy1jZW50cmFsMS9mdW5jdGlvbnMvZ2V0Tm90aWZpY2F0aW9ucyoMCIitzrUGEIDHr5cDMghub2RlanMxODp2CiNnY3IuaW8vZ2FlLXJ1bnRpbWVzL25vZGVqczE4OnN0YWJsZRJPdXMtY2VudHJhbDEtZG9ja2VyLnBrZy5kZXYvc2VydmVybGVzcy1ydW50aW1lcy9nb29nbGUtMjItZnVsbC9ydW50aW1lcy9ub2RlanMxOEAB","serviceAccount":"projects/famous-stocks/serviceAccounts/106183287113-compute@developer.gserviceaccount.com","automaticUpdatePolicy":{}},"serviceConfig":{"service":"projects/famous-stocks/locations/us-central1/services/subscribefornotifications","timeoutSeconds":60,"environmentVariables":{"FIREBASE_CONFIG":"{\"projectId\":\"famous-stocks\",\"storageBucket\":\"famous-stocks.appspot.com\",\"locationId\":\"us-central\"}","GCLOUD_PROJECT":"famous-stocks","FIRESTORE_PREFER_REST":"true","EVENTARC_CLOUD_EVENT_SOURCE":"projects/famous-stocks/locations/us-central1/services/subscribeForNotifications","FUNCTION_TARGET":"subscribeForNotifications","LOG_EXECUTION_ID":"true","FUNCTION_SIGNATURE_TYPE":"http"},"ingressSettings":"ALLOW_ALL","uri":"https://subscribefornotifications-kjcs74itya-uc.a.run.app","serviceAccountEmail":"106183287113-compute@developer.gserviceaccount.com","availableMemory":"256Mi","allTrafficOnLatestRevision":true,"revision":"subscribefornotifications-00004-yog","maxInstanceRequestConcurrency":80,"availableCpu":"1"},"state":"ACTIVE","labels":{"deployment-tool":"cli-firebase","deployment-callable":"true","firebase-functions-hash":"1b84d3a8d6bb2af7b71e3422cda7ca39f0ec36f5"},"environment":"GEN_2","url":"https://us-central1-famous-stocks.cloudfunctions.net/subscribeForNotifications"},"stages":[{"name":"BUILD","message":"Reusing build","state":"COMPLETE","resource":"projects/106183287113/locations/us-central1/builds/746f419f-5fac-4749-89f3-f69ad58c8d4f"},{"name":"SERVICE","message":"Updating Cloud Run service","state":"IN_PROGRESS","resource":"projects/famous-stocks/locations/us-central1/services/subscribefornotifications","resourceUri":"https://console.cloud.google.com/run/detail/us-central1/subscribefornotifications?project=famous-stocks","stateMessages":[{"severity":"INFO","type":"CloudRunServiceNewRevisionTrafficInfo","message":"A new revision will be deployed serving with 100% traffic."}]}],"sourceToken":"Cldwcm9qZWN0cy8xMDYxODMyODcxMTMvbG9jYXRpb25zL3VzLWNlbnRyYWwxL2J1aWxkcy83NDZmNDE5Zi01ZmFjLTQ3NDktODlmMy1mNjlhZDU4YzhkNGYSUnVzLWNlbnRyYWwxLWRvY2tlci5wa2cuZGV2L2ZhbW91cy1zdG9ja3MvZ2NmLWFydGlmYWN0cy9nZXRfbm90aWZpY2F0aW9uczp2ZXJzaW9uXzEYycKRyIsDIkdwcm9qZWN0cy9mYW1vdXMtc3RvY2tzL2xvY2F0aW9ucy91cy1jZW50cmFsMS9mdW5jdGlvbnMvZ2V0Tm90aWZpY2F0aW9ucyoMCIitzrUGEIDHr5cDMghub2RlanMxODp2CiNnY3IuaW8vZ2FlLXJ1bnRpbWVzL25vZGVqczE4OnN0YWJsZRJPdXMtY2VudHJhbDEtZG9ja2VyLnBrZy5kZXYvc2VydmVybGVzcy1ydW50aW1lcy9nb29nbGUtMjItZnVsbC9ydW50aW1lcy9ub2RlanMxOEAB","operationType":"UPDATE_FUNCTION","buildName":"projects/106183287113/locations/us-central1/builds/746f419f-5fac-4749-89f3-f69ad58c8d4f"},"done":false}
[debug] [2024-08-07T15:45:18.963Z] Got source token Cldwcm9qZWN0cy8xMDYxODMyODcxMTMvbG9jYXRpb25zL3VzLWNlbnRyYWwxL2J1aWxkcy83NDZmNDE5Zi01ZmFjLTQ3NDktODlmMy1mNjlhZDU4YzhkNGYSUnVzLWNlbnRyYWwxLWRvY2tlci5wa2cuZGV2L2ZhbW91cy1zdG9ja3MvZ2NmLWFydGlmYWN0cy9nZXRfbm90aWZpY2F0aW9uczp2ZXJzaW9uXzEYycKRyIsDIkdwcm9qZWN0cy9mYW1vdXMtc3RvY2tzL2xvY2F0aW9ucy91cy1jZW50cmFsMS9mdW5jdGlvbnMvZ2V0Tm90aWZpY2F0aW9ucyoMCIitzrUGEIDHr5cDMghub2RlanMxODp2CiNnY3IuaW8vZ2FlLXJ1bnRpbWVzL25vZGVqczE4OnN0YWJsZRJPdXMtY2VudHJhbDEtZG9ja2VyLnBrZy5kZXYvc2VydmVybGVzcy1ydW50aW1lcy9nb29nbGUtMjItZnVsbC9ydW50aW1lcy9ub2RlanMxOEAB for region us-central1
[debug] [2024-08-07T15:45:18.963Z] <<< [apiv2][status] GET https://cloudfunctions.googleapis.com/v2/projects/famous-stocks/locations/us-central1/operations/operation-1723045516133-61f19cbebc5f9-a4c2b04d-76fe279f 200
[debug] [2024-08-07T15:45:18.963Z] <<< [apiv2][body] GET https://cloudfunctions.googleapis.com/v2/projects/famous-stocks/locations/us-central1/operations/operation-1723045516133-61f19cbebc5f9-a4c2b04d-76fe279f {"name":"projects/famous-stocks/locations/us-central1/operations/operation-1723045516133-61f19cbebc5f9-a4c2b04d-76fe279f","metadata":{"@type":"type.googleapis.com/google.cloud.functions.v2.OperationMetadata","createTime":"2024-08-07T15:45:16.959318339Z","target":"projects/famous-stocks/locations/us-central1/functions/getTransactions","verb":"update","cancelRequested":false,"apiVersion":"v2","requestResource":{"@type":"type.googleapis.com/google.cloud.functions.v2.Function","name":"projects/famous-stocks/locations/us-central1/functions/getTransactions","buildConfig":{"runtime":"nodejs18","entryPoint":"getTransactions","source":{"storageSource":{"bucket":"gcf-v2-sources-106183287113-us-central1","object":"getTransactions/function-source.zip","generation":"1723045516917291"}},"environmentVariables":{"GOOGLE_NODE_RUN_SCRIPTS":""},"dockerRepository":"projects/famous-stocks/locations/us-central1/repositories/gcf-artifacts","sourceProvenance":{"resolvedStorageSource":{"bucket":"gcf-v2-sources-106183287113-us-central1","object":"getTransactions/function-source.zip","generation":"1722789508853531"}},"dockerRegistry":"ARTIFACT_REGISTRY","sourceToken":"Cldwcm9qZWN0cy8xMDYxODMyODcxMTMvbG9jYXRpb25zL3VzLWNlbnRyYWwxL2J1aWxkcy83NDZmNDE5Zi01ZmFjLTQ3NDktODlmMy1mNjlhZDU4YzhkNGYSUnVzLWNlbnRyYWwxLWRvY2tlci5wa2cuZGV2L2ZhbW91cy1zdG9ja3MvZ2NmLWFydGlmYWN0cy9nZXRfbm90aWZpY2F0aW9uczp2ZXJzaW9uXzEYycKRyIsDIkdwcm9qZWN0cy9mYW1vdXMtc3RvY2tzL2xvY2F0aW9ucy91cy1jZW50cmFsMS9mdW5jdGlvbnMvZ2V0Tm90aWZpY2F0aW9ucyoMCIitzrUGEIDHr5cDMghub2RlanMxODp2CiNnY3IuaW8vZ2FlLXJ1bnRpbWVzL25vZGVqczE4OnN0YWJsZRJPdXMtY2VudHJhbDEtZG9ja2VyLnBrZy5kZXYvc2VydmVybGVzcy1ydW50aW1lcy9nb29nbGUtMjItZnVsbC9ydW50aW1lcy9ub2RlanMxOEAB","serviceAccount":"projects/famous-stocks/serviceAccounts/106183287113-compute@developer.gserviceaccount.com","automaticUpdatePolicy":{}},"serviceConfig":{"service":"projects/famous-stocks/locations/us-central1/services/gettransactions","timeoutSeconds":60,"environmentVariables":{"FIREBASE_CONFIG":"{\"projectId\":\"famous-stocks\",\"storageBucket\":\"famous-stocks.appspot.com\",\"locationId\":\"us-central\"}","GCLOUD_PROJECT":"famous-stocks","FIRESTORE_PREFER_REST":"true","EVENTARC_CLOUD_EVENT_SOURCE":"projects/famous-stocks/locations/us-central1/services/getTransactions","FUNCTION_TARGET":"getTransactions","LOG_EXECUTION_ID":"true","FUNCTION_SIGNATURE_TYPE":"http"},"ingressSettings":"ALLOW_ALL","uri":"https://gettransactions-kjcs74itya-uc.a.run.app","serviceAccountEmail":"106183287113-compute@developer.gserviceaccount.com","availableMemory":"256Mi","allTrafficOnLatestRevision":true,"revision":"gettransactions-00014-foj","maxInstanceRequestConcurrency":80,"availableCpu":"1"},"state":"ACTIVE","labels":{"deployment-tool":"cli-firebase","firebase-functions-hash":"1b84d3a8d6bb2af7b71e3422cda7ca39f0ec36f5"},"environment":"GEN_2","url":"https://us-central1-famous-stocks.cloudfunctions.net/getTransactions"},"stages":[{"name":"BUILD","message":"Reusing build","state":"COMPLETE","resource":"projects/106183287113/locations/us-central1/builds/746f419f-5fac-4749-89f3-f69ad58c8d4f"},{"name":"SERVICE","message":"Updating Cloud Run service","state":"IN_PROGRESS","resource":"projects/famous-stocks/locations/us-central1/services/gettransactions","resourceUri":"https://console.cloud.google.com/run/detail/us-central1/gettransactions?project=famous-stocks","stateMessages":[{"severity":"INFO","type":"CloudRunServiceNewRevisionTrafficInfo","message":"A new revision will be deployed serving with 100% traffic."}]}],"sourceToken":"Cldwcm9qZWN0cy8xMDYxODMyODcxMTMvbG9jYXRpb25zL3VzLWNlbnRyYWwxL2J1aWxkcy83NDZmNDE5Zi01ZmFjLTQ3NDktODlmMy1mNjlhZDU4YzhkNGYSUnVzLWNlbnRyYWwxLWRvY2tlci5wa2cuZGV2L2ZhbW91cy1zdG9ja3MvZ2NmLWFydGlmYWN0cy9nZXRfbm90aWZpY2F0aW9uczp2ZXJzaW9uXzEYycKRyIsDIkdwcm9qZWN0cy9mYW1vdXMtc3RvY2tzL2xvY2F0aW9ucy91cy1jZW50cmFsMS9mdW5jdGlvbnMvZ2V0Tm90aWZpY2F0aW9ucyoMCIitzrUGEIDHr5cDMghub2RlanMxODp2CiNnY3IuaW8vZ2FlLXJ1bnRpbWVzL25vZGVqczE4OnN0YWJsZRJPdXMtY2VudHJhbDEtZG9ja2VyLnBrZy5kZXYvc2VydmVybGVzcy1ydW50aW1lcy9nb29nbGUtMjItZnVsbC9ydW50aW1lcy9ub2RlanMxOEAB","operationType":"UPDATE_FUNCTION","buildName":"projects/106183287113/locations/us-central1/builds/746f419f-5fac-4749-89f3-f69ad58c8d4f"},"done":false}
[debug] [2024-08-07T15:45:18.963Z] Got source token Cldwcm9qZWN0cy8xMDYxODMyODcxMTMvbG9jYXRpb25zL3VzLWNlbnRyYWwxL2J1aWxkcy83NDZmNDE5Zi01ZmFjLTQ3NDktODlmMy1mNjlhZDU4YzhkNGYSUnVzLWNlbnRyYWwxLWRvY2tlci5wa2cuZGV2L2ZhbW91cy1zdG9ja3MvZ2NmLWFydGlmYWN0cy9nZXRfbm90aWZpY2F0aW9uczp2ZXJzaW9uXzEYycKRyIsDIkdwcm9qZWN0cy9mYW1vdXMtc3RvY2tzL2xvY2F0aW9ucy91cy1jZW50cmFsMS9mdW5jdGlvbnMvZ2V0Tm90aWZpY2F0aW9ucyoMCIitzrUGEIDHr5cDMghub2RlanMxODp2CiNnY3IuaW8vZ2FlLXJ1bnRpbWVzL25vZGVqczE4OnN0YWJsZRJPdXMtY2VudHJhbDEtZG9ja2VyLnBrZy5kZXYvc2VydmVybGVzcy1ydW50aW1lcy9nb29nbGUtMjItZnVsbC9ydW50aW1lcy9ub2RlanMxOEAB for region us-central1
[debug] [2024-08-07T15:45:19.654Z] [update-default-us-central1-deleteNotification] Retrying task index 0
[debug] [2024-08-07T15:45:19.654Z] >>> [apiv2][query] GET https://cloudfunctions.googleapis.com/v2/projects/famous-stocks/locations/us-central1/operations/operation-1723045515991-61f19cbe99bba-752724f3-c0b7052b [none]
[debug] [2024-08-07T15:45:19.964Z] [update-default-us-central1-subscribeForNotifications] Retrying task index 0
[debug] [2024-08-07T15:45:19.965Z] >>> [apiv2][query] GET https://cloudfunctions.googleapis.com/v2/projects/famous-stocks/locations/us-central1/operations/operation-1723045516129-61f19cbebb300-79b02ef6-ff115bad [none]
[debug] [2024-08-07T15:45:19.968Z] [update-default-us-central1-getTransactions] Retrying task index 0
[debug] [2024-08-07T15:45:19.969Z] >>> [apiv2][query] GET https://cloudfunctions.googleapis.com/v2/projects/famous-stocks/locations/us-central1/operations/operation-1723045516133-61f19cbebc5f9-a4c2b04d-76fe279f [none]
[debug] [2024-08-07T15:45:20.396Z] <<< [apiv2][status] GET https://cloudfunctions.googleapis.com/v2/projects/famous-stocks/locations/us-central1/operations/operation-1723045515991-61f19cbe99bba-752724f3-c0b7052b 200
[debug] [2024-08-07T15:45:20.396Z] <<< [apiv2][body] GET https://cloudfunctions.googleapis.com/v2/projects/famous-stocks/locations/us-central1/operations/operation-1723045515991-61f19cbe99bba-752724f3-c0b7052b {"name":"projects/famous-stocks/locations/us-central1/operations/operation-1723045515991-61f19cbe99bba-752724f3-c0b7052b","metadata":{"@type":"type.googleapis.com/google.cloud.functions.v2.OperationMetadata","createTime":"2024-08-07T15:45:16.590683251Z","target":"projects/famous-stocks/locations/us-central1/functions/deleteNotification","verb":"update","cancelRequested":false,"apiVersion":"v2","requestResource":{"@type":"type.googleapis.com/google.cloud.functions.v2.Function","name":"projects/famous-stocks/locations/us-central1/functions/deleteNotification","buildConfig":{"runtime":"nodejs18","entryPoint":"deleteNotification","source":{"storageSource":{"bucket":"gcf-v2-sources-106183287113-us-central1","object":"deleteNotification/function-source.zip","generation":"1723045516549739"}},"environmentVariables":{"GOOGLE_NODE_RUN_SCRIPTS":""},"dockerRepository":"projects/famous-stocks/locations/us-central1/repositories/gcf-artifacts","sourceProvenance":{"resolvedStorageSource":{"bucket":"gcf-v2-sources-106183287113-us-central1","object":"deleteNotification/function-source.zip","generation":"1722789443371580"}},"dockerRegistry":"ARTIFACT_REGISTRY","sourceToken":"Cldwcm9qZWN0cy8xMDYxODMyODcxMTMvbG9jYXRpb25zL3VzLWNlbnRyYWwxL2J1aWxkcy83NDZmNDE5Zi01ZmFjLTQ3NDktODlmMy1mNjlhZDU4YzhkNGYSUnVzLWNlbnRyYWwxLWRvY2tlci5wa2cuZGV2L2ZhbW91cy1zdG9ja3MvZ2NmLWFydGlmYWN0cy9nZXRfbm90aWZpY2F0aW9uczp2ZXJzaW9uXzEYycKRyIsDIkdwcm9qZWN0cy9mYW1vdXMtc3RvY2tzL2xvY2F0aW9ucy91cy1jZW50cmFsMS9mdW5jdGlvbnMvZ2V0Tm90aWZpY2F0aW9ucyoMCIitzrUGEIDHr5cDMghub2RlanMxODp2CiNnY3IuaW8vZ2FlLXJ1bnRpbWVzL25vZGVqczE4OnN0YWJsZRJPdXMtY2VudHJhbDEtZG9ja2VyLnBrZy5kZXYvc2VydmVybGVzcy1ydW50aW1lcy9nb29nbGUtMjItZnVsbC9ydW50aW1lcy9ub2RlanMxOEAB","serviceAccount":"projects/famous-stocks/serviceAccounts/106183287113-compute@developer.gserviceaccount.com","automaticUpdatePolicy":{}},"serviceConfig":{"service":"projects/famous-stocks/locations/us-central1/services/deletenotification","timeoutSeconds":60,"environmentVariables":{"FIREBASE_CONFIG":"{\"projectId\":\"famous-stocks\",\"storageBucket\":\"famous-stocks.appspot.com\",\"locationId\":\"us-central\"}","GCLOUD_PROJECT":"famous-stocks","FIRESTORE_PREFER_REST":"true","EVENTARC_CLOUD_EVENT_SOURCE":"projects/famous-stocks/locations/us-central1/services/deleteNotification","FUNCTION_TARGET":"deleteNotification","LOG_EXECUTION_ID":"true","FUNCTION_SIGNATURE_TYPE":"http"},"ingressSettings":"ALLOW_ALL","uri":"https://deletenotification-kjcs74itya-uc.a.run.app","serviceAccountEmail":"106183287113-compute@developer.gserviceaccount.com","availableMemory":"256Mi","allTrafficOnLatestRevision":true,"revision":"deletenotification-00001-zex","maxInstanceRequestConcurrency":80,"availableCpu":"1"},"state":"ACTIVE","labels":{"deployment-tool":"cli-firebase","deployment-callable":"true","firebase-functions-hash":"1b84d3a8d6bb2af7b71e3422cda7ca39f0ec36f5"},"environment":"GEN_2","url":"https://us-central1-famous-stocks.cloudfunctions.net/deleteNotification"},"stages":[{"name":"BUILD","message":"Reusing build","state":"COMPLETE","resource":"projects/106183287113/locations/us-central1/builds/746f419f-5fac-4749-89f3-f69ad58c8d4f"},{"name":"SERVICE","message":"Updating Cloud Run service","state":"IN_PROGRESS","resource":"projects/famous-stocks/locations/us-central1/services/deletenotification","resourceUri":"https://console.cloud.google.com/run/detail/us-central1/deletenotification?project=famous-stocks","stateMessages":[{"severity":"INFO","type":"CloudRunServiceNewRevisionTrafficInfo","message":"A new revision will be deployed serving with 100% traffic."}]}],"sourceToken":"Cldwcm9qZWN0cy8xMDYxODMyODcxMTMvbG9jYXRpb25zL3VzLWNlbnRyYWwxL2J1aWxkcy83NDZmNDE5Zi01ZmFjLTQ3NDktODlmMy1mNjlhZDU4YzhkNGYSUnVzLWNlbnRyYWwxLWRvY2tlci5wa2cuZGV2L2ZhbW91cy1zdG9ja3MvZ2NmLWFydGlmYWN0cy9nZXRfbm90aWZpY2F0aW9uczp2ZXJzaW9uXzEYycKRyIsDIkdwcm9qZWN0cy9mYW1vdXMtc3RvY2tzL2xvY2F0aW9ucy91cy1jZW50cmFsMS9mdW5jdGlvbnMvZ2V0Tm90aWZpY2F0aW9ucyoMCIitzrUGEIDHr5cDMghub2RlanMxODp2CiNnY3IuaW8vZ2FlLXJ1bnRpbWVzL25vZGVqczE4OnN0YWJsZRJPdXMtY2VudHJhbDEtZG9ja2VyLnBrZy5kZXYvc2VydmVybGVzcy1ydW50aW1lcy9nb29nbGUtMjItZnVsbC9ydW50aW1lcy9ub2RlanMxOEAB","operationType":"UPDATE_FUNCTION","buildName":"projects/106183287113/locations/us-central1/builds/746f419f-5fac-4749-89f3-f69ad58c8d4f"},"done":false}
[debug] [2024-08-07T15:45:20.396Z] Got source token Cldwcm9qZWN0cy8xMDYxODMyODcxMTMvbG9jYXRpb25zL3VzLWNlbnRyYWwxL2J1aWxkcy83NDZmNDE5Zi01ZmFjLTQ3NDktODlmMy1mNjlhZDU4YzhkNGYSUnVzLWNlbnRyYWwxLWRvY2tlci5wa2cuZGV2L2ZhbW91cy1zdG9ja3MvZ2NmLWFydGlmYWN0cy9nZXRfbm90aWZpY2F0aW9uczp2ZXJzaW9uXzEYycKRyIsDIkdwcm9qZWN0cy9mYW1vdXMtc3RvY2tzL2xvY2F0aW9ucy91cy1jZW50cmFsMS9mdW5jdGlvbnMvZ2V0Tm90aWZpY2F0aW9ucyoMCIitzrUGEIDHr5cDMghub2RlanMxODp2CiNnY3IuaW8vZ2FlLXJ1bnRpbWVzL25vZGVqczE4OnN0YWJsZRJPdXMtY2VudHJhbDEtZG9ja2VyLnBrZy5kZXYvc2VydmVybGVzcy1ydW50aW1lcy9nb29nbGUtMjItZnVsbC9ydW50aW1lcy9ub2RlanMxOEAB for region us-central1
[debug] [2024-08-07T15:45:20.727Z] <<< [apiv2][status] GET https://cloudfunctions.googleapis.com/v2/projects/famous-stocks/locations/us-central1/operations/operation-1723045516133-61f19cbebc5f9-a4c2b04d-76fe279f 200
[debug] [2024-08-07T15:45:20.728Z] <<< [apiv2][body] GET https://cloudfunctions.googleapis.com/v2/projects/famous-stocks/locations/us-central1/operations/operation-1723045516133-61f19cbebc5f9-a4c2b04d-76fe279f {"name":"projects/famous-stocks/locations/us-central1/operations/operation-1723045516133-61f19cbebc5f9-a4c2b04d-76fe279f","metadata":{"@type":"type.googleapis.com/google.cloud.functions.v2.OperationMetadata","createTime":"2024-08-07T15:45:16.959318339Z","target":"projects/famous-stocks/locations/us-central1/functions/getTransactions","verb":"update","cancelRequested":false,"apiVersion":"v2","requestResource":{"@type":"type.googleapis.com/google.cloud.functions.v2.Function","name":"projects/famous-stocks/locations/us-central1/functions/getTransactions","buildConfig":{"runtime":"nodejs18","entryPoint":"getTransactions","source":{"storageSource":{"bucket":"gcf-v2-sources-106183287113-us-central1","object":"getTransactions/function-source.zip","generation":"1723045516917291"}},"environmentVariables":{"GOOGLE_NODE_RUN_SCRIPTS":""},"dockerRepository":"projects/famous-stocks/locations/us-central1/repositories/gcf-artifacts","sourceProvenance":{"resolvedStorageSource":{"bucket":"gcf-v2-sources-106183287113-us-central1","object":"getTransactions/function-source.zip","generation":"1722789508853531"}},"dockerRegistry":"ARTIFACT_REGISTRY","sourceToken":"Cldwcm9qZWN0cy8xMDYxODMyODcxMTMvbG9jYXRpb25zL3VzLWNlbnRyYWwxL2J1aWxkcy83NDZmNDE5Zi01ZmFjLTQ3NDktODlmMy1mNjlhZDU4YzhkNGYSUnVzLWNlbnRyYWwxLWRvY2tlci5wa2cuZGV2L2ZhbW91cy1zdG9ja3MvZ2NmLWFydGlmYWN0cy9nZXRfbm90aWZpY2F0aW9uczp2ZXJzaW9uXzEYycKRyIsDIkdwcm9qZWN0cy9mYW1vdXMtc3RvY2tzL2xvY2F0aW9ucy91cy1jZW50cmFsMS9mdW5jdGlvbnMvZ2V0Tm90aWZpY2F0aW9ucyoMCIitzrUGEIDHr5cDMghub2RlanMxODp2CiNnY3IuaW8vZ2FlLXJ1bnRpbWVzL25vZGVqczE4OnN0YWJsZRJPdXMtY2VudHJhbDEtZG9ja2VyLnBrZy5kZXYvc2VydmVybGVzcy1ydW50aW1lcy9nb29nbGUtMjItZnVsbC9ydW50aW1lcy9ub2RlanMxOEAB","serviceAccount":"projects/famous-stocks/serviceAccounts/106183287113-compute@developer.gserviceaccount.com","automaticUpdatePolicy":{}},"serviceConfig":{"service":"projects/famous-stocks/locations/us-central1/services/gettransactions","timeoutSeconds":60,"environmentVariables":{"FIREBASE_CONFIG":"{\"projectId\":\"famous-stocks\",\"storageBucket\":\"famous-stocks.appspot.com\",\"locationId\":\"us-central\"}","GCLOUD_PROJECT":"famous-stocks","FIRESTORE_PREFER_REST":"true","EVENTARC_CLOUD_EVENT_SOURCE":"projects/famous-stocks/locations/us-central1/services/getTransactions","FUNCTION_TARGET":"getTransactions","LOG_EXECUTION_ID":"true","FUNCTION_SIGNATURE_TYPE":"http"},"ingressSettings":"ALLOW_ALL","uri":"https://gettransactions-kjcs74itya-uc.a.run.app","serviceAccountEmail":"106183287113-compute@developer.gserviceaccount.com","availableMemory":"256Mi","allTrafficOnLatestRevision":true,"revision":"gettransactions-00014-foj","maxInstanceRequestConcurrency":80,"availableCpu":"1"},"state":"ACTIVE","labels":{"deployment-tool":"cli-firebase","firebase-functions-hash":"1b84d3a8d6bb2af7b71e3422cda7ca39f0ec36f5"},"environment":"GEN_2","url":"https://us-central1-famous-stocks.cloudfunctions.net/getTransactions"},"stages":[{"name":"BUILD","message":"Reusing build","state":"COMPLETE","resource":"projects/106183287113/locations/us-central1/builds/746f419f-5fac-4749-89f3-f69ad58c8d4f"},{"name":"SERVICE","message":"Updating Cloud Run service","state":"IN_PROGRESS","resource":"projects/famous-stocks/locations/us-central1/services/gettransactions","resourceUri":"https://console.cloud.google.com/run/detail/us-central1/gettransactions?project=famous-stocks","stateMessages":[{"severity":"INFO","type":"CloudRunServiceNewRevisionTrafficInfo","message":"A new revision will be deployed serving with 100% traffic."}]}],"sourceToken":"Cldwcm9qZWN0cy8xMDYxODMyODcxMTMvbG9jYXRpb25zL3VzLWNlbnRyYWwxL2J1aWxkcy83NDZmNDE5Zi01ZmFjLTQ3NDktODlmMy1mNjlhZDU4YzhkNGYSUnVzLWNlbnRyYWwxLWRvY2tlci5wa2cuZGV2L2ZhbW91cy1zdG9ja3MvZ2NmLWFydGlmYWN0cy9nZXRfbm90aWZpY2F0aW9uczp2ZXJzaW9uXzEYycKRyIsDIkdwcm9qZWN0cy9mYW1vdXMtc3RvY2tzL2xvY2F0aW9ucy91cy1jZW50cmFsMS9mdW5jdGlvbnMvZ2V0Tm90aWZpY2F0aW9ucyoMCIitzrUGEIDHr5cDMghub2RlanMxODp2CiNnY3IuaW8vZ2FlLXJ1bnRpbWVzL25vZGVqczE4OnN0YWJsZRJPdXMtY2VudHJhbDEtZG9ja2VyLnBrZy5kZXYvc2VydmVybGVzcy1ydW50aW1lcy9nb29nbGUtMjItZnVsbC9ydW50aW1lcy9ub2RlanMxOEAB","operationType":"UPDATE_FUNCTION","buildName":"projects/106183287113/locations/us-central1/builds/746f419f-5fac-4749-89f3-f69ad58c8d4f"},"done":false}
[debug] [2024-08-07T15:45:20.728Z] Got source token Cldwcm9qZWN0cy8xMDYxODMyODcxMTMvbG9jYXRpb25zL3VzLWNlbnRyYWwxL2J1aWxkcy83NDZmNDE5Zi01ZmFjLTQ3NDktODlmMy1mNjlhZDU4YzhkNGYSUnVzLWNlbnRyYWwxLWRvY2tlci5wa2cuZGV2L2ZhbW91cy1zdG9ja3MvZ2NmLWFydGlmYWN0cy9nZXRfbm90aWZpY2F0aW9uczp2ZXJzaW9uXzEYycKRyIsDIkdwcm9qZWN0cy9mYW1vdXMtc3RvY2tzL2xvY2F0aW9ucy91cy1jZW50cmFsMS9mdW5jdGlvbnMvZ2V0Tm90aWZpY2F0aW9ucyoMCIitzrUGEIDHr5cDMghub2RlanMxODp2CiNnY3IuaW8vZ2FlLXJ1bnRpbWVzL25vZGVqczE4OnN0YWJsZRJPdXMtY2VudHJhbDEtZG9ja2VyLnBrZy5kZXYvc2VydmVybGVzcy1ydW50aW1lcy9nb29nbGUtMjItZnVsbC9ydW50aW1lcy9ub2RlanMxOEAB for region us-central1
[debug] [2024-08-07T15:45:20.756Z] <<< [apiv2][status] GET https://cloudfunctions.googleapis.com/v2/projects/famous-stocks/locations/us-central1/operations/operation-1723045516129-61f19cbebb300-79b02ef6-ff115bad 200
[debug] [2024-08-07T15:45:20.757Z] <<< [apiv2][body] GET https://cloudfunctions.googleapis.com/v2/projects/famous-stocks/locations/us-central1/operations/operation-1723045516129-61f19cbebb300-79b02ef6-ff115bad {"name":"projects/famous-stocks/locations/us-central1/operations/operation-1723045516129-61f19cbebb300-79b02ef6-ff115bad","metadata":{"@type":"type.googleapis.com/google.cloud.functions.v2.OperationMetadata","createTime":"2024-08-07T15:45:16.928394819Z","target":"projects/famous-stocks/locations/us-central1/functions/subscribeForNotifications","verb":"update","cancelRequested":false,"apiVersion":"v2","requestResource":{"@type":"type.googleapis.com/google.cloud.functions.v2.Function","name":"projects/famous-stocks/locations/us-central1/functions/subscribeForNotifications","buildConfig":{"runtime":"nodejs18","entryPoint":"subscribeForNotifications","source":{"storageSource":{"bucket":"gcf-v2-sources-106183287113-us-central1","object":"subscribeForNotifications/function-source.zip","generation":"1723045516893000"}},"environmentVariables":{"GOOGLE_NODE_RUN_SCRIPTS":""},"dockerRepository":"projects/famous-stocks/locations/us-central1/repositories/gcf-artifacts","sourceProvenance":{"resolvedStorageSource":{"bucket":"gcf-v2-sources-106183287113-us-central1","object":"subscribeForNotifications/function-source.zip","generation":"1722789508615084"}},"dockerRegistry":"ARTIFACT_REGISTRY","sourceToken":"Cldwcm9qZWN0cy8xMDYxODMyODcxMTMvbG9jYXRpb25zL3VzLWNlbnRyYWwxL2J1aWxkcy83NDZmNDE5Zi01ZmFjLTQ3NDktODlmMy1mNjlhZDU4YzhkNGYSUnVzLWNlbnRyYWwxLWRvY2tlci5wa2cuZGV2L2ZhbW91cy1zdG9ja3MvZ2NmLWFydGlmYWN0cy9nZXRfbm90aWZpY2F0aW9uczp2ZXJzaW9uXzEYycKRyIsDIkdwcm9qZWN0cy9mYW1vdXMtc3RvY2tzL2xvY2F0aW9ucy91cy1jZW50cmFsMS9mdW5jdGlvbnMvZ2V0Tm90aWZpY2F0aW9ucyoMCIitzrUGEIDHr5cDMghub2RlanMxODp2CiNnY3IuaW8vZ2FlLXJ1bnRpbWVzL25vZGVqczE4OnN0YWJsZRJPdXMtY2VudHJhbDEtZG9ja2VyLnBrZy5kZXYvc2VydmVybGVzcy1ydW50aW1lcy9nb29nbGUtMjItZnVsbC9ydW50aW1lcy9ub2RlanMxOEAB","serviceAccount":"projects/famous-stocks/serviceAccounts/106183287113-compute@developer.gserviceaccount.com","automaticUpdatePolicy":{}},"serviceConfig":{"service":"projects/famous-stocks/locations/us-central1/services/subscribefornotifications","timeoutSeconds":60,"environmentVariables":{"FIREBASE_CONFIG":"{\"projectId\":\"famous-stocks\",\"storageBucket\":\"famous-stocks.appspot.com\",\"locationId\":\"us-central\"}","GCLOUD_PROJECT":"famous-stocks","FIRESTORE_PREFER_REST":"true","EVENTARC_CLOUD_EVENT_SOURCE":"projects/famous-stocks/locations/us-central1/services/subscribeForNotifications","FUNCTION_TARGET":"subscribeForNotifications","LOG_EXECUTION_ID":"true","FUNCTION_SIGNATURE_TYPE":"http"},"ingressSettings":"ALLOW_ALL","uri":"https://subscribefornotifications-kjcs74itya-uc.a.run.app","serviceAccountEmail":"106183287113-compute@developer.gserviceaccount.com","availableMemory":"256Mi","allTrafficOnLatestRevision":true,"revision":"subscribefornotifications-00004-yog","maxInstanceRequestConcurrency":80,"availableCpu":"1"},"state":"ACTIVE","labels":{"deployment-tool":"cli-firebase","deployment-callable":"true","firebase-functions-hash":"1b84d3a8d6bb2af7b71e3422cda7ca39f0ec36f5"},"environment":"GEN_2","url":"https://us-central1-famous-stocks.cloudfunctions.net/subscribeForNotifications"},"stages":[{"name":"BUILD","message":"Reusing build","state":"COMPLETE","resource":"projects/106183287113/locations/us-central1/builds/746f419f-5fac-4749-89f3-f69ad58c8d4f"},{"name":"SERVICE","message":"Updating Cloud Run service","state":"IN_PROGRESS","resource":"projects/famous-stocks/locations/us-central1/services/subscribefornotifications","resourceUri":"https://console.cloud.google.com/run/detail/us-central1/subscribefornotifications?project=famous-stocks","stateMessages":[{"severity":"INFO","type":"CloudRunServiceNewRevisionTrafficInfo","message":"A new revision will be deployed serving with 100% traffic."}]}],"sourceToken":"Cldwcm9qZWN0cy8xMDYxODMyODcxMTMvbG9jYXRpb25zL3VzLWNlbnRyYWwxL2J1aWxkcy83NDZmNDE5Zi01ZmFjLTQ3NDktODlmMy1mNjlhZDU4YzhkNGYSUnVzLWNlbnRyYWwxLWRvY2tlci5wa2cuZGV2L2ZhbW91cy1zdG9ja3MvZ2NmLWFydGlmYWN0cy9nZXRfbm90aWZpY2F0aW9uczp2ZXJzaW9uXzEYycKRyIsDIkdwcm9qZWN0cy9mYW1vdXMtc3RvY2tzL2xvY2F0aW9ucy91cy1jZW50cmFsMS9mdW5jdGlvbnMvZ2V0Tm90aWZpY2F0aW9ucyoMCIitzrUGEIDHr5cDMghub2RlanMxODp2CiNnY3IuaW8vZ2FlLXJ1bnRpbWVzL25vZGVqczE4OnN0YWJsZRJPdXMtY2VudHJhbDEtZG9ja2VyLnBrZy5kZXYvc2VydmVybGVzcy1ydW50aW1lcy9nb29nbGUtMjItZnVsbC9ydW50aW1lcy9ub2RlanMxOEAB","operationType":"UPDATE_FUNCTION","buildName":"projects/106183287113/locations/us-central1/builds/746f419f-5fac-4749-89f3-f69ad58c8d4f"},"done":false}
[debug] [2024-08-07T15:45:20.757Z] Got source token Cldwcm9qZWN0cy8xMDYxODMyODcxMTMvbG9jYXRpb25zL3VzLWNlbnRyYWwxL2J1aWxkcy83NDZmNDE5Zi01ZmFjLTQ3NDktODlmMy1mNjlhZDU4YzhkNGYSUnVzLWNlbnRyYWwxLWRvY2tlci5wa2cuZGV2L2ZhbW91cy1zdG9ja3MvZ2NmLWFydGlmYWN0cy9nZXRfbm90aWZpY2F0aW9uczp2ZXJzaW9uXzEYycKRyIsDIkdwcm9qZWN0cy9mYW1vdXMtc3RvY2tzL2xvY2F0aW9ucy91cy1jZW50cmFsMS9mdW5jdGlvbnMvZ2V0Tm90aWZpY2F0aW9ucyoMCIitzrUGEIDHr5cDMghub2RlanMxODp2CiNnY3IuaW8vZ2FlLXJ1bnRpbWVzL25vZGVqczE4OnN0YWJsZRJPdXMtY2VudHJhbDEtZG9ja2VyLnBrZy5kZXYvc2VydmVybGVzcy1ydW50aW1lcy9nb29nbGUtMjItZnVsbC9ydW50aW1lcy9ub2RlanMxOEAB for region us-central1
[debug] [2024-08-07T15:45:22.398Z] [update-default-us-central1-deleteNotification] Retrying task index 0
[debug] [2024-08-07T15:45:22.399Z] >>> [apiv2][query] GET https://cloudfunctions.googleapis.com/v2/projects/famous-stocks/locations/us-central1/operations/operation-1723045515991-61f19cbe99bba-752724f3-c0b7052b [none]
[debug] [2024-08-07T15:45:22.731Z] [update-default-us-central1-getTransactions] Retrying task index 0
[debug] [2024-08-07T15:45:22.732Z] >>> [apiv2][query] GET https://cloudfunctions.googleapis.com/v2/projects/famous-stocks/locations/us-central1/operations/operation-1723045516133-61f19cbebc5f9-a4c2b04d-76fe279f [none]
[debug] [2024-08-07T15:45:22.758Z] [update-default-us-central1-subscribeForNotifications] Retrying task index 0
[debug] [2024-08-07T15:45:22.759Z] >>> [apiv2][query] GET https://cloudfunctions.googleapis.com/v2/projects/famous-stocks/locations/us-central1/operations/operation-1723045516129-61f19cbebb300-79b02ef6-ff115bad [none]
[debug] [2024-08-07T15:45:23.171Z] <<< [apiv2][status] GET https://cloudfunctions.googleapis.com/v2/projects/famous-stocks/locations/us-central1/operations/operation-1723045515991-61f19cbe99bba-752724f3-c0b7052b 200
[debug] [2024-08-07T15:45:23.172Z] <<< [apiv2][body] GET https://cloudfunctions.googleapis.com/v2/projects/famous-stocks/locations/us-central1/operations/operation-1723045515991-61f19cbe99bba-752724f3-c0b7052b {"name":"projects/famous-stocks/locations/us-central1/operations/operation-1723045515991-61f19cbe99bba-752724f3-c0b7052b","metadata":{"@type":"type.googleapis.com/google.cloud.functions.v2.OperationMetadata","createTime":"2024-08-07T15:45:16.590683251Z","target":"projects/famous-stocks/locations/us-central1/functions/deleteNotification","verb":"update","cancelRequested":false,"apiVersion":"v2","requestResource":{"@type":"type.googleapis.com/google.cloud.functions.v2.Function","name":"projects/famous-stocks/locations/us-central1/functions/deleteNotification","buildConfig":{"runtime":"nodejs18","entryPoint":"deleteNotification","source":{"storageSource":{"bucket":"gcf-v2-sources-106183287113-us-central1","object":"deleteNotification/function-source.zip","generation":"1723045516549739"}},"environmentVariables":{"GOOGLE_NODE_RUN_SCRIPTS":""},"dockerRepository":"projects/famous-stocks/locations/us-central1/repositories/gcf-artifacts","sourceProvenance":{"resolvedStorageSource":{"bucket":"gcf-v2-sources-106183287113-us-central1","object":"deleteNotification/function-source.zip","generation":"1722789443371580"}},"dockerRegistry":"ARTIFACT_REGISTRY","sourceToken":"Cldwcm9qZWN0cy8xMDYxODMyODcxMTMvbG9jYXRpb25zL3VzLWNlbnRyYWwxL2J1aWxkcy83NDZmNDE5Zi01ZmFjLTQ3NDktODlmMy1mNjlhZDU4YzhkNGYSUnVzLWNlbnRyYWwxLWRvY2tlci5wa2cuZGV2L2ZhbW91cy1zdG9ja3MvZ2NmLWFydGlmYWN0cy9nZXRfbm90aWZpY2F0aW9uczp2ZXJzaW9uXzEYycKRyIsDIkdwcm9qZWN0cy9mYW1vdXMtc3RvY2tzL2xvY2F0aW9ucy91cy1jZW50cmFsMS9mdW5jdGlvbnMvZ2V0Tm90aWZpY2F0aW9ucyoMCIitzrUGEIDHr5cDMghub2RlanMxODp2CiNnY3IuaW8vZ2FlLXJ1bnRpbWVzL25vZGVqczE4OnN0YWJsZRJPdXMtY2VudHJhbDEtZG9ja2VyLnBrZy5kZXYvc2VydmVybGVzcy1ydW50aW1lcy9nb29nbGUtMjItZnVsbC9ydW50aW1lcy9ub2RlanMxOEAB","serviceAccount":"projects/famous-stocks/serviceAccounts/106183287113-compute@developer.gserviceaccount.com","automaticUpdatePolicy":{}},"serviceConfig":{"service":"projects/famous-stocks/locations/us-central1/services/deletenotification","timeoutSeconds":60,"environmentVariables":{"FIREBASE_CONFIG":"{\"projectId\":\"famous-stocks\",\"storageBucket\":\"famous-stocks.appspot.com\",\"locationId\":\"us-central\"}","GCLOUD_PROJECT":"famous-stocks","FIRESTORE_PREFER_REST":"true","EVENTARC_CLOUD_EVENT_SOURCE":"projects/famous-stocks/locations/us-central1/services/deleteNotification","FUNCTION_TARGET":"deleteNotification","LOG_EXECUTION_ID":"true","FUNCTION_SIGNATURE_TYPE":"http"},"ingressSettings":"ALLOW_ALL","uri":"https://deletenotification-kjcs74itya-uc.a.run.app","serviceAccountEmail":"106183287113-compute@developer.gserviceaccount.com","availableMemory":"256Mi","allTrafficOnLatestRevision":true,"revision":"deletenotification-00001-zex","maxInstanceRequestConcurrency":80,"availableCpu":"1"},"state":"ACTIVE","labels":{"deployment-tool":"cli-firebase","deployment-callable":"true","firebase-functions-hash":"1b84d3a8d6bb2af7b71e3422cda7ca39f0ec36f5"},"environment":"GEN_2","url":"https://us-central1-famous-stocks.cloudfunctions.net/deleteNotification"},"stages":[{"name":"BUILD","message":"Reusing build","state":"COMPLETE","resource":"projects/106183287113/locations/us-central1/builds/746f419f-5fac-4749-89f3-f69ad58c8d4f"},{"name":"SERVICE","message":"Updating Cloud Run service","state":"IN_PROGRESS","resource":"projects/famous-stocks/locations/us-central1/services/deletenotification","resourceUri":"https://console.cloud.google.com/run/detail/us-central1/deletenotification?project=famous-stocks","stateMessages":[{"severity":"INFO","type":"CloudRunServiceNewRevisionTrafficInfo","message":"A new revision will be deployed serving with 100% traffic."}]}],"sourceToken":"Cldwcm9qZWN0cy8xMDYxODMyODcxMTMvbG9jYXRpb25zL3VzLWNlbnRyYWwxL2J1aWxkcy83NDZmNDE5Zi01ZmFjLTQ3NDktODlmMy1mNjlhZDU4YzhkNGYSUnVzLWNlbnRyYWwxLWRvY2tlci5wa2cuZGV2L2ZhbW91cy1zdG9ja3MvZ2NmLWFydGlmYWN0cy9nZXRfbm90aWZpY2F0aW9uczp2ZXJzaW9uXzEYycKRyIsDIkdwcm9qZWN0cy9mYW1vdXMtc3RvY2tzL2xvY2F0aW9ucy91cy1jZW50cmFsMS9mdW5jdGlvbnMvZ2V0Tm90aWZpY2F0aW9ucyoMCIitzrUGEIDHr5cDMghub2RlanMxODp2CiNnY3IuaW8vZ2FlLXJ1bnRpbWVzL25vZGVqczE4OnN0YWJsZRJPdXMtY2VudHJhbDEtZG9ja2VyLnBrZy5kZXYvc2VydmVybGVzcy1ydW50aW1lcy9nb29nbGUtMjItZnVsbC9ydW50aW1lcy9ub2RlanMxOEAB","operationType":"UPDATE_FUNCTION","buildName":"projects/106183287113/locations/us-central1/builds/746f419f-5fac-4749-89f3-f69ad58c8d4f"},"done":false}
[debug] [2024-08-07T15:45:23.172Z] Got source token Cldwcm9qZWN0cy8xMDYxODMyODcxMTMvbG9jYXRpb25zL3VzLWNlbnRyYWwxL2J1aWxkcy83NDZmNDE5Zi01ZmFjLTQ3NDktODlmMy1mNjlhZDU4YzhkNGYSUnVzLWNlbnRyYWwxLWRvY2tlci5wa2cuZGV2L2ZhbW91cy1zdG9ja3MvZ2NmLWFydGlmYWN0cy9nZXRfbm90aWZpY2F0aW9uczp2ZXJzaW9uXzEYycKRyIsDIkdwcm9qZWN0cy9mYW1vdXMtc3RvY2tzL2xvY2F0aW9ucy91cy1jZW50cmFsMS9mdW5jdGlvbnMvZ2V0Tm90aWZpY2F0aW9ucyoMCIitzrUGEIDHr5cDMghub2RlanMxODp2CiNnY3IuaW8vZ2FlLXJ1bnRpbWVzL25vZGVqczE4OnN0YWJsZRJPdXMtY2VudHJhbDEtZG9ja2VyLnBrZy5kZXYvc2VydmVybGVzcy1ydW50aW1lcy9nb29nbGUtMjItZnVsbC9ydW50aW1lcy9ub2RlanMxOEAB for region us-central1
[debug] [2024-08-07T15:45:23.514Z] <<< [apiv2][status] GET https://cloudfunctions.googleapis.com/v2/projects/famous-stocks/locations/us-central1/operations/operation-1723045516129-61f19cbebb300-79b02ef6-ff115bad 200
[debug] [2024-08-07T15:45:23.514Z] <<< [apiv2][body] GET https://cloudfunctions.googleapis.com/v2/projects/famous-stocks/locations/us-central1/operations/operation-1723045516129-61f19cbebb300-79b02ef6-ff115bad {"name":"projects/famous-stocks/locations/us-central1/operations/operation-1723045516129-61f19cbebb300-79b02ef6-ff115bad","metadata":{"@type":"type.googleapis.com/google.cloud.functions.v2.OperationMetadata","createTime":"2024-08-07T15:45:16.928394819Z","target":"projects/famous-stocks/locations/us-central1/functions/subscribeForNotifications","verb":"update","cancelRequested":false,"apiVersion":"v2","requestResource":{"@type":"type.googleapis.com/google.cloud.functions.v2.Function","name":"projects/famous-stocks/locations/us-central1/functions/subscribeForNotifications","buildConfig":{"runtime":"nodejs18","entryPoint":"subscribeForNotifications","source":{"storageSource":{"bucket":"gcf-v2-sources-106183287113-us-central1","object":"subscribeForNotifications/function-source.zip","generation":"1723045516893000"}},"environmentVariables":{"GOOGLE_NODE_RUN_SCRIPTS":""},"dockerRepository":"projects/famous-stocks/locations/us-central1/repositories/gcf-artifacts","sourceProvenance":{"resolvedStorageSource":{"bucket":"gcf-v2-sources-106183287113-us-central1","object":"subscribeForNotifications/function-source.zip","generation":"1722789508615084"}},"dockerRegistry":"ARTIFACT_REGISTRY","sourceToken":"Cldwcm9qZWN0cy8xMDYxODMyODcxMTMvbG9jYXRpb25zL3VzLWNlbnRyYWwxL2J1aWxkcy83NDZmNDE5Zi01ZmFjLTQ3NDktODlmMy1mNjlhZDU4YzhkNGYSUnVzLWNlbnRyYWwxLWRvY2tlci5wa2cuZGV2L2ZhbW91cy1zdG9ja3MvZ2NmLWFydGlmYWN0cy9nZXRfbm90aWZpY2F0aW9uczp2ZXJzaW9uXzEYycKRyIsDIkdwcm9qZWN0cy9mYW1vdXMtc3RvY2tzL2xvY2F0aW9ucy91cy1jZW50cmFsMS9mdW5jdGlvbnMvZ2V0Tm90aWZpY2F0aW9ucyoMCIitzrUGEIDHr5cDMghub2RlanMxODp2CiNnY3IuaW8vZ2FlLXJ1bnRpbWVzL25vZGVqczE4OnN0YWJsZRJPdXMtY2VudHJhbDEtZG9ja2VyLnBrZy5kZXYvc2VydmVybGVzcy1ydW50aW1lcy9nb29nbGUtMjItZnVsbC9ydW50aW1lcy9ub2RlanMxOEAB","serviceAccount":"projects/famous-stocks/serviceAccounts/106183287113-compute@developer.gserviceaccount.com","automaticUpdatePolicy":{}},"serviceConfig":{"service":"projects/famous-stocks/locations/us-central1/services/subscribefornotifications","timeoutSeconds":60,"environmentVariables":{"FIREBASE_CONFIG":"{\"projectId\":\"famous-stocks\",\"storageBucket\":\"famous-stocks.appspot.com\",\"locationId\":\"us-central\"}","GCLOUD_PROJECT":"famous-stocks","FIRESTORE_PREFER_REST":"true","EVENTARC_CLOUD_EVENT_SOURCE":"projects/famous-stocks/locations/us-central1/services/subscribeForNotifications","FUNCTION_TARGET":"subscribeForNotifications","LOG_EXECUTION_ID":"true","FUNCTION_SIGNATURE_TYPE":"http"},"ingressSettings":"ALLOW_ALL","uri":"https://subscribefornotifications-kjcs74itya-uc.a.run.app","serviceAccountEmail":"106183287113-compute@developer.gserviceaccount.com","availableMemory":"256Mi","allTrafficOnLatestRevision":true,"revision":"subscribefornotifications-00004-yog","maxInstanceRequestConcurrency":80,"availableCpu":"1"},"state":"ACTIVE","labels":{"deployment-tool":"cli-firebase","deployment-callable":"true","firebase-functions-hash":"1b84d3a8d6bb2af7b71e3422cda7ca39f0ec36f5"},"environment":"GEN_2","url":"https://us-central1-famous-stocks.cloudfunctions.net/subscribeForNotifications"},"stages":[{"name":"BUILD","message":"Reusing build","state":"COMPLETE","resource":"projects/106183287113/locations/us-central1/builds/746f419f-5fac-4749-89f3-f69ad58c8d4f"},{"name":"SERVICE","message":"Updating Cloud Run service","state":"IN_PROGRESS","resource":"projects/famous-stocks/locations/us-central1/services/subscribefornotifications","resourceUri":"https://console.cloud.google.com/run/detail/us-central1/subscribefornotifications?project=famous-stocks","stateMessages":[{"severity":"INFO","type":"CloudRunServiceNewRevisionTrafficInfo","message":"A new revision will be deployed serving with 100% traffic."}]}],"sourceToken":"Cldwcm9qZWN0cy8xMDYxODMyODcxMTMvbG9jYXRpb25zL3VzLWNlbnRyYWwxL2J1aWxkcy83NDZmNDE5Zi01ZmFjLTQ3NDktODlmMy1mNjlhZDU4YzhkNGYSUnVzLWNlbnRyYWwxLWRvY2tlci5wa2cuZGV2L2ZhbW91cy1zdG9ja3MvZ2NmLWFydGlmYWN0cy9nZXRfbm90aWZpY2F0aW9uczp2ZXJzaW9uXzEYycKRyIsDIkdwcm9qZWN0cy9mYW1vdXMtc3RvY2tzL2xvY2F0aW9ucy91cy1jZW50cmFsMS9mdW5jdGlvbnMvZ2V0Tm90aWZpY2F0aW9ucyoMCIitzrUGEIDHr5cDMghub2RlanMxODp2CiNnY3IuaW8vZ2FlLXJ1bnRpbWVzL25vZGVqczE4OnN0YWJsZRJPdXMtY2VudHJhbDEtZG9ja2VyLnBrZy5kZXYvc2VydmVybGVzcy1ydW50aW1lcy9nb29nbGUtMjItZnVsbC9ydW50aW1lcy9ub2RlanMxOEAB","operationType":"UPDATE_FUNCTION","buildName":"projects/106183287113/locations/us-central1/builds/746f419f-5fac-4749-89f3-f69ad58c8d4f"},"done":false}
[debug] [2024-08-07T15:45:23.514Z] Got source token Cldwcm9qZWN0cy8xMDYxODMyODcxMTMvbG9jYXRpb25zL3VzLWNlbnRyYWwxL2J1aWxkcy83NDZmNDE5Zi01ZmFjLTQ3NDktODlmMy1mNjlhZDU4YzhkNGYSUnVzLWNlbnRyYWwxLWRvY2tlci5wa2cuZGV2L2ZhbW91cy1zdG9ja3MvZ2NmLWFydGlmYWN0cy9nZXRfbm90aWZpY2F0aW9uczp2ZXJzaW9uXzEYycKRyIsDIkdwcm9qZWN0cy9mYW1vdXMtc3RvY2tzL2xvY2F0aW9ucy91cy1jZW50cmFsMS9mdW5jdGlvbnMvZ2V0Tm90aWZpY2F0aW9ucyoMCIitzrUGEIDHr5cDMghub2RlanMxODp2CiNnY3IuaW8vZ2FlLXJ1bnRpbWVzL25vZGVqczE4OnN0YWJsZRJPdXMtY2VudHJhbDEtZG9ja2VyLnBrZy5kZXYvc2VydmVybGVzcy1ydW50aW1lcy9nb29nbGUtMjItZnVsbC9ydW50aW1lcy9ub2RlanMxOEAB for region us-central1
[debug] [2024-08-07T15:45:23.514Z] <<< [apiv2][status] GET https://cloudfunctions.googleapis.com/v2/projects/famous-stocks/locations/us-central1/operations/operation-1723045516133-61f19cbebc5f9-a4c2b04d-76fe279f 200
[debug] [2024-08-07T15:45:23.515Z] <<< [apiv2][body] GET https://cloudfunctions.googleapis.com/v2/projects/famous-stocks/locations/us-central1/operations/operation-1723045516133-61f19cbebc5f9-a4c2b04d-76fe279f {"name":"projects/famous-stocks/locations/us-central1/operations/operation-1723045516133-61f19cbebc5f9-a4c2b04d-76fe279f","metadata":{"@type":"type.googleapis.com/google.cloud.functions.v2.OperationMetadata","createTime":"2024-08-07T15:45:16.959318339Z","target":"projects/famous-stocks/locations/us-central1/functions/getTransactions","verb":"update","cancelRequested":false,"apiVersion":"v2","requestResource":{"@type":"type.googleapis.com/google.cloud.functions.v2.Function","name":"projects/famous-stocks/locations/us-central1/functions/getTransactions","buildConfig":{"runtime":"nodejs18","entryPoint":"getTransactions","source":{"storageSource":{"bucket":"gcf-v2-sources-106183287113-us-central1","object":"getTransactions/function-source.zip","generation":"1723045516917291"}},"environmentVariables":{"GOOGLE_NODE_RUN_SCRIPTS":""},"dockerRepository":"projects/famous-stocks/locations/us-central1/repositories/gcf-artifacts","sourceProvenance":{"resolvedStorageSource":{"bucket":"gcf-v2-sources-106183287113-us-central1","object":"getTransactions/function-source.zip","generation":"1722789508853531"}},"dockerRegistry":"ARTIFACT_REGISTRY","sourceToken":"Cldwcm9qZWN0cy8xMDYxODMyODcxMTMvbG9jYXRpb25zL3VzLWNlbnRyYWwxL2J1aWxkcy83NDZmNDE5Zi01ZmFjLTQ3NDktODlmMy1mNjlhZDU4YzhkNGYSUnVzLWNlbnRyYWwxLWRvY2tlci5wa2cuZGV2L2ZhbW91cy1zdG9ja3MvZ2NmLWFydGlmYWN0cy9nZXRfbm90aWZpY2F0aW9uczp2ZXJzaW9uXzEYycKRyIsDIkdwcm9qZWN0cy9mYW1vdXMtc3RvY2tzL2xvY2F0aW9ucy91cy1jZW50cmFsMS9mdW5jdGlvbnMvZ2V0Tm90aWZpY2F0aW9ucyoMCIitzrUGEIDHr5cDMghub2RlanMxODp2CiNnY3IuaW8vZ2FlLXJ1bnRpbWVzL25vZGVqczE4OnN0YWJsZRJPdXMtY2VudHJhbDEtZG9ja2VyLnBrZy5kZXYvc2VydmVybGVzcy1ydW50aW1lcy9nb29nbGUtMjItZnVsbC9ydW50aW1lcy9ub2RlanMxOEAB","serviceAccount":"projects/famous-stocks/serviceAccounts/106183287113-compute@developer.gserviceaccount.com","automaticUpdatePolicy":{}},"serviceConfig":{"service":"projects/famous-stocks/locations/us-central1/services/gettransactions","timeoutSeconds":60,"environmentVariables":{"FIREBASE_CONFIG":"{\"projectId\":\"famous-stocks\",\"storageBucket\":\"famous-stocks.appspot.com\",\"locationId\":\"us-central\"}","GCLOUD_PROJECT":"famous-stocks","FIRESTORE_PREFER_REST":"true","EVENTARC_CLOUD_EVENT_SOURCE":"projects/famous-stocks/locations/us-central1/services/getTransactions","FUNCTION_TARGET":"getTransactions","LOG_EXECUTION_ID":"true","FUNCTION_SIGNATURE_TYPE":"http"},"ingressSettings":"ALLOW_ALL","uri":"https://gettransactions-kjcs74itya-uc.a.run.app","serviceAccountEmail":"106183287113-compute@developer.gserviceaccount.com","availableMemory":"256Mi","allTrafficOnLatestRevision":true,"revision":"gettransactions-00014-foj","maxInstanceRequestConcurrency":80,"availableCpu":"1"},"state":"ACTIVE","labels":{"deployment-tool":"cli-firebase","firebase-functions-hash":"1b84d3a8d6bb2af7b71e3422cda7ca39f0ec36f5"},"environment":"GEN_2","url":"https://us-central1-famous-stocks.cloudfunctions.net/getTransactions"},"stages":[{"name":"BUILD","message":"Reusing build","state":"COMPLETE","resource":"projects/106183287113/locations/us-central1/builds/746f419f-5fac-4749-89f3-f69ad58c8d4f"},{"name":"SERVICE","message":"Updating Cloud Run service","state":"IN_PROGRESS","resource":"projects/famous-stocks/locations/us-central1/services/gettransactions","resourceUri":"https://console.cloud.google.com/run/detail/us-central1/gettransactions?project=famous-stocks","stateMessages":[{"severity":"INFO","type":"CloudRunServiceNewRevisionTrafficInfo","message":"A new revision will be deployed serving with 100% traffic."}]}],"sourceToken":"Cldwcm9qZWN0cy8xMDYxODMyODcxMTMvbG9jYXRpb25zL3VzLWNlbnRyYWwxL2J1aWxkcy83NDZmNDE5Zi01ZmFjLTQ3NDktODlmMy1mNjlhZDU4YzhkNGYSUnVzLWNlbnRyYWwxLWRvY2tlci5wa2cuZGV2L2ZhbW91cy1zdG9ja3MvZ2NmLWFydGlmYWN0cy9nZXRfbm90aWZpY2F0aW9uczp2ZXJzaW9uXzEYycKRyIsDIkdwcm9qZWN0cy9mYW1vdXMtc3RvY2tzL2xvY2F0aW9ucy91cy1jZW50cmFsMS9mdW5jdGlvbnMvZ2V0Tm90aWZpY2F0aW9ucyoMCIitzrUGEIDHr5cDMghub2RlanMxODp2CiNnY3IuaW8vZ2FlLXJ1bnRpbWVzL25vZGVqczE4OnN0YWJsZRJPdXMtY2VudHJhbDEtZG9ja2VyLnBrZy5kZXYvc2VydmVybGVzcy1ydW50aW1lcy9nb29nbGUtMjItZnVsbC9ydW50aW1lcy9ub2RlanMxOEAB","operationType":"UPDATE_FUNCTION","buildName":"projects/106183287113/locations/us-central1/builds/746f419f-5fac-4749-89f3-f69ad58c8d4f"},"done":false}
[debug] [2024-08-07T15:45:23.515Z] Got source token Cldwcm9qZWN0cy8xMDYxODMyODcxMTMvbG9jYXRpb25zL3VzLWNlbnRyYWwxL2J1aWxkcy83NDZmNDE5Zi01ZmFjLTQ3NDktODlmMy1mNjlhZDU4YzhkNGYSUnVzLWNlbnRyYWwxLWRvY2tlci5wa2cuZGV2L2ZhbW91cy1zdG9ja3MvZ2NmLWFydGlmYWN0cy9nZXRfbm90aWZpY2F0aW9uczp2ZXJzaW9uXzEYycKRyIsDIkdwcm9qZWN0cy9mYW1vdXMtc3RvY2tzL2xvY2F0aW9ucy91cy1jZW50cmFsMS9mdW5jdGlvbnMvZ2V0Tm90aWZpY2F0aW9ucyoMCIitzrUGEIDHr5cDMghub2RlanMxODp2CiNnY3IuaW8vZ2FlLXJ1bnRpbWVzL25vZGVqczE4OnN0YWJsZRJPdXMtY2VudHJhbDEtZG9ja2VyLnBrZy5kZXYvc2VydmVybGVzcy1ydW50aW1lcy9nb29nbGUtMjItZnVsbC9ydW50aW1lcy9ub2RlanMxOEAB for region us-central1
[debug] [2024-08-07T15:45:25.215Z] [update-default-us-central1-getNotifications] Retrying task index 0
[debug] [2024-08-07T15:45:25.216Z] >>> [apiv2][query] GET https://cloudfunctions.googleapis.com/v2/projects/famous-stocks/locations/us-central1/operations/operation-1723045462211-61f19c8b4fc2a-7ec345a2-ace2cd9a [none]
[debug] [2024-08-07T15:45:25.570Z] [create-python-functions-us-central1-on_request_example] Retrying task index 0
[debug] [2024-08-07T15:45:25.571Z] >>> [apiv2][query] GET https://cloudfunctions.googleapis.com/v2/projects/famous-stocks/locations/us-central1/operations/operation-1723045505359-61f19cb475e3e-1cc8015f-e3b6e23e [none]
[debug] [2024-08-07T15:45:26.068Z] <<< [apiv2][status] GET https://cloudfunctions.googleapis.com/v2/projects/famous-stocks/locations/us-central1/operations/operation-1723045462211-61f19c8b4fc2a-7ec345a2-ace2cd9a 200
[debug] [2024-08-07T15:45:26.069Z] <<< [apiv2][body] GET https://cloudfunctions.googleapis.com/v2/projects/famous-stocks/locations/us-central1/operations/operation-1723045462211-61f19c8b4fc2a-7ec345a2-ace2cd9a {"name":"projects/famous-stocks/locations/us-central1/operations/operation-1723045462211-61f19c8b4fc2a-7ec345a2-ace2cd9a","metadata":{"@type":"type.googleapis.com/google.cloud.functions.v2.OperationMetadata","createTime":"2024-08-07T15:44:23.409158182Z","endTime":"2024-08-07T15:45:23.669256855Z","target":"projects/famous-stocks/locations/us-central1/functions/getNotifications","verb":"update","cancelRequested":false,"apiVersion":"v2","requestResource":{"@type":"type.googleapis.com/google.cloud.functions.v2.Function","name":"projects/famous-stocks/locations/us-central1/functions/getNotifications","buildConfig":{"runtime":"nodejs18","entryPoint":"getNotifications","source":{"storageSource":{"bucket":"gcf-v2-sources-106183287113-us-central1","object":"getNotifications/function-source.zip","generation":"1723045463328921"}},"environmentVariables":{"GOOGLE_NODE_RUN_SCRIPTS":""},"dockerRepository":"projects/famous-stocks/locations/us-central1/repositories/gcf-artifacts","sourceProvenance":{"resolvedStorageSource":{"bucket":"gcf-v2-sources-106183287113-us-central1","object":"getNotifications/function-source.zip","generation":"1722789508650151"}},"dockerRegistry":"ARTIFACT_REGISTRY","serviceAccount":"projects/famous-stocks/serviceAccounts/106183287113-compute@developer.gserviceaccount.com","automaticUpdatePolicy":{}},"serviceConfig":{"service":"projects/famous-stocks/locations/us-central1/services/getnotifications","timeoutSeconds":60,"environmentVariables":{"FIREBASE_CONFIG":"{\"projectId\":\"famous-stocks\",\"storageBucket\":\"famous-stocks.appspot.com\",\"locationId\":\"us-central\"}","GCLOUD_PROJECT":"famous-stocks","FIRESTORE_PREFER_REST":"true","EVENTARC_CLOUD_EVENT_SOURCE":"projects/famous-stocks/locations/us-central1/services/getNotifications","FUNCTION_TARGET":"getNotifications","LOG_EXECUTION_ID":"true","FUNCTION_SIGNATURE_TYPE":"http"},"ingressSettings":"ALLOW_ALL","uri":"https://getnotifications-kjcs74itya-uc.a.run.app","serviceAccountEmail":"106183287113-compute@developer.gserviceaccount.com","availableMemory":"256Mi","allTrafficOnLatestRevision":true,"revision":"getnotifications-00002-hak","maxInstanceRequestConcurrency":80,"availableCpu":"1"},"state":"ACTIVE","labels":{"deployment-tool":"cli-firebase","deployment-callable":"true","firebase-functions-hash":"1b84d3a8d6bb2af7b71e3422cda7ca39f0ec36f5"},"environment":"GEN_2","url":"https://us-central1-famous-stocks.cloudfunctions.net/getNotifications"},"stages":[{"name":"BUILD","message":"Build finished","state":"COMPLETE","resource":"projects/106183287113/locations/us-central1/builds/746f419f-5fac-4749-89f3-f69ad58c8d4f","resourceUri":"https://console.cloud.google.com/cloud-build/builds;region=us-central1/746f419f-5fac-4749-89f3-f69ad58c8d4f?project=106183287113"},{"name":"SERVICE","message":"Updating Cloud Run service","state":"COMPLETE","resource":"projects/famous-stocks/locations/us-central1/services/getnotifications","resourceUri":"https://console.cloud.google.com/run/detail/us-central1/getnotifications?project=famous-stocks","stateMessages":[{"severity":"INFO","type":"CloudRunServiceNewRevisionTrafficInfo","message":"A new revision will be deployed serving with 100% traffic."}]}],"sourceToken":"Cldwcm9qZWN0cy8xMDYxODMyODcxMTMvbG9jYXRpb25zL3VzLWNlbnRyYWwxL2J1aWxkcy83NDZmNDE5Zi01ZmFjLTQ3NDktODlmMy1mNjlhZDU4YzhkNGYSUnVzLWNlbnRyYWwxLWRvY2tlci5wa2cuZGV2L2ZhbW91cy1zdG9ja3MvZ2NmLWFydGlmYWN0cy9nZXRfbm90aWZpY2F0aW9uczp2ZXJzaW9uXzEYycKRyIsDIkdwcm9qZWN0cy9mYW1vdXMtc3RvY2tzL2xvY2F0aW9ucy91cy1jZW50cmFsMS9mdW5jdGlvbnMvZ2V0Tm90aWZpY2F0aW9ucyoMCIitzrUGEIDHr5cDMghub2RlanMxODp2CiNnY3IuaW8vZ2FlLXJ1bnRpbWVzL25vZGVqczE4OnN0YWJsZRJPdXMtY2VudHJhbDEtZG9ja2VyLnBrZy5kZXYvc2VydmVybGVzcy1ydW50aW1lcy9nb29nbGUtMjItZnVsbC9ydW50aW1lcy9ub2RlanMxOEAB","operationType":"UPDATE_FUNCTION","buildName":"projects/106183287113/locations/us-central1/builds/746f419f-5fac-4749-89f3-f69ad58c8d4f"},"done":true,"response":{"@type":"type.googleapis.com/google.cloud.functions.v2.Function","name":"projects/famous-stocks/locations/us-central1/functions/getNotifications","buildConfig":{"build":"projects/106183287113/locations/us-central1/builds/746f419f-5fac-4749-89f3-f69ad58c8d4f","runtime":"nodejs18","entryPoint":"getNotifications","source":{"storageSource":{"bucket":"gcf-v2-sources-106183287113-us-central1","object":"getNotifications/function-source.zip","generation":"1723045463328921"}},"environmentVariables":{"GOOGLE_NODE_RUN_SCRIPTS":""},"dockerRepository":"projects/famous-stocks/locations/us-central1/repositories/gcf-artifacts","sourceProvenance":{"resolvedStorageSource":{"bucket":"gcf-v2-sources-106183287113-us-central1","object":"getNotifications/function-source.zip","generation":"1723045463328921"}},"dockerRegistry":"ARTIFACT_REGISTRY","serviceAccount":"projects/famous-stocks/serviceAccounts/106183287113-compute@developer.gserviceaccount.com","automaticUpdatePolicy":{}},"serviceConfig":{"service":"projects/famous-stocks/locations/us-central1/services/getnotifications","timeoutSeconds":60,"environmentVariables":{"FIREBASE_CONFIG":"{\"projectId\":\"famous-stocks\",\"storageBucket\":\"famous-stocks.appspot.com\",\"locationId\":\"us-central\"}","GCLOUD_PROJECT":"famous-stocks","FIRESTORE_PREFER_REST":"true","EVENTARC_CLOUD_EVENT_SOURCE":"projects/famous-stocks/locations/us-central1/services/getNotifications","FUNCTION_TARGET":"getNotifications","LOG_EXECUTION_ID":"true","FUNCTION_SIGNATURE_TYPE":"http"},"maxInstanceCount":100,"ingressSettings":"ALLOW_ALL","uri":"https://getnotifications-kjcs74itya-uc.a.run.app","serviceAccountEmail":"106183287113-compute@developer.gserviceaccount.com","availableMemory":"256Mi","allTrafficOnLatestRevision":true,"revision":"getnotifications-00003-noj","maxInstanceRequestConcurrency":80,"availableCpu":"1"},"state":"ACTIVE","updateTime":"2024-08-07T15:44:23.411602264Z","labels":{"deployment-tool":"cli-firebase","deployment-callable":"true","firebase-functions-hash":"1b84d3a8d6bb2af7b71e3422cda7ca39f0ec36f5"},"environment":"GEN_2","url":"https://us-central1-famous-stocks.cloudfunctions.net/getNotifications","createTime":"2024-08-04T13:37:18.131187791Z"}}
[debug] [2024-08-07T15:45:26.069Z] Got source token Cldwcm9qZWN0cy8xMDYxODMyODcxMTMvbG9jYXRpb25zL3VzLWNlbnRyYWwxL2J1aWxkcy83NDZmNDE5Zi01ZmFjLTQ3NDktODlmMy1mNjlhZDU4YzhkNGYSUnVzLWNlbnRyYWwxLWRvY2tlci5wa2cuZGV2L2ZhbW91cy1zdG9ja3MvZ2NmLWFydGlmYWN0cy9nZXRfbm90aWZpY2F0aW9uczp2ZXJzaW9uXzEYycKRyIsDIkdwcm9qZWN0cy9mYW1vdXMtc3RvY2tzL2xvY2F0aW9ucy91cy1jZW50cmFsMS9mdW5jdGlvbnMvZ2V0Tm90aWZpY2F0aW9ucyoMCIitzrUGEIDHr5cDMghub2RlanMxODp2CiNnY3IuaW8vZ2FlLXJ1bnRpbWVzL25vZGVqczE4OnN0YWJsZRJPdXMtY2VudHJhbDEtZG9ja2VyLnBrZy5kZXYvc2VydmVybGVzcy1ydW50aW1lcy9nb29nbGUtMjItZnVsbC9ydW50aW1lcy9ub2RlanMxOEAB for region us-central1
[info] ✔  functions[getNotifications(us-central1)] Successful update operation. 
[debug] [2024-08-07T15:45:26.350Z] <<< [apiv2][status] GET https://cloudfunctions.googleapis.com/v2/projects/famous-stocks/locations/us-central1/operations/operation-1723045505359-61f19cb475e3e-1cc8015f-e3b6e23e 200
[debug] [2024-08-07T15:45:26.351Z] <<< [apiv2][body] GET https://cloudfunctions.googleapis.com/v2/projects/famous-stocks/locations/us-central1/operations/operation-1723045505359-61f19cb475e3e-1cc8015f-e3b6e23e {"name":"projects/famous-stocks/locations/us-central1/operations/operation-1723045505359-61f19cb475e3e-1cc8015f-e3b6e23e","metadata":{"@type":"type.googleapis.com/google.cloud.functions.v2.OperationMetadata","createTime":"2024-08-07T15:45:05.982360662Z","target":"projects/famous-stocks/locations/us-central1/functions/on_request_example","verb":"create","cancelRequested":false,"apiVersion":"v2","requestResource":{"@type":"type.googleapis.com/google.cloud.functions.v2.Function","name":"projects/famous-stocks/locations/us-central1/functions/on_request_example","buildConfig":{"runtime":"python311","entryPoint":"on_request_example","source":{"storageSource":{"bucket":"gcf-v2-sources-106183287113-us-central1","object":"on_request_example/function-source.zip","generation":"1723045505688424"}},"environmentVariables":{"GOOGLE_NODE_RUN_SCRIPTS":""},"serviceAccount":"projects/famous-stocks/serviceAccounts/106183287113-compute@developer.gserviceaccount.com","automaticUpdatePolicy":{}},"serviceConfig":{"service":"projects/famous-stocks/locations/us-central1/services/on-request-example","timeoutSeconds":60,"environmentVariables":{"FIREBASE_CONFIG":"{\"projectId\":\"famous-stocks\",\"storageBucket\":\"famous-stocks.appspot.com\",\"locationId\":\"us-central\"}","GCLOUD_PROJECT":"famous-stocks","FIRESTORE_PREFER_REST":"true","EVENTARC_CLOUD_EVENT_SOURCE":"projects/famous-stocks/locations/us-central1/services/on_request_example","FUNCTION_TARGET":"on_request_example","LOG_EXECUTION_ID":"true"},"ingressSettings":"ALLOW_ALL","serviceAccountEmail":"106183287113-compute@developer.gserviceaccount.com","availableMemory":"256Mi","maxInstanceRequestConcurrency":80,"availableCpu":"1"},"labels":{"deployment-tool":"cli-firebase","firebase-functions-codebase":"python-functions","firebase-functions-hash":"50a96821fcdc1416b785ae552001ccecab6488e5"},"environment":"GEN_2"},"stages":[{"name":"BUILD","message":"Build in progress","state":"IN_PROGRESS","resource":"projects/106183287113/locations/us-central1/builds/b815364e-35a3-49c1-92b4-4f8ba331114b","resourceUri":"https://console.cloud.google.com/cloud-build/builds;region=us-central1/b815364e-35a3-49c1-92b4-4f8ba331114b?project=106183287113"},{"name":"SERVICE","state":"NOT_STARTED"}],"operationType":"CREATE_FUNCTION","buildName":"projects/106183287113/locations/us-central1/builds/b815364e-35a3-49c1-92b4-4f8ba331114b"},"done":false}
[debug] [2024-08-07T15:45:27.173Z] [update-default-us-central1-deleteNotification] Retrying task index 0
[debug] [2024-08-07T15:45:27.174Z] >>> [apiv2][query] GET https://cloudfunctions.googleapis.com/v2/projects/famous-stocks/locations/us-central1/operations/operation-1723045515991-61f19cbe99bba-752724f3-c0b7052b [none]
[debug] [2024-08-07T15:45:27.515Z] [update-default-us-central1-subscribeForNotifications] Retrying task index 0
[debug] [2024-08-07T15:45:27.516Z] >>> [apiv2][query] GET https://cloudfunctions.googleapis.com/v2/projects/famous-stocks/locations/us-central1/operations/operation-1723045516129-61f19cbebb300-79b02ef6-ff115bad [none]
[debug] [2024-08-07T15:45:27.518Z] [update-default-us-central1-getTransactions] Retrying task index 0
[debug] [2024-08-07T15:45:27.519Z] >>> [apiv2][query] GET https://cloudfunctions.googleapis.com/v2/projects/famous-stocks/locations/us-central1/operations/operation-1723045516133-61f19cbebc5f9-a4c2b04d-76fe279f [none]
[debug] [2024-08-07T15:45:28.014Z] <<< [apiv2][status] GET https://cloudfunctions.googleapis.com/v2/projects/famous-stocks/locations/us-central1/operations/operation-1723045515991-61f19cbe99bba-752724f3-c0b7052b 200
[debug] [2024-08-07T15:45:28.014Z] <<< [apiv2][body] GET https://cloudfunctions.googleapis.com/v2/projects/famous-stocks/locations/us-central1/operations/operation-1723045515991-61f19cbe99bba-752724f3-c0b7052b {"name":"projects/famous-stocks/locations/us-central1/operations/operation-1723045515991-61f19cbe99bba-752724f3-c0b7052b","metadata":{"@type":"type.googleapis.com/google.cloud.functions.v2.OperationMetadata","createTime":"2024-08-07T15:45:16.590683251Z","endTime":"2024-08-07T15:45:24.527613617Z","target":"projects/famous-stocks/locations/us-central1/functions/deleteNotification","verb":"update","cancelRequested":false,"apiVersion":"v2","requestResource":{"@type":"type.googleapis.com/google.cloud.functions.v2.Function","name":"projects/famous-stocks/locations/us-central1/functions/deleteNotification","buildConfig":{"runtime":"nodejs18","entryPoint":"deleteNotification","source":{"storageSource":{"bucket":"gcf-v2-sources-106183287113-us-central1","object":"deleteNotification/function-source.zip","generation":"1723045516549739"}},"environmentVariables":{"GOOGLE_NODE_RUN_SCRIPTS":""},"dockerRepository":"projects/famous-stocks/locations/us-central1/repositories/gcf-artifacts","sourceProvenance":{"resolvedStorageSource":{"bucket":"gcf-v2-sources-106183287113-us-central1","object":"deleteNotification/function-source.zip","generation":"1722789443371580"}},"dockerRegistry":"ARTIFACT_REGISTRY","sourceToken":"Cldwcm9qZWN0cy8xMDYxODMyODcxMTMvbG9jYXRpb25zL3VzLWNlbnRyYWwxL2J1aWxkcy83NDZmNDE5Zi01ZmFjLTQ3NDktODlmMy1mNjlhZDU4YzhkNGYSUnVzLWNlbnRyYWwxLWRvY2tlci5wa2cuZGV2L2ZhbW91cy1zdG9ja3MvZ2NmLWFydGlmYWN0cy9nZXRfbm90aWZpY2F0aW9uczp2ZXJzaW9uXzEYycKRyIsDIkdwcm9qZWN0cy9mYW1vdXMtc3RvY2tzL2xvY2F0aW9ucy91cy1jZW50cmFsMS9mdW5jdGlvbnMvZ2V0Tm90aWZpY2F0aW9ucyoMCIitzrUGEIDHr5cDMghub2RlanMxODp2CiNnY3IuaW8vZ2FlLXJ1bnRpbWVzL25vZGVqczE4OnN0YWJsZRJPdXMtY2VudHJhbDEtZG9ja2VyLnBrZy5kZXYvc2VydmVybGVzcy1ydW50aW1lcy9nb29nbGUtMjItZnVsbC9ydW50aW1lcy9ub2RlanMxOEAB","serviceAccount":"projects/famous-stocks/serviceAccounts/106183287113-compute@developer.gserviceaccount.com","automaticUpdatePolicy":{}},"serviceConfig":{"service":"projects/famous-stocks/locations/us-central1/services/deletenotification","timeoutSeconds":60,"environmentVariables":{"FIREBASE_CONFIG":"{\"projectId\":\"famous-stocks\",\"storageBucket\":\"famous-stocks.appspot.com\",\"locationId\":\"us-central\"}","GCLOUD_PROJECT":"famous-stocks","FIRESTORE_PREFER_REST":"true","EVENTARC_CLOUD_EVENT_SOURCE":"projects/famous-stocks/locations/us-central1/services/deleteNotification","FUNCTION_TARGET":"deleteNotification","LOG_EXECUTION_ID":"true","FUNCTION_SIGNATURE_TYPE":"http"},"ingressSettings":"ALLOW_ALL","uri":"https://deletenotification-kjcs74itya-uc.a.run.app","serviceAccountEmail":"106183287113-compute@developer.gserviceaccount.com","availableMemory":"256Mi","allTrafficOnLatestRevision":true,"revision":"deletenotification-00001-zex","maxInstanceRequestConcurrency":80,"availableCpu":"1"},"state":"ACTIVE","labels":{"deployment-tool":"cli-firebase","deployment-callable":"true","firebase-functions-hash":"1b84d3a8d6bb2af7b71e3422cda7ca39f0ec36f5"},"environment":"GEN_2","url":"https://us-central1-famous-stocks.cloudfunctions.net/deleteNotification"},"stages":[{"name":"BUILD","message":"Reusing build","state":"COMPLETE","resource":"projects/106183287113/locations/us-central1/builds/746f419f-5fac-4749-89f3-f69ad58c8d4f"},{"name":"SERVICE","message":"Updating Cloud Run service","state":"COMPLETE","resource":"projects/famous-stocks/locations/us-central1/services/deletenotification","resourceUri":"https://console.cloud.google.com/run/detail/us-central1/deletenotification?project=famous-stocks","stateMessages":[{"severity":"INFO","type":"CloudRunServiceNewRevisionTrafficInfo","message":"A new revision will be deployed serving with 100% traffic."}]}],"sourceToken":"Cldwcm9qZWN0cy8xMDYxODMyODcxMTMvbG9jYXRpb25zL3VzLWNlbnRyYWwxL2J1aWxkcy83NDZmNDE5Zi01ZmFjLTQ3NDktODlmMy1mNjlhZDU4YzhkNGYSUnVzLWNlbnRyYWwxLWRvY2tlci5wa2cuZGV2L2ZhbW91cy1zdG9ja3MvZ2NmLWFydGlmYWN0cy9nZXRfbm90aWZpY2F0aW9uczp2ZXJzaW9uXzEYycKRyIsDIkdwcm9qZWN0cy9mYW1vdXMtc3RvY2tzL2xvY2F0aW9ucy91cy1jZW50cmFsMS9mdW5jdGlvbnMvZ2V0Tm90aWZpY2F0aW9ucyoMCIitzrUGEIDHr5cDMghub2RlanMxODp2CiNnY3IuaW8vZ2FlLXJ1bnRpbWVzL25vZGVqczE4OnN0YWJsZRJPdXMtY2VudHJhbDEtZG9ja2VyLnBrZy5kZXYvc2VydmVybGVzcy1ydW50aW1lcy9nb29nbGUtMjItZnVsbC9ydW50aW1lcy9ub2RlanMxOEAB","operationType":"UPDATE_FUNCTION","buildName":"projects/106183287113/locations/us-central1/builds/746f419f-5fac-4749-89f3-f69ad58c8d4f"},"done":true,"response":{"@type":"type.googleapis.com/google.cloud.functions.v2.Function","name":"projects/famous-stocks/locations/us-central1/functions/deleteNotification","buildConfig":{"build":"projects/106183287113/locations/us-central1/builds/746f419f-5fac-4749-89f3-f69ad58c8d4f","runtime":"nodejs18","entryPoint":"deleteNotification","source":{"storageSource":{"bucket":"gcf-v2-sources-106183287113-us-central1","object":"deleteNotification/function-source.zip","generation":"1723045516549739"}},"environmentVariables":{"GOOGLE_NODE_RUN_SCRIPTS":""},"dockerRepository":"projects/famous-stocks/locations/us-central1/repositories/gcf-artifacts","sourceProvenance":{"resolvedStorageSource":{"bucket":"gcf-v2-sources-106183287113-us-central1","object":"deleteNotification/function-source.zip","generation":"1723045516549739"}},"dockerRegistry":"ARTIFACT_REGISTRY","serviceAccount":"projects/famous-stocks/serviceAccounts/106183287113-compute@developer.gserviceaccount.com","automaticUpdatePolicy":{}},"serviceConfig":{"service":"projects/famous-stocks/locations/us-central1/services/deletenotification","timeoutSeconds":60,"environmentVariables":{"FIREBASE_CONFIG":"{\"projectId\":\"famous-stocks\",\"storageBucket\":\"famous-stocks.appspot.com\",\"locationId\":\"us-central\"}","GCLOUD_PROJECT":"famous-stocks","FIRESTORE_PREFER_REST":"true","EVENTARC_CLOUD_EVENT_SOURCE":"projects/famous-stocks/locations/us-central1/services/deleteNotification","FUNCTION_TARGET":"deleteNotification","LOG_EXECUTION_ID":"true","FUNCTION_SIGNATURE_TYPE":"http"},"maxInstanceCount":100,"ingressSettings":"ALLOW_ALL","uri":"https://deletenotification-kjcs74itya-uc.a.run.app","serviceAccountEmail":"106183287113-compute@developer.gserviceaccount.com","availableMemory":"256Mi","allTrafficOnLatestRevision":true,"revision":"deletenotification-00002-vin","maxInstanceRequestConcurrency":80,"availableCpu":"1"},"state":"ACTIVE","updateTime":"2024-08-07T15:45:16.592509031Z","labels":{"deployment-tool":"cli-firebase","deployment-callable":"true","firebase-functions-hash":"1b84d3a8d6bb2af7b71e3422cda7ca39f0ec36f5"},"environment":"GEN_2","url":"https://us-central1-famous-stocks.cloudfunctions.net/deleteNotification","createTime":"2024-08-04T16:37:23.629118038Z"}}
[debug] [2024-08-07T15:45:28.014Z] Got source token Cldwcm9qZWN0cy8xMDYxODMyODcxMTMvbG9jYXRpb25zL3VzLWNlbnRyYWwxL2J1aWxkcy83NDZmNDE5Zi01ZmFjLTQ3NDktODlmMy1mNjlhZDU4YzhkNGYSUnVzLWNlbnRyYWwxLWRvY2tlci5wa2cuZGV2L2ZhbW91cy1zdG9ja3MvZ2NmLWFydGlmYWN0cy9nZXRfbm90aWZpY2F0aW9uczp2ZXJzaW9uXzEYycKRyIsDIkdwcm9qZWN0cy9mYW1vdXMtc3RvY2tzL2xvY2F0aW9ucy91cy1jZW50cmFsMS9mdW5jdGlvbnMvZ2V0Tm90aWZpY2F0aW9ucyoMCIitzrUGEIDHr5cDMghub2RlanMxODp2CiNnY3IuaW8vZ2FlLXJ1bnRpbWVzL25vZGVqczE4OnN0YWJsZRJPdXMtY2VudHJhbDEtZG9ja2VyLnBrZy5kZXYvc2VydmVybGVzcy1ydW50aW1lcy9nb29nbGUtMjItZnVsbC9ydW50aW1lcy9ub2RlanMxOEAB for region us-central1
[info] ✔  functions[deleteNotification(us-central1)] Successful update operation. 
[debug] [2024-08-07T15:45:28.261Z] <<< [apiv2][status] GET https://cloudfunctions.googleapis.com/v2/projects/famous-stocks/locations/us-central1/operations/operation-1723045516129-61f19cbebb300-79b02ef6-ff115bad 200
[debug] [2024-08-07T15:45:28.262Z] <<< [apiv2][body] GET https://cloudfunctions.googleapis.com/v2/projects/famous-stocks/locations/us-central1/operations/operation-1723045516129-61f19cbebb300-79b02ef6-ff115bad {"name":"projects/famous-stocks/locations/us-central1/operations/operation-1723045516129-61f19cbebb300-79b02ef6-ff115bad","metadata":{"@type":"type.googleapis.com/google.cloud.functions.v2.OperationMetadata","createTime":"2024-08-07T15:45:16.928394819Z","endTime":"2024-08-07T15:45:25.487128333Z","target":"projects/famous-stocks/locations/us-central1/functions/subscribeForNotifications","verb":"update","cancelRequested":false,"apiVersion":"v2","requestResource":{"@type":"type.googleapis.com/google.cloud.functions.v2.Function","name":"projects/famous-stocks/locations/us-central1/functions/subscribeForNotifications","buildConfig":{"runtime":"nodejs18","entryPoint":"subscribeForNotifications","source":{"storageSource":{"bucket":"gcf-v2-sources-106183287113-us-central1","object":"subscribeForNotifications/function-source.zip","generation":"1723045516893000"}},"environmentVariables":{"GOOGLE_NODE_RUN_SCRIPTS":""},"dockerRepository":"projects/famous-stocks/locations/us-central1/repositories/gcf-artifacts","sourceProvenance":{"resolvedStorageSource":{"bucket":"gcf-v2-sources-106183287113-us-central1","object":"subscribeForNotifications/function-source.zip","generation":"1722789508615084"}},"dockerRegistry":"ARTIFACT_REGISTRY","sourceToken":"Cldwcm9qZWN0cy8xMDYxODMyODcxMTMvbG9jYXRpb25zL3VzLWNlbnRyYWwxL2J1aWxkcy83NDZmNDE5Zi01ZmFjLTQ3NDktODlmMy1mNjlhZDU4YzhkNGYSUnVzLWNlbnRyYWwxLWRvY2tlci5wa2cuZGV2L2ZhbW91cy1zdG9ja3MvZ2NmLWFydGlmYWN0cy9nZXRfbm90aWZpY2F0aW9uczp2ZXJzaW9uXzEYycKRyIsDIkdwcm9qZWN0cy9mYW1vdXMtc3RvY2tzL2xvY2F0aW9ucy91cy1jZW50cmFsMS9mdW5jdGlvbnMvZ2V0Tm90aWZpY2F0aW9ucyoMCIitzrUGEIDHr5cDMghub2RlanMxODp2CiNnY3IuaW8vZ2FlLXJ1bnRpbWVzL25vZGVqczE4OnN0YWJsZRJPdXMtY2VudHJhbDEtZG9ja2VyLnBrZy5kZXYvc2VydmVybGVzcy1ydW50aW1lcy9nb29nbGUtMjItZnVsbC9ydW50aW1lcy9ub2RlanMxOEAB","serviceAccount":"projects/famous-stocks/serviceAccounts/106183287113-compute@developer.gserviceaccount.com","automaticUpdatePolicy":{}},"serviceConfig":{"service":"projects/famous-stocks/locations/us-central1/services/subscribefornotifications","timeoutSeconds":60,"environmentVariables":{"FIREBASE_CONFIG":"{\"projectId\":\"famous-stocks\",\"storageBucket\":\"famous-stocks.appspot.com\",\"locationId\":\"us-central\"}","GCLOUD_PROJECT":"famous-stocks","FIRESTORE_PREFER_REST":"true","EVENTARC_CLOUD_EVENT_SOURCE":"projects/famous-stocks/locations/us-central1/services/subscribeForNotifications","FUNCTION_TARGET":"subscribeForNotifications","LOG_EXECUTION_ID":"true","FUNCTION_SIGNATURE_TYPE":"http"},"ingressSettings":"ALLOW_ALL","uri":"https://subscribefornotifications-kjcs74itya-uc.a.run.app","serviceAccountEmail":"106183287113-compute@developer.gserviceaccount.com","availableMemory":"256Mi","allTrafficOnLatestRevision":true,"revision":"subscribefornotifications-00004-yog","maxInstanceRequestConcurrency":80,"availableCpu":"1"},"state":"ACTIVE","labels":{"deployment-tool":"cli-firebase","deployment-callable":"true","firebase-functions-hash":"1b84d3a8d6bb2af7b71e3422cda7ca39f0ec36f5"},"environment":"GEN_2","url":"https://us-central1-famous-stocks.cloudfunctions.net/subscribeForNotifications"},"stages":[{"name":"BUILD","message":"Reusing build","state":"COMPLETE","resource":"projects/106183287113/locations/us-central1/builds/746f419f-5fac-4749-89f3-f69ad58c8d4f"},{"name":"SERVICE","message":"Updating Cloud Run service","state":"COMPLETE","resource":"projects/famous-stocks/locations/us-central1/services/subscribefornotifications","resourceUri":"https://console.cloud.google.com/run/detail/us-central1/subscribefornotifications?project=famous-stocks","stateMessages":[{"severity":"INFO","type":"CloudRunServiceNewRevisionTrafficInfo","message":"A new revision will be deployed serving with 100% traffic."}]}],"sourceToken":"Cldwcm9qZWN0cy8xMDYxODMyODcxMTMvbG9jYXRpb25zL3VzLWNlbnRyYWwxL2J1aWxkcy83NDZmNDE5Zi01ZmFjLTQ3NDktODlmMy1mNjlhZDU4YzhkNGYSUnVzLWNlbnRyYWwxLWRvY2tlci5wa2cuZGV2L2ZhbW91cy1zdG9ja3MvZ2NmLWFydGlmYWN0cy9nZXRfbm90aWZpY2F0aW9uczp2ZXJzaW9uXzEYycKRyIsDIkdwcm9qZWN0cy9mYW1vdXMtc3RvY2tzL2xvY2F0aW9ucy91cy1jZW50cmFsMS9mdW5jdGlvbnMvZ2V0Tm90aWZpY2F0aW9ucyoMCIitzrUGEIDHr5cDMghub2RlanMxODp2CiNnY3IuaW8vZ2FlLXJ1bnRpbWVzL25vZGVqczE4OnN0YWJsZRJPdXMtY2VudHJhbDEtZG9ja2VyLnBrZy5kZXYvc2VydmVybGVzcy1ydW50aW1lcy9nb29nbGUtMjItZnVsbC9ydW50aW1lcy9ub2RlanMxOEAB","operationType":"UPDATE_FUNCTION","buildName":"projects/106183287113/locations/us-central1/builds/746f419f-5fac-4749-89f3-f69ad58c8d4f"},"done":true,"response":{"@type":"type.googleapis.com/google.cloud.functions.v2.Function","name":"projects/famous-stocks/locations/us-central1/functions/subscribeForNotifications","buildConfig":{"build":"projects/106183287113/locations/us-central1/builds/746f419f-5fac-4749-89f3-f69ad58c8d4f","runtime":"nodejs18","entryPoint":"subscribeForNotifications","source":{"storageSource":{"bucket":"gcf-v2-sources-106183287113-us-central1","object":"subscribeForNotifications/function-source.zip","generation":"1723045516893000"}},"environmentVariables":{"GOOGLE_NODE_RUN_SCRIPTS":""},"dockerRepository":"projects/famous-stocks/locations/us-central1/repositories/gcf-artifacts","sourceProvenance":{"resolvedStorageSource":{"bucket":"gcf-v2-sources-106183287113-us-central1","object":"subscribeForNotifications/function-source.zip","generation":"1723045516893000"}},"dockerRegistry":"ARTIFACT_REGISTRY","serviceAccount":"projects/famous-stocks/serviceAccounts/106183287113-compute@developer.gserviceaccount.com","automaticUpdatePolicy":{}},"serviceConfig":{"service":"projects/famous-stocks/locations/us-central1/services/subscribefornotifications","timeoutSeconds":60,"environmentVariables":{"FIREBASE_CONFIG":"{\"projectId\":\"famous-stocks\",\"storageBucket\":\"famous-stocks.appspot.com\",\"locationId\":\"us-central\"}","GCLOUD_PROJECT":"famous-stocks","FIRESTORE_PREFER_REST":"true","EVENTARC_CLOUD_EVENT_SOURCE":"projects/famous-stocks/locations/us-central1/services/subscribeForNotifications","FUNCTION_TARGET":"subscribeForNotifications","LOG_EXECUTION_ID":"true","FUNCTION_SIGNATURE_TYPE":"http"},"maxInstanceCount":100,"ingressSettings":"ALLOW_ALL","uri":"https://subscribefornotifications-kjcs74itya-uc.a.run.app","serviceAccountEmail":"106183287113-compute@developer.gserviceaccount.com","availableMemory":"256Mi","allTrafficOnLatestRevision":true,"revision":"subscribefornotifications-00005-fun","maxInstanceRequestConcurrency":80,"availableCpu":"1"},"state":"ACTIVE","updateTime":"2024-08-07T15:45:16.930181602Z","labels":{"deployment-tool":"cli-firebase","deployment-callable":"true","firebase-functions-hash":"1b84d3a8d6bb2af7b71e3422cda7ca39f0ec36f5"},"environment":"GEN_2","url":"https://us-central1-famous-stocks.cloudfunctions.net/subscribeForNotifications","createTime":"2024-08-04T09:42:31.880114091Z"}}
[debug] [2024-08-07T15:45:28.262Z] Got source token Cldwcm9qZWN0cy8xMDYxODMyODcxMTMvbG9jYXRpb25zL3VzLWNlbnRyYWwxL2J1aWxkcy83NDZmNDE5Zi01ZmFjLTQ3NDktODlmMy1mNjlhZDU4YzhkNGYSUnVzLWNlbnRyYWwxLWRvY2tlci5wa2cuZGV2L2ZhbW91cy1zdG9ja3MvZ2NmLWFydGlmYWN0cy9nZXRfbm90aWZpY2F0aW9uczp2ZXJzaW9uXzEYycKRyIsDIkdwcm9qZWN0cy9mYW1vdXMtc3RvY2tzL2xvY2F0aW9ucy91cy1jZW50cmFsMS9mdW5jdGlvbnMvZ2V0Tm90aWZpY2F0aW9ucyoMCIitzrUGEIDHr5cDMghub2RlanMxODp2CiNnY3IuaW8vZ2FlLXJ1bnRpbWVzL25vZGVqczE4OnN0YWJsZRJPdXMtY2VudHJhbDEtZG9ja2VyLnBrZy5kZXYvc2VydmVybGVzcy1ydW50aW1lcy9nb29nbGUtMjItZnVsbC9ydW50aW1lcy9ub2RlanMxOEAB for region us-central1
[info] ✔  functions[subscribeForNotifications(us-central1)] Successful update operation. 
[debug] [2024-08-07T15:45:28.364Z] <<< [apiv2][status] GET https://cloudfunctions.googleapis.com/v2/projects/famous-stocks/locations/us-central1/operations/operation-1723045516133-61f19cbebc5f9-a4c2b04d-76fe279f 200
[debug] [2024-08-07T15:45:28.364Z] <<< [apiv2][body] GET https://cloudfunctions.googleapis.com/v2/projects/famous-stocks/locations/us-central1/operations/operation-1723045516133-61f19cbebc5f9-a4c2b04d-76fe279f {"name":"projects/famous-stocks/locations/us-central1/operations/operation-1723045516133-61f19cbebc5f9-a4c2b04d-76fe279f","metadata":{"@type":"type.googleapis.com/google.cloud.functions.v2.OperationMetadata","createTime":"2024-08-07T15:45:16.959318339Z","endTime":"2024-08-07T15:45:24.823020692Z","target":"projects/famous-stocks/locations/us-central1/functions/getTransactions","verb":"update","cancelRequested":false,"apiVersion":"v2","requestResource":{"@type":"type.googleapis.com/google.cloud.functions.v2.Function","name":"projects/famous-stocks/locations/us-central1/functions/getTransactions","buildConfig":{"runtime":"nodejs18","entryPoint":"getTransactions","source":{"storageSource":{"bucket":"gcf-v2-sources-106183287113-us-central1","object":"getTransactions/function-source.zip","generation":"1723045516917291"}},"environmentVariables":{"GOOGLE_NODE_RUN_SCRIPTS":""},"dockerRepository":"projects/famous-stocks/locations/us-central1/repositories/gcf-artifacts","sourceProvenance":{"resolvedStorageSource":{"bucket":"gcf-v2-sources-106183287113-us-central1","object":"getTransactions/function-source.zip","generation":"1722789508853531"}},"dockerRegistry":"ARTIFACT_REGISTRY","sourceToken":"Cldwcm9qZWN0cy8xMDYxODMyODcxMTMvbG9jYXRpb25zL3VzLWNlbnRyYWwxL2J1aWxkcy83NDZmNDE5Zi01ZmFjLTQ3NDktODlmMy1mNjlhZDU4YzhkNGYSUnVzLWNlbnRyYWwxLWRvY2tlci5wa2cuZGV2L2ZhbW91cy1zdG9ja3MvZ2NmLWFydGlmYWN0cy9nZXRfbm90aWZpY2F0aW9uczp2ZXJzaW9uXzEYycKRyIsDIkdwcm9qZWN0cy9mYW1vdXMtc3RvY2tzL2xvY2F0aW9ucy91cy1jZW50cmFsMS9mdW5jdGlvbnMvZ2V0Tm90aWZpY2F0aW9ucyoMCIitzrUGEIDHr5cDMghub2RlanMxODp2CiNnY3IuaW8vZ2FlLXJ1bnRpbWVzL25vZGVqczE4OnN0YWJsZRJPdXMtY2VudHJhbDEtZG9ja2VyLnBrZy5kZXYvc2VydmVybGVzcy1ydW50aW1lcy9nb29nbGUtMjItZnVsbC9ydW50aW1lcy9ub2RlanMxOEAB","serviceAccount":"projects/famous-stocks/serviceAccounts/106183287113-compute@developer.gserviceaccount.com","automaticUpdatePolicy":{}},"serviceConfig":{"service":"projects/famous-stocks/locations/us-central1/services/gettransactions","timeoutSeconds":60,"environmentVariables":{"FIREBASE_CONFIG":"{\"projectId\":\"famous-stocks\",\"storageBucket\":\"famous-stocks.appspot.com\",\"locationId\":\"us-central\"}","GCLOUD_PROJECT":"famous-stocks","FIRESTORE_PREFER_REST":"true","EVENTARC_CLOUD_EVENT_SOURCE":"projects/famous-stocks/locations/us-central1/services/getTransactions","FUNCTION_TARGET":"getTransactions","LOG_EXECUTION_ID":"true","FUNCTION_SIGNATURE_TYPE":"http"},"ingressSettings":"ALLOW_ALL","uri":"https://gettransactions-kjcs74itya-uc.a.run.app","serviceAccountEmail":"106183287113-compute@developer.gserviceaccount.com","availableMemory":"256Mi","allTrafficOnLatestRevision":true,"revision":"gettransactions-00014-foj","maxInstanceRequestConcurrency":80,"availableCpu":"1"},"state":"ACTIVE","labels":{"deployment-tool":"cli-firebase","firebase-functions-hash":"1b84d3a8d6bb2af7b71e3422cda7ca39f0ec36f5"},"environment":"GEN_2","url":"https://us-central1-famous-stocks.cloudfunctions.net/getTransactions"},"stages":[{"name":"BUILD","message":"Reusing build","state":"COMPLETE","resource":"projects/106183287113/locations/us-central1/builds/746f419f-5fac-4749-89f3-f69ad58c8d4f"},{"name":"SERVICE","message":"Updating Cloud Run service","state":"COMPLETE","resource":"projects/famous-stocks/locations/us-central1/services/gettransactions","resourceUri":"https://console.cloud.google.com/run/detail/us-central1/gettransactions?project=famous-stocks","stateMessages":[{"severity":"INFO","type":"CloudRunServiceNewRevisionTrafficInfo","message":"A new revision will be deployed serving with 100% traffic."}]}],"sourceToken":"Cldwcm9qZWN0cy8xMDYxODMyODcxMTMvbG9jYXRpb25zL3VzLWNlbnRyYWwxL2J1aWxkcy83NDZmNDE5Zi01ZmFjLTQ3NDktODlmMy1mNjlhZDU4YzhkNGYSUnVzLWNlbnRyYWwxLWRvY2tlci5wa2cuZGV2L2ZhbW91cy1zdG9ja3MvZ2NmLWFydGlmYWN0cy9nZXRfbm90aWZpY2F0aW9uczp2ZXJzaW9uXzEYycKRyIsDIkdwcm9qZWN0cy9mYW1vdXMtc3RvY2tzL2xvY2F0aW9ucy91cy1jZW50cmFsMS9mdW5jdGlvbnMvZ2V0Tm90aWZpY2F0aW9ucyoMCIitzrUGEIDHr5cDMghub2RlanMxODp2CiNnY3IuaW8vZ2FlLXJ1bnRpbWVzL25vZGVqczE4OnN0YWJsZRJPdXMtY2VudHJhbDEtZG9ja2VyLnBrZy5kZXYvc2VydmVybGVzcy1ydW50aW1lcy9nb29nbGUtMjItZnVsbC9ydW50aW1lcy9ub2RlanMxOEAB","operationType":"UPDATE_FUNCTION","buildName":"projects/106183287113/locations/us-central1/builds/746f419f-5fac-4749-89f3-f69ad58c8d4f"},"done":true,"response":{"@type":"type.googleapis.com/google.cloud.functions.v2.Function","name":"projects/famous-stocks/locations/us-central1/functions/getTransactions","buildConfig":{"build":"projects/106183287113/locations/us-central1/builds/746f419f-5fac-4749-89f3-f69ad58c8d4f","runtime":"nodejs18","entryPoint":"getTransactions","source":{"storageSource":{"bucket":"gcf-v2-sources-106183287113-us-central1","object":"getTransactions/function-source.zip","generation":"1723045516917291"}},"environmentVariables":{"GOOGLE_NODE_RUN_SCRIPTS":""},"dockerRepository":"projects/famous-stocks/locations/us-central1/repositories/gcf-artifacts","sourceProvenance":{"resolvedStorageSource":{"bucket":"gcf-v2-sources-106183287113-us-central1","object":"getTransactions/function-source.zip","generation":"1723045516917291"}},"dockerRegistry":"ARTIFACT_REGISTRY","serviceAccount":"projects/famous-stocks/serviceAccounts/106183287113-compute@developer.gserviceaccount.com","automaticUpdatePolicy":{}},"serviceConfig":{"service":"projects/famous-stocks/locations/us-central1/services/gettransactions","timeoutSeconds":60,"environmentVariables":{"FIREBASE_CONFIG":"{\"projectId\":\"famous-stocks\",\"storageBucket\":\"famous-stocks.appspot.com\",\"locationId\":\"us-central\"}","GCLOUD_PROJECT":"famous-stocks","FIRESTORE_PREFER_REST":"true","EVENTARC_CLOUD_EVENT_SOURCE":"projects/famous-stocks/locations/us-central1/services/getTransactions","FUNCTION_TARGET":"getTransactions","LOG_EXECUTION_ID":"true","FUNCTION_SIGNATURE_TYPE":"http"},"maxInstanceCount":100,"ingressSettings":"ALLOW_ALL","uri":"https://gettransactions-kjcs74itya-uc.a.run.app","serviceAccountEmail":"106183287113-compute@developer.gserviceaccount.com","availableMemory":"256Mi","allTrafficOnLatestRevision":true,"revision":"gettransactions-00015-jaz","maxInstanceRequestConcurrency":80,"availableCpu":"1"},"state":"ACTIVE","updateTime":"2024-08-07T15:45:16.962088086Z","labels":{"deployment-tool":"cli-firebase","firebase-functions-hash":"1b84d3a8d6bb2af7b71e3422cda7ca39f0ec36f5"},"environment":"GEN_2","url":"https://us-central1-famous-stocks.cloudfunctions.net/getTransactions","createTime":"2024-07-26T18:36:04.997183542Z"}}
[debug] [2024-08-07T15:45:28.364Z] Got source token Cldwcm9qZWN0cy8xMDYxODMyODcxMTMvbG9jYXRpb25zL3VzLWNlbnRyYWwxL2J1aWxkcy83NDZmNDE5Zi01ZmFjLTQ3NDktODlmMy1mNjlhZDU4YzhkNGYSUnVzLWNlbnRyYWwxLWRvY2tlci5wa2cuZGV2L2ZhbW91cy1zdG9ja3MvZ2NmLWFydGlmYWN0cy9nZXRfbm90aWZpY2F0aW9uczp2ZXJzaW9uXzEYycKRyIsDIkdwcm9qZWN0cy9mYW1vdXMtc3RvY2tzL2xvY2F0aW9ucy91cy1jZW50cmFsMS9mdW5jdGlvbnMvZ2V0Tm90aWZpY2F0aW9ucyoMCIitzrUGEIDHr5cDMghub2RlanMxODp2CiNnY3IuaW8vZ2FlLXJ1bnRpbWVzL25vZGVqczE4OnN0YWJsZRJPdXMtY2VudHJhbDEtZG9ja2VyLnBrZy5kZXYvc2VydmVybGVzcy1ydW50aW1lcy9nb29nbGUtMjItZnVsbC9ydW50aW1lcy9ub2RlanMxOEAB for region us-central1
[info] ✔  functions[getTransactions(us-central1)] Successful update operation. 
[debug] [2024-08-07T15:45:36.353Z] [create-python-functions-us-central1-on_request_example] Retrying task index 0
[debug] [2024-08-07T15:45:36.354Z] >>> [apiv2][query] GET https://cloudfunctions.googleapis.com/v2/projects/famous-stocks/locations/us-central1/operations/operation-1723045505359-61f19cb475e3e-1cc8015f-e3b6e23e [none]
[debug] [2024-08-07T15:45:37.236Z] <<< [apiv2][status] GET https://cloudfunctions.googleapis.com/v2/projects/famous-stocks/locations/us-central1/operations/operation-1723045505359-61f19cb475e3e-1cc8015f-e3b6e23e 200
[debug] [2024-08-07T15:45:37.236Z] <<< [apiv2][body] GET https://cloudfunctions.googleapis.com/v2/projects/famous-stocks/locations/us-central1/operations/operation-1723045505359-61f19cb475e3e-1cc8015f-e3b6e23e {"name":"projects/famous-stocks/locations/us-central1/operations/operation-1723045505359-61f19cb475e3e-1cc8015f-e3b6e23e","metadata":{"@type":"type.googleapis.com/google.cloud.functions.v2.OperationMetadata","createTime":"2024-08-07T15:45:05.982360662Z","target":"projects/famous-stocks/locations/us-central1/functions/on_request_example","verb":"create","cancelRequested":false,"apiVersion":"v2","requestResource":{"@type":"type.googleapis.com/google.cloud.functions.v2.Function","name":"projects/famous-stocks/locations/us-central1/functions/on_request_example","buildConfig":{"runtime":"python311","entryPoint":"on_request_example","source":{"storageSource":{"bucket":"gcf-v2-sources-106183287113-us-central1","object":"on_request_example/function-source.zip","generation":"1723045505688424"}},"environmentVariables":{"GOOGLE_NODE_RUN_SCRIPTS":""},"serviceAccount":"projects/famous-stocks/serviceAccounts/106183287113-compute@developer.gserviceaccount.com","automaticUpdatePolicy":{}},"serviceConfig":{"service":"projects/famous-stocks/locations/us-central1/services/on-request-example","timeoutSeconds":60,"environmentVariables":{"FIREBASE_CONFIG":"{\"projectId\":\"famous-stocks\",\"storageBucket\":\"famous-stocks.appspot.com\",\"locationId\":\"us-central\"}","GCLOUD_PROJECT":"famous-stocks","FIRESTORE_PREFER_REST":"true","EVENTARC_CLOUD_EVENT_SOURCE":"projects/famous-stocks/locations/us-central1/services/on_request_example","FUNCTION_TARGET":"on_request_example","LOG_EXECUTION_ID":"true"},"ingressSettings":"ALLOW_ALL","serviceAccountEmail":"106183287113-compute@developer.gserviceaccount.com","availableMemory":"256Mi","maxInstanceRequestConcurrency":80,"availableCpu":"1"},"labels":{"deployment-tool":"cli-firebase","firebase-functions-codebase":"python-functions","firebase-functions-hash":"50a96821fcdc1416b785ae552001ccecab6488e5"},"environment":"GEN_2"},"stages":[{"name":"BUILD","message":"Build in progress","state":"IN_PROGRESS","resource":"projects/106183287113/locations/us-central1/builds/b815364e-35a3-49c1-92b4-4f8ba331114b","resourceUri":"https://console.cloud.google.com/cloud-build/builds;region=us-central1/b815364e-35a3-49c1-92b4-4f8ba331114b?project=106183287113"},{"name":"SERVICE","state":"NOT_STARTED"}],"operationType":"CREATE_FUNCTION","buildName":"projects/106183287113/locations/us-central1/builds/b815364e-35a3-49c1-92b4-4f8ba331114b"},"done":false}
[debug] [2024-08-07T15:45:47.239Z] [create-python-functions-us-central1-on_request_example] Retrying task index 0
[debug] [2024-08-07T15:45:47.241Z] >>> [apiv2][query] GET https://cloudfunctions.googleapis.com/v2/projects/famous-stocks/locations/us-central1/operations/operation-1723045505359-61f19cb475e3e-1cc8015f-e3b6e23e [none]
[debug] [2024-08-07T15:45:48.194Z] <<< [apiv2][status] GET https://cloudfunctions.googleapis.com/v2/projects/famous-stocks/locations/us-central1/operations/operation-1723045505359-61f19cb475e3e-1cc8015f-e3b6e23e 200
[debug] [2024-08-07T15:45:48.194Z] <<< [apiv2][body] GET https://cloudfunctions.googleapis.com/v2/projects/famous-stocks/locations/us-central1/operations/operation-1723045505359-61f19cb475e3e-1cc8015f-e3b6e23e {"name":"projects/famous-stocks/locations/us-central1/operations/operation-1723045505359-61f19cb475e3e-1cc8015f-e3b6e23e","metadata":{"@type":"type.googleapis.com/google.cloud.functions.v2.OperationMetadata","createTime":"2024-08-07T15:45:05.982360662Z","target":"projects/famous-stocks/locations/us-central1/functions/on_request_example","verb":"create","cancelRequested":false,"apiVersion":"v2","requestResource":{"@type":"type.googleapis.com/google.cloud.functions.v2.Function","name":"projects/famous-stocks/locations/us-central1/functions/on_request_example","buildConfig":{"runtime":"python311","entryPoint":"on_request_example","source":{"storageSource":{"bucket":"gcf-v2-sources-106183287113-us-central1","object":"on_request_example/function-source.zip","generation":"1723045505688424"}},"environmentVariables":{"GOOGLE_NODE_RUN_SCRIPTS":""},"serviceAccount":"projects/famous-stocks/serviceAccounts/106183287113-compute@developer.gserviceaccount.com","automaticUpdatePolicy":{}},"serviceConfig":{"service":"projects/famous-stocks/locations/us-central1/services/on-request-example","timeoutSeconds":60,"environmentVariables":{"FIREBASE_CONFIG":"{\"projectId\":\"famous-stocks\",\"storageBucket\":\"famous-stocks.appspot.com\",\"locationId\":\"us-central\"}","GCLOUD_PROJECT":"famous-stocks","FIRESTORE_PREFER_REST":"true","EVENTARC_CLOUD_EVENT_SOURCE":"projects/famous-stocks/locations/us-central1/services/on_request_example","FUNCTION_TARGET":"on_request_example","LOG_EXECUTION_ID":"true"},"ingressSettings":"ALLOW_ALL","serviceAccountEmail":"106183287113-compute@developer.gserviceaccount.com","availableMemory":"256Mi","maxInstanceRequestConcurrency":80,"availableCpu":"1"},"labels":{"deployment-tool":"cli-firebase","firebase-functions-codebase":"python-functions","firebase-functions-hash":"50a96821fcdc1416b785ae552001ccecab6488e5"},"environment":"GEN_2"},"stages":[{"name":"BUILD","message":"Build in progress","state":"IN_PROGRESS","resource":"projects/106183287113/locations/us-central1/builds/b815364e-35a3-49c1-92b4-4f8ba331114b","resourceUri":"https://console.cloud.google.com/cloud-build/builds;region=us-central1/b815364e-35a3-49c1-92b4-4f8ba331114b?project=106183287113"},{"name":"SERVICE","state":"NOT_STARTED"}],"operationType":"CREATE_FUNCTION","buildName":"projects/106183287113/locations/us-central1/builds/b815364e-35a3-49c1-92b4-4f8ba331114b"},"done":false}
[debug] [2024-08-07T15:45:58.195Z] [create-python-functions-us-central1-on_request_example] Retrying task index 0
[debug] [2024-08-07T15:45:58.197Z] >>> [apiv2][query] GET https://cloudfunctions.googleapis.com/v2/projects/famous-stocks/locations/us-central1/operations/operation-1723045505359-61f19cb475e3e-1cc8015f-e3b6e23e [none]
[debug] [2024-08-07T15:45:59.053Z] <<< [apiv2][status] GET https://cloudfunctions.googleapis.com/v2/projects/famous-stocks/locations/us-central1/operations/operation-1723045505359-61f19cb475e3e-1cc8015f-e3b6e23e 200
[debug] [2024-08-07T15:45:59.053Z] <<< [apiv2][body] GET https://cloudfunctions.googleapis.com/v2/projects/famous-stocks/locations/us-central1/operations/operation-1723045505359-61f19cb475e3e-1cc8015f-e3b6e23e {"name":"projects/famous-stocks/locations/us-central1/operations/operation-1723045505359-61f19cb475e3e-1cc8015f-e3b6e23e","metadata":{"@type":"type.googleapis.com/google.cloud.functions.v2.OperationMetadata","createTime":"2024-08-07T15:45:05.982360662Z","target":"projects/famous-stocks/locations/us-central1/functions/on_request_example","verb":"create","cancelRequested":false,"apiVersion":"v2","requestResource":{"@type":"type.googleapis.com/google.cloud.functions.v2.Function","name":"projects/famous-stocks/locations/us-central1/functions/on_request_example","buildConfig":{"runtime":"python311","entryPoint":"on_request_example","source":{"storageSource":{"bucket":"gcf-v2-sources-106183287113-us-central1","object":"on_request_example/function-source.zip","generation":"1723045505688424"}},"environmentVariables":{"GOOGLE_NODE_RUN_SCRIPTS":""},"serviceAccount":"projects/famous-stocks/serviceAccounts/106183287113-compute@developer.gserviceaccount.com","automaticUpdatePolicy":{}},"serviceConfig":{"service":"projects/famous-stocks/locations/us-central1/services/on-request-example","timeoutSeconds":60,"environmentVariables":{"FIREBASE_CONFIG":"{\"projectId\":\"famous-stocks\",\"storageBucket\":\"famous-stocks.appspot.com\",\"locationId\":\"us-central\"}","GCLOUD_PROJECT":"famous-stocks","FIRESTORE_PREFER_REST":"true","EVENTARC_CLOUD_EVENT_SOURCE":"projects/famous-stocks/locations/us-central1/services/on_request_example","FUNCTION_TARGET":"on_request_example","LOG_EXECUTION_ID":"true"},"ingressSettings":"ALLOW_ALL","serviceAccountEmail":"106183287113-compute@developer.gserviceaccount.com","availableMemory":"256Mi","maxInstanceRequestConcurrency":80,"availableCpu":"1"},"labels":{"deployment-tool":"cli-firebase","firebase-functions-codebase":"python-functions","firebase-functions-hash":"50a96821fcdc1416b785ae552001ccecab6488e5"},"environment":"GEN_2"},"stages":[{"name":"BUILD","message":"Build in progress","state":"IN_PROGRESS","resource":"projects/106183287113/locations/us-central1/builds/b815364e-35a3-49c1-92b4-4f8ba331114b","resourceUri":"https://console.cloud.google.com/cloud-build/builds;region=us-central1/b815364e-35a3-49c1-92b4-4f8ba331114b?project=106183287113"},{"name":"SERVICE","state":"NOT_STARTED"}],"operationType":"CREATE_FUNCTION","buildName":"projects/106183287113/locations/us-central1/builds/b815364e-35a3-49c1-92b4-4f8ba331114b"},"done":false}
[debug] [2024-08-07T15:46:09.055Z] [create-python-functions-us-central1-on_request_example] Retrying task index 0
[debug] [2024-08-07T15:46:09.056Z] >>> [apiv2][query] GET https://cloudfunctions.googleapis.com/v2/projects/famous-stocks/locations/us-central1/operations/operation-1723045505359-61f19cb475e3e-1cc8015f-e3b6e23e [none]
[debug] [2024-08-07T15:46:10.004Z] <<< [apiv2][status] GET https://cloudfunctions.googleapis.com/v2/projects/famous-stocks/locations/us-central1/operations/operation-1723045505359-61f19cb475e3e-1cc8015f-e3b6e23e 200
[debug] [2024-08-07T15:46:10.005Z] <<< [apiv2][body] GET https://cloudfunctions.googleapis.com/v2/projects/famous-stocks/locations/us-central1/operations/operation-1723045505359-61f19cb475e3e-1cc8015f-e3b6e23e {"name":"projects/famous-stocks/locations/us-central1/operations/operation-1723045505359-61f19cb475e3e-1cc8015f-e3b6e23e","metadata":{"@type":"type.googleapis.com/google.cloud.functions.v2.OperationMetadata","createTime":"2024-08-07T15:45:05.982360662Z","target":"projects/famous-stocks/locations/us-central1/functions/on_request_example","verb":"create","cancelRequested":false,"apiVersion":"v2","requestResource":{"@type":"type.googleapis.com/google.cloud.functions.v2.Function","name":"projects/famous-stocks/locations/us-central1/functions/on_request_example","buildConfig":{"runtime":"python311","entryPoint":"on_request_example","source":{"storageSource":{"bucket":"gcf-v2-sources-106183287113-us-central1","object":"on_request_example/function-source.zip","generation":"1723045505688424"}},"environmentVariables":{"GOOGLE_NODE_RUN_SCRIPTS":""},"serviceAccount":"projects/famous-stocks/serviceAccounts/106183287113-compute@developer.gserviceaccount.com","automaticUpdatePolicy":{}},"serviceConfig":{"service":"projects/famous-stocks/locations/us-central1/services/on-request-example","timeoutSeconds":60,"environmentVariables":{"FIREBASE_CONFIG":"{\"projectId\":\"famous-stocks\",\"storageBucket\":\"famous-stocks.appspot.com\",\"locationId\":\"us-central\"}","GCLOUD_PROJECT":"famous-stocks","FIRESTORE_PREFER_REST":"true","EVENTARC_CLOUD_EVENT_SOURCE":"projects/famous-stocks/locations/us-central1/services/on_request_example","FUNCTION_TARGET":"on_request_example","LOG_EXECUTION_ID":"true"},"ingressSettings":"ALLOW_ALL","serviceAccountEmail":"106183287113-compute@developer.gserviceaccount.com","availableMemory":"256Mi","maxInstanceRequestConcurrency":80,"availableCpu":"1"},"labels":{"deployment-tool":"cli-firebase","firebase-functions-codebase":"python-functions","firebase-functions-hash":"50a96821fcdc1416b785ae552001ccecab6488e5"},"environment":"GEN_2"},"stages":[{"name":"BUILD","message":"Build in progress","state":"IN_PROGRESS","resource":"projects/106183287113/locations/us-central1/builds/b815364e-35a3-49c1-92b4-4f8ba331114b","resourceUri":"https://console.cloud.google.com/cloud-build/builds;region=us-central1/b815364e-35a3-49c1-92b4-4f8ba331114b?project=106183287113"},{"name":"SERVICE","state":"NOT_STARTED"}],"operationType":"CREATE_FUNCTION","buildName":"projects/106183287113/locations/us-central1/builds/b815364e-35a3-49c1-92b4-4f8ba331114b"},"done":false}
[debug] [2024-08-07T15:46:20.007Z] [create-python-functions-us-central1-on_request_example] Retrying task index 0
[debug] [2024-08-07T15:46:20.009Z] >>> [apiv2][query] GET https://cloudfunctions.googleapis.com/v2/projects/famous-stocks/locations/us-central1/operations/operation-1723045505359-61f19cb475e3e-1cc8015f-e3b6e23e [none]
