tx_date,file_date,last_name,first_name,order_type,ticker,asset_name,tx_amount,option_type,strike_price,expiry
07/26/2024,08/06/2024,Boozman,John,Sale (Partial),LRCX,Lam Research Corporation - Common Stock,"$1,001 - $15,000",,,
07/26/2024,08/06/2024,Boozman,John,Purchase,GOOGL,Alphabet Inc. - Class A Common Stock,"$1,001 - $15,000",,,
07/26/2024,08/06/2024,Boozman,John,Purchase,MSI,"Motorola Solutions, Inc. Common Stock","$1,001 - $15,000",,,
07/24/2024,07/29/2024,Britt,Katie,Sale (Full),ONEW,OneWater Marine Inc. - Class A Common Stock,"$1,001 - $15,000",,,
07/18/2024,08/06/2024,Boozman,John,Purchase,VEA,Vanguard FTSE Developed Markets ETF,"$1,001 - $15,000",,,
07/18/2024,08/06/2024,Boozman,John,Sale (Partial),MDY,SPDR MidCap Trust Series I,"$1,001 - $15,000",,,
07/17/2024,08/05/2024,Peters,Gary C,Sale (Full),--,CARR - Carrier Global Corp,"$1,001 - $15,000",,,
07/17/2024,08/05/2024,Peters,Gary C,Sale (Full),OTIS,Otis Worldwide Corp,"$1,001 - $15,000",,,
07/04/2024,07/11/2024,Boozman,John,Sale (Partial),IVV,iShares Core S&P 500 ETF,"$1,001 - $15,000",,,
06/27/2024,07/16/2024,Whitehouse,Sheldon,Purchase,GS,"Goldman Sachs Group, Inc. (The) Common Stock","$1,001 - $15,000",,,
06/27/2024,07/11/2024,Capito,Shelley M,Sale (Full),APD,Air Products and Chemicals,"$1,001 - $15,000",,,
06/26/2024,07/11/2024,Boozman,John,Sale (Partial),IEF,iShares 7-10 Year Treasury Bond ETF,"$1,001 - $15,000",,,
06/26/2024,07/11/2024,Boozman,John,Purchase,TLH,iShares 10-20 Year Treasury Bond ETF,"$1,001 - $15,000",,,
06/26/2024,07/11/2024,Boozman,John,Sale (Partial),SHY,iShares 1-3 Year Treasury Bond ETF,"$1,001 - $15,000",,,
06/26/2024,07/11/2024,Boozman,John,Purchase,SCHP,Schwab U.S. TIPS ETF,"$1,001 - $15,000",,,
06/26/2024,07/11/2024,Boozman,John,Purchase,JMBS,Janus Henderson Mortgage-Backed Securities ETF,"$1,001 - $15,000",,,
06/24/2024,07/11/2024,Boozman,John,Purchase,DALCX,Dean Mid Cap Value Fund No-Load,"$1,001 - $15,000",,,
06/24/2024,07/11/2024,Boozman,John,Sale (Full),NMVZX,Nuance Mid Cap Value Fund Z Class,"$1,001 - $15,000",,,
06/20/2024,07/11/2024,Boozman,John,Purchase,MSFT,Microsoft Corp,"$1,001 - $15,000",,,
06/20/2024,07/11/2024,Boozman,John,Sale (Full),CMCSA,Comcast Corporation - Class A Common Stock,"$1,001 - $15,000",,,
06/13/2024,07/16/2024,Whitehouse,Sheldon,Purchase,MSFT,Microsoft Corp,"$1,001 - $15,000",,,
06/13/2024,07/16/2024,Whitehouse,Sheldon,Purchase,HD,Home Depot,"$1,001 - $15,000",,,
06/13/2024,07/12/2024,Mullin,Markwayne,Sale (Partial),IWB,Russell 1000 Ishares ETF,"$500,001 - $1,000,000",,,
06/12/2024,07/12/2024,Mullin,Markwayne,Sale (Partial),NKE,"Nike, Inc. Common Stock","$15,001 - $50,000",,,
06/12/2024,07/12/2024,Mullin,Markwayne,Purchase,PH,Parker-Hannifin Corporation Common Stock,"$15,001 - $50,000",,,
06/12/2024,07/12/2024,Mullin,Markwayne,Sale (Partial),CMCSA,Comcast Corporation - Class A Common Stock,"$15,001 - $50,000",,,
06/12/2024,07/12/2024,Mullin,Markwayne,Sale (Partial),IWB,Russell 1000 Ishares ETF,"$50,001 - $100,000",,,
06/07/2024,06/07/2024,Mullin,Markwayne,Sale (Partial),--,Ishares TR Russell 1000 ETF,"$50,001 - $100,000",,,
06/04/2024,07/11/2024,Boozman,John,Purchase,NMVZX,Nuance Mid Cap Value Fund Z Class,"$1,001 - $15,000",,,
06/04/2024,07/11/2024,Boozman,John,Purchase,VEA,Vanguard FTSE Developed Markets ETF,"$15,001 - $50,000",,,
06/04/2024,06/13/2024,"McConnell, Jr.",A. Mitchell,Purchase,WFC,Wells Fargo & Company,"$1,001 - $15,000",,,
06/04/2024,07/11/2024,Boozman,John,Sale (Partial),MDY,SPDR MidCap Trust Series I,"$1,001 - $15,000",,,
06/04/2024,07/11/2024,Boozman,John,Purchase,SPY,S&P 500 SPDR,"$1,001 - $15,000",,,
06/04/2024,07/11/2024,Boozman,John,Purchase,GEM,Goldman Sachs ActiveBeta Emerging Markets Equity E,"$1,001 - $15,000",,,
06/04/2024,07/11/2024,Boozman,John,Sale (Partial),EFA,iShares MSCI EAFE ETF,"$15,001 - $50,000",,,
06/03/2024,06/10/2024,Hickenlooper,John W,Purchase,FWONK,Liberty Media Formula One Sr C,"$100,001 - $250,000",,,
06/03/2024,06/10/2024,Hickenlooper,John W,Sale (Full),FWONK,Liberty Media Formula One Sr C,"$100,001 - $250,000",,,
05/31/2024,06/05/2024,Boozman,John,Purchase,GIGB,Goldman Sachs Access Investment Grade Corporate Bo,"$1,001 - $15,000",,,
05/31/2024,06/05/2024,Boozman,John,Sale (Partial),EFA,iShares MSCI EAFE ETF,"$1,001 - $15,000",,,
05/31/2024,06/05/2024,Boozman,John,Sale (Partial),IVW,iShares S&P 500 Growth ETF,"$1,001 - $15,000",,,
05/22/2024,06/03/2024,Carper,Thomas R,Purchase,TGT,Target Corp,"$1,001 - $15,000",,,
05/20/2024,06/10/2024,Hickenlooper,John W,Purchase,FWONK,Liberty Media Formula One Sr C,"$100,001 - $250,000",,,
05/20/2024,06/10/2024,Hickenlooper,John W,Sale (Full),FWONK,Liberty Media Formula One Sr C,"$250,001 - $500,000",,,
05/16/2024,06/03/2024,Carper,Thomas R,Purchase,VIG,Vanguard Div Appreciation ETF,"$1,001 - $15,000",,,
05/16/2024,06/03/2024,Carper,Thomas R,Purchase,ICOW,Pacer Developed Markets International Cash,"$1,001 - $15,000",,,
05/16/2024,06/03/2024,Carper,Thomas R,Sale (Partial),FDRR,Fidelity Dividend ETF For Rising Rates,"$1,001 - $15,000",,,
05/16/2024,06/03/2024,Carper,Thomas R,Purchase,VEA,Vanguard FTSE Developed Markets ETF,"$1,001 - $15,000",,,
05/16/2024,06/03/2024,Carper,Thomas R,Sale (Full),EFAD,Proshares MSCI EAFE Dividend Growers ETF,"$1,001 - $15,000",,,
05/16/2024,06/03/2024,Carper,Thomas R,Purchase,COWZ,Pacer US Cash Cows 100 Index,"$1,001 - $15,000",,,
05/16/2024,06/03/2024,Carper,Thomas R,Sale (Full),PRF,Invesco FTSE RAFI US 1000 ETF,"$1,001 - $15,000",,,
05/15/2024,06/03/2024,Carper,Thomas R,Sale (Full),SMDV,ProShares Russell 2000 Dividend Growers ETF,"$1,001 - $15,000",,,
05/15/2024,06/03/2024,Carper,Thomas R,Purchase,CALF,Pacer US Small Cap Cash Cows 100 ETF,"$1,001 - $15,000",,,
05/14/2024,06/03/2024,Carper,Thomas R,Sale (Full),MOO,VanEck Agribusiness ETF,"$1,001 - $15,000",,,
05/14/2024,05/23/2024,Peters,Gary C,Sale (Full),SLB,Schlumberger N.V.,"$1,001 - $15,000",,,
05/14/2024,05/23/2024,Peters,Gary C,Sale (Full),CCL,Carnival Corp,"$1,001 - $15,000",,,
05/14/2024,06/03/2024,Carper,Thomas R,Purchase,SRVR,Pacer Benchmark Data & Infrastructure Real Estate,"$1,001 - $15,000",,,
05/14/2024,05/23/2024,Peters,Gary C,Sale (Full),IFF,International Flavors & Fragrances,"$15,001 - $50,000",,,
05/14/2024,05/23/2024,Peters,Gary C,Sale (Full),SOLV,Solventum Corporation,"$1,001 - $15,000",,,
05/13/2024,06/14/2024,Tuberville,Thomas H,Sale (Partial),INTC,Intel Corp,"$100,001 - $250,000",,,
05/13/2024,06/14/2024,Tuberville,Thomas H,Sale (Full),INTC,Intel Corp,"$100,001 - $250,000",,,
05/13/2024,06/14/2024,Tuberville,Thomas H,Sale (Full),CLF,Cleveland-Cliffs Inc,"$100,001 - $250,000",,,
05/13/2024,06/14/2024,Tuberville,Thomas H,Sale (Partial),CLF,Cleveland-Cliffs Inc,"$100,001 - $250,000",,,
05/10/2024,06/14/2024,Tuberville,Thomas H,Sale (Partial),CLF,Cleveland-Cliffs Inc,"$1,001 - $15,000",,,
05/10/2024,06/14/2024,Tuberville,Thomas H,Purchase,CLF,Cleveland-Cliffs Inc,"$1,001 - $15,000",Put,17.00,01/17/2025
05/10/2024,06/14/2024,Tuberville,Thomas H,Purchase,CLF,Cleveland-Cliffs Inc,"$1,001 - $15,000",Call,20.00,01/17/2025
05/10/2024,06/14/2024,Tuberville,Thomas H,Purchase,ARKK,Ark Innovation ETF,"$1,001 - $15,000",Put,45.00,09/20/2024
05/10/2024,06/14/2024,Tuberville,Thomas H,Sale (Full),PARA,Paramount Global Cl B,"$100,001 - $250,000",,,
05/10/2024,06/06/2024,Whitehouse,Sheldon,Purchase,CCI,Crown Castle Inc,"$1,001 - $15,000",,,
05/10/2024,06/14/2024,Tuberville,Thomas H,Sale (Partial),INTC,Intel Corporation - Common Stock,"$100,001 - $250,000",,,
05/10/2024,06/14/2024,Tuberville,Thomas H,Sale (Partial),CLF,Cleveland-Cliffs Inc,"$50,001 - $100,000",,,
05/10/2024,06/14/2024,Tuberville,Thomas H,Sale (Partial),CLF,Cleveland-Cliffs Inc,"$15,001 - $50,000",,,
05/10/2024,06/14/2024,Tuberville,Thomas H,Purchase,CLF,Cleveland-Cliffs Inc,"$1,001 - $15,000",Call,17.00,06/21/2024
05/10/2024,06/14/2024,Tuberville,Thomas H,Purchase,GILD,Gilead Sciences Inc,"$1,001 - $15,000",Put,70.00,11/15/2024
05/10/2024,06/14/2024,Tuberville,Thomas H,Purchase,CLF,Cleveland-Cliffs Inc,"$1,001 - $15,000",Call,20.00,07/19/2024
05/10/2024,06/14/2024,Tuberville,Thomas H,Sale (Partial),CLF,Cleveland-Cliffs Inc,"$100,001 - $250,000",,,
05/09/2024,06/03/2024,Carper,Thomas R,Sale (Full),ATKR,Atkore Inc,"$1,001 - $15,000",,,
05/09/2024,06/14/2024,Tuberville,Thomas H,Purchase,INTC,Intel Corporation - Common Stock,"$50,001 - $100,000",,,
05/09/2024,06/03/2024,Carper,Thomas R,Sale (Full),TTE,TotalEnergies SE,"$1,001 - $15,000",,,
05/09/2024,06/03/2024,Carper,Thomas R,Purchase,OXY,Occidental Petroleum Corp,"$1,001 - $15,000",,,
05/09/2024,06/03/2024,Carper,Thomas R,Sale (Full),SBUX,Starbucks Corp,"$1,001 - $15,000",,,
05/09/2024,06/03/2024,Carper,Thomas R,Purchase,EMR,Emerson Electric Company,"$1,001 - $15,000",,,
05/09/2024,06/14/2024,Tuberville,Thomas H,Purchase,KEY,Keycorp,"$1,001 - $15,000",Put,15.00,09/20/2024
05/08/2024,06/14/2024,Tuberville,Thomas H,Purchase,XBI,S&P Biotech SPDR,"$1,001 - $15,000",Put,90.00,10/18/2024
05/08/2024,06/06/2024,Whitehouse,Sheldon,Sale (Full),DEO,Diageo Plc ADR,"$15,001 - $50,000",,,
05/08/2024,06/14/2024,Tuberville,Thomas H,Sale (Full),SWKS,"Skyworks Solutions, Inc. - Common Stock","$1,001 - $15,000",,,
05/08/2024,06/07/2024,Mullin,Markwayne,Sale (Partial),--,Pimco Commodities Plus Strategy Fund Class,"$15,001 - $50,000",,,
05/08/2024,06/14/2024,Tuberville,Thomas H,Sale (Full),GILD,"Gilead Sciences, Inc. - Common Stock","$1,001 - $15,000",,,
05/08/2024,06/07/2024,Mullin,Markwayne,Sale (Partial),IWB,iShares Russell 1000 ETF,"$100,001 - $250,000",,,
05/08/2024,06/14/2024,Tuberville,Thomas H,Purchase,XBI,S&P Biotech SPDR,"$1,001 - $15,000",Call,100.00,10/18/2024
05/08/2024,06/14/2024,Tuberville,Thomas H,Purchase,GOLD,Barrick Gold Corp,"$1,001 - $15,000",Put,17.00,01/17/2025
05/08/2024,06/14/2024,Tuberville,Thomas H,Purchase,INTC,Intel Corporation - Common Stock,"$100,001 - $250,000",,,
05/08/2024,06/14/2024,Tuberville,Thomas H,Purchase,ADBE,Adobe Systems Inc,"$15,001 - $50,000",Put,500.00,12/20/2024
05/07/2024,06/14/2024,Tuberville,Thomas H,Purchase,ARKK,Ark Innovation ETF,"$1,001 - $15,000",Call,51.00,12/20/2024
05/07/2024,06/14/2024,Tuberville,Thomas H,Purchase,INTC,Intel Corporation - Common Stock,"$100,001 - $250,000",,,
05/07/2024,06/14/2024,Tuberville,Thomas H,Purchase,CCJ,Cameco Corporation Common Stock,"$1,001 - $15,000",Put,45.00,09/20/2024
05/07/2024,06/14/2024,Tuberville,Thomas H,Purchase,CVX,Chevron Corporation Common Stock,"$1,001 - $15,000",Put,145.00,09/20/2024
05/07/2024,06/14/2024,Tuberville,Thomas H,Purchase,GOLD,Barrick Gold Corp,"$1,001 - $15,000",Call,20.00,01/17/2025
05/07/2024,06/14/2024,Tuberville,Thomas H,Purchase,CLF,Cleveland-Cliffs Inc,"$1,001 - $15,000",Call,20.00,11/15/2024
05/07/2024,06/14/2024,Tuberville,Thomas H,Purchase,CLF,Cleveland-Cliffs Inc,"$1,001 - $15,000",Call,20.00,06/21/2024
05/07/2024,06/14/2024,Tuberville,Thomas H,Sale (Full),LSCC,Lattice Semiconductor Corporation - Common Stock,"$1,001 - $15,000",,,
05/07/2024,06/14/2024,Tuberville,Thomas H,Sale (Full),GOLD,Barrick Gold Corp,"$100,001 - $250,000",,,
05/07/2024,06/14/2024,Tuberville,Thomas H,Sale (Full),FITB,Fifth Third Bancorp - Common Stock,"$15,001 - $50,000",,,
05/07/2024,06/14/2024,Tuberville,Thomas H,Purchase,FITB,Fifth Third Bancorp - Common Stock,"$1,001 - $15,000",Call,30.00,05/17/2024
05/07/2024,06/14/2024,Tuberville,Thomas H,Sale (Full),WMS,"Advanced Drainage Systems, Inc. Common Stock","$1,001 - $15,000",,,
05/03/2024,06/14/2024,Tuberville,Thomas H,Sale (Full),FDS,FactSet Research Systems Inc. Common Stock,"$1,001 - $15,000",,,
05/03/2024,06/14/2024,Tuberville,Thomas H,Sale (Full),V,Visa Inc.,"$1,001 - $15,000",,,
05/03/2024,06/14/2024,Tuberville,Thomas H,Sale (Full),NFLX,"Netflix, Inc. - Common Stock","$1,001 - $15,000",,,
05/03/2024,06/14/2024,Tuberville,Thomas H,Sale (Full),ASML,ASML Holding N.V. - New York Registry Shares,"$15,001 - $50,000",,,
05/03/2024,06/14/2024,Tuberville,Thomas H,Sale (Full),CBSH,"Commerce Bancshares, Inc. - Common Stock","$1,001 - $15,000",,,
05/03/2024,06/14/2024,Tuberville,Thomas H,Sale (Full),PG,Procter & Gamble Company (The) Common Stock,"$1,001 - $15,000",,,
05/03/2024,06/14/2024,Tuberville,Thomas H,Sale (Full),JKHY,"Jack Henry & Associates, Inc. - Common Stock","$1,001 - $15,000",,,
05/03/2024,06/14/2024,Tuberville,Thomas H,Sale (Full),NDSN,Nordson Corporation - Common Stock,"$1,001 - $15,000",,,
05/03/2024,06/14/2024,Tuberville,Thomas H,Sale (Full),DOW,Dow Inc. Common Stock,"$1,001 - $15,000",,,
05/03/2024,06/14/2024,Tuberville,Thomas H,Sale (Full),NXPI,NXP Semiconductors N.V. - Common Stock,"$1,001 - $15,000",,,
05/03/2024,06/14/2024,Tuberville,Thomas H,Sale (Full),HUMA,"Humacyte, Inc. - Common Stock","$1,001 - $15,000",,,
05/03/2024,06/14/2024,Tuberville,Thomas H,Sale (Full),ODFL,"Old Dominion Freight Line, Inc. - Common Stock","$1,001 - $15,000",,,
05/03/2024,06/14/2024,Tuberville,Thomas H,Sale (Full),CDNS,"Cadence Design Systems, Inc. - Common Stock","$1,001 - $15,000",,,
05/03/2024,06/14/2024,Tuberville,Thomas H,Sale (Full),A,"Agilent Technologies, Inc. Common Stock","$1,001 - $15,000",,,
05/03/2024,06/14/2024,Tuberville,Thomas H,Sale (Full),GGG,Graco Inc. Common Stock,"$1,001 - $15,000",,,
05/03/2024,06/14/2024,Tuberville,Thomas H,Sale (Full),PAYX,"Paychex, Inc. - Common Stock","$1,001 - $15,000",,,
05/03/2024,06/14/2024,Tuberville,Thomas H,Sale (Full),PEP,"PepsiCo, Inc. - Common Stock","$1,001 - $15,000",,,
05/03/2024,06/14/2024,Tuberville,Thomas H,Sale (Full),DECK,Deckers Outdoor Corporation Common Stock,"$1,001 - $15,000",,,
05/03/2024,06/14/2024,Tuberville,Thomas H,Sale (Full),GLPI,"Gaming and Leisure Properties, Inc. - Common Stock","$1,001 - $15,000",,,
05/03/2024,06/14/2024,Tuberville,Thomas H,Sale (Full),GRMN,Garmin Ltd. - Common Stock,"$1,001 - $15,000",,,
05/03/2024,06/14/2024,Tuberville,Thomas H,Sale (Full),HSY,The Hershey Company Common Stock,"$1,001 - $15,000",,,
05/03/2024,06/14/2024,Tuberville,Thomas H,Sale (Full),INFY,Infosys Limited American Depositary Shares,"$1,001 - $15,000",,,
05/03/2024,06/14/2024,Tuberville,Thomas H,Sale (Full),BRO,"Brown & Brown, Inc. Common Stock","$1,001 - $15,000",,,
05/03/2024,06/14/2024,Tuberville,Thomas H,Sale (Full),CPRT,"Copart, Inc. - Common Stock","$1,001 - $15,000",,,
05/03/2024,06/14/2024,Tuberville,Thomas H,Sale (Full),MSI,"Motorola Solutions, Inc. Common Stock","$1,001 - $15,000",,,
05/03/2024,06/14/2024,Tuberville,Thomas H,Sale (Full),ELS,"Equity Lifestyle Properties, Inc. Common Stock","$1,001 - $15,000",,,
05/03/2024,06/14/2024,Tuberville,Thomas H,Sale (Full),ITW,Illinois Tool Works Inc. Common Stock,"$1,001 - $15,000",,,
05/03/2024,06/14/2024,Tuberville,Thomas H,Sale (Full),KLAC,KLA Corporation  - Common Stock,"$1,001 - $15,000",,,
05/03/2024,06/14/2024,Tuberville,Thomas H,Sale (Full),PFE,"Pfizer, Inc. Common Stock","$15,001 - $50,000",,,
05/03/2024,06/14/2024,Tuberville,Thomas H,Sale (Partial),HUMA,"Humacyte, Inc. - Common Stock","$15,001 - $50,000",,,
05/03/2024,06/14/2024,Tuberville,Thomas H,Sale (Full),LULU,lululemon athletica inc. - Common Stock,"$1,001 - $15,000",,,
05/03/2024,06/14/2024,Tuberville,Thomas H,Sale (Full),MA,Mastercard Incorporated Common Stock,"$1,001 - $15,000",,,
05/03/2024,06/14/2024,Tuberville,Thomas H,Sale (Full),TEL,Te Connectivity Ltd,"$1,001 - $15,000",,,
05/03/2024,06/14/2024,Tuberville,Thomas H,Sale (Partial),--,ROLLS-ROYCE HOLDINGS PLC ADR,"$1,001 - $15,000",,,
05/03/2024,06/14/2024,Tuberville,Thomas H,Sale (Full),--,ROLLS-ROYCE HOLDINGS PLC ADR,"$1,001 - $15,000",,,
05/03/2024,06/14/2024,Tuberville,Thomas H,Purchase,SOLV,Solventum Corporation Common Stock,"$1,001 - $15,000",,,
05/03/2024,06/14/2024,Tuberville,Thomas H,Sale (Full),SNPS,"Synopsys, Inc. - Common Stock","$1,001 - $15,000",,,
05/03/2024,06/14/2024,Tuberville,Thomas H,Sale (Full),TER,"Teradyne, Inc. - Common Stock","$1,001 - $15,000",,,
05/03/2024,06/14/2024,Tuberville,Thomas H,Sale (Full),CTAS,Cintas Corporation - Common Stock,"$1,001 - $15,000",,,
05/03/2024,06/14/2024,Tuberville,Thomas H,Sale (Full),UI,Ubiquiti Inc. Common Stock,"$1,001 - $15,000",,,
05/03/2024,06/14/2024,Tuberville,Thomas H,Sale (Full),VRTX,Vertex Pharmaceuticals Incorporated - Common Stock,"$1,001 - $15,000",,,
05/03/2024,06/14/2024,Tuberville,Thomas H,Sale (Full),VRSK,"Verisk Analytics, Inc. - Common Stock","$1,001 - $15,000",,,
05/03/2024,06/14/2024,Tuberville,Thomas H,Sale (Full),RELX,Relx Plc ADR,"$1,001 - $15,000",,,
05/03/2024,06/14/2024,Tuberville,Thomas H,Sale (Full),WAT,Waters Corporation Common Stock,"$1,001 - $15,000",,,
05/03/2024,06/14/2024,Tuberville,Thomas H,Sale (Full),RMD,ResMed Inc. Common Stock,"$1,001 - $15,000",,,
05/03/2024,06/14/2024,Tuberville,Thomas H,Sale (Full),PYPL,"PayPal Holdings, Inc. - Common Stock","$100,001 - $250,000",,,
05/03/2024,06/14/2024,Tuberville,Thomas H,Sale (Full),QLYS,"Qualys, Inc. - Common Stock","$1,001 - $15,000",,,
05/03/2024,06/14/2024,Tuberville,Thomas H,Sale (Full),MPWR,"Monolithic Power Systems, Inc. - Common Stock","$1,001 - $15,000",,,
05/03/2024,06/14/2024,Tuberville,Thomas H,Sale (Full),MCO,Moody's Corporation Common Stock,"$1,001 - $15,000",,,
04/30/2024,05/15/2024,Tuberville,Thomas H,Sale (Full),WBA,"Walgreens Boots Alliance, Inc. - Common Stock","$50,001 - $100,000",,,
04/30/2024,05/15/2024,Tuberville,Thomas H,Sale (Full),KEY,KeyCorp Common Stock,"$50,001 - $100,000",,,
04/30/2024,05/15/2024,Tuberville,Thomas H,Sale (Partial),HUMA,"Humacyte, Inc. - Common Stock","$50,001 - $100,000",,,
04/30/2024,05/15/2024,Tuberville,Thomas H,Sale (Full),XOM,Exxon Mobil Corporation Common Stock,"$50,001 - $100,000",,,
04/30/2024,05/15/2024,Tuberville,Thomas H,Sale (Full),GOGL,Golden Ocean Group Limited - Common Stock,"$50,001 - $100,000",,,
04/30/2024,05/15/2024,Tuberville,Thomas H,Sale (Full),CVX,Chevron Corporation Common Stock,"$100,001 - $250,000",,,
04/30/2024,05/15/2024,Tuberville,Thomas H,Sale (Full),SBLK,Star Bulk Carriers Corp. - Common Shares,"$50,001 - $100,000",,,
04/30/2024,05/15/2024,Tuberville,Thomas H,Purchase,PYPL,"PayPal Holdings, Inc. - Common Stock","$1,001 - $15,000",Put,75.00,06/21/2024
04/30/2024,05/15/2024,Tuberville,Thomas H,Sale (Full),OXY,Occidental Petroleum Corporation Common Stock,"$15,001 - $50,000",,,
04/30/2024,05/15/2024,Tuberville,Thomas H,Sale (Full),NVDA,NVIDIA Corporation - Common Stock,"$15,001 - $50,000",,,
04/30/2024,05/15/2024,Tuberville,Thomas H,Sale (Full),SSBK,"Southern States Bancshares, Inc. - Common Stock","$50,001 - $100,000",,,
04/29/2024,05/15/2024,Tuberville,Thomas H,Purchase,CVX,Chevron Corporation Common Stock,"$1,001 - $15,000",Call,160.00,06/21/2024
04/29/2024,05/15/2024,Tuberville,Thomas H,Purchase,QCOM,QUALCOMM Incorporated - Common Stock,"$15,001 - $50,000",Put,155.00,12/20/2024
04/29/2024,05/15/2024,Tuberville,Thomas H,Purchase,QCOM,QUALCOMM Incorporated - Common Stock,"$1,001 - $15,000",Put,150.00,12/20/2024
04/29/2024,05/15/2024,Tuberville,Thomas H,Purchase,LSCC,Lattice Semiconductor Corporation - Common Stock,"$1,001 - $15,000",Put,70.00,09/20/2024
04/29/2024,05/15/2024,Tuberville,Thomas H,Purchase,CCL,Carnival Corporation Common Stock,"$1,001 - $15,000",Put,17.50,06/21/2024
04/29/2024,05/15/2024,Tuberville,Thomas H,Purchase,LSCC,Lattice Semiconductor Corporation - Common Stock,"$1,001 - $15,000",Put,75.00,01/17/2025
04/29/2024,05/15/2024,Tuberville,Thomas H,Purchase,SWKS,"Skyworks Solutions, Inc. - Common Stock","$15,001 - $50,000",Put,100.00,11/15/2024
04/29/2024,05/15/2024,Tuberville,Thomas H,Sale (Full),MMM,3M Company Common Stock,"$15,001 - $50,000",,,
04/29/2024,05/15/2024,Tuberville,Thomas H,Purchase,CLX,Clorox Company,"$1,001 - $15,000",Put,135.00,06/21/2024
04/29/2024,05/15/2024,Tuberville,Thomas H,Sale (Full),PAC,Grupo Aeroportuario Del Pacifico ADR,"$1,001 - $15,000",,,
04/23/2024,05/13/2024,Capito,Shelley M,Sale (Partial),MSFT,Microsoft Corp,"$1,001 - $15,000",,,
04/23/2024,05/13/2024,Capito,Shelley M,Sale (Partial),AAPL,Apple Inc,"$1,001 - $15,000",,,
04/23/2024,05/13/2024,Capito,Shelley M,Sale (Partial),JPM,JP Morgan Chase & Company,"$1,001 - $15,000",,,
04/18/2024,05/15/2024,Tuberville,Thomas H,Sale (Full),NTES,Netease Inc ADR,"$1,001 - $15,000",,,
04/18/2024,05/15/2024,Tuberville,Thomas H,Purchase,KMB,Kimberly-Clark Corporation Common Stock,"$1,001 - $15,000",Put,115.00,06/21/2024
04/16/2024,05/07/2024,Boozman,John,Purchase,JMBS,Janus Henderson Mortgage-Backed Securities ETF,"$1,001 - $15,000",,,
04/16/2024,05/07/2024,Boozman,John,Sale (Partial),CMBS,iShares CMBS Bond ETF,"$1,001 - $15,000",,,
04/15/2024,04/24/2024,Cruz,Rafael E,Sale (Partial),GS,Goldman Sachs Group,"$250,001 - $500,000",,,
04/11/2024,04/30/2024,Carper,Thomas R,Purchase,ENB,Enbridge Inc,"$1,001 - $15,000",,,
04/11/2024,05/07/2024,Boozman,John,Sale (Partial),EFA,iShares MSCI EAFE ETF,"$15,001 - $50,000",,,
04/11/2024,04/30/2024,Carper,Thomas R,Sale (Partial),VLO,Valero Energy Corp,"$1,001 - $15,000",,,
04/11/2024,05/07/2024,Boozman,John,Purchase,SCZ,iShares MSCI EAFE Small-Cap ETF,"$15,001 - $50,000",,,
04/09/2024,05/13/2024,Capito,Shelley M,Sale (Partial),SPGI,S&P Global Inc,"$1,001 - $15,000",,,
04/09/2024,05/20/2024,Whitehouse,Sheldon,Sale (Partial),NVS,Novartis Ag ADR,"$1,001 - $15,000",,,
04/09/2024,05/20/2024,Whitehouse,Sheldon,Sale (Full),UL,Unilever Plc ADR,"$1,001 - $15,000",,,
04/09/2024,05/13/2024,Capito,Shelley M,Sale (Partial),AAPL,Apple Inc,"$1,001 - $15,000",,,
04/09/2024,05/13/2024,Capito,Shelley M,Sale (Partial),GWW,W.W. Grainger,"$1,001 - $15,000",,,
04/09/2024,05/13/2024,Capito,Shelley M,Sale (Partial),MSFT,Microsoft Corp,"$1,001 - $15,000",,,
04/09/2024,05/20/2024,Whitehouse,Sheldon,Sale (Full),RTX,RTX Corporation Common Stock,"$15,001 - $50,000",,,
04/09/2024,05/20/2024,Whitehouse,Sheldon,Sale (Full),IR,Ingersoll Rand Inc,"$1,001 - $15,000",,,
04/09/2024,05/20/2024,Whitehouse,Sheldon,Sale (Full),DHR,Danaher Corp,"$15,001 - $50,000",,,
04/05/2024,05/15/2024,Tuberville,Thomas H,Purchase,A,"Agilent Technologies, Inc. Common Stock","$1,001 - $15,000",,,
04/05/2024,05/15/2024,Tuberville,Thomas H,Purchase,TEL,Te Connectivity Ltd,"$1,001 - $15,000",,,
04/05/2024,05/15/2024,Tuberville,Thomas H,Purchase,ODFL,"Old Dominion Freight Line, Inc. - Common Stock","$1,001 - $15,000",,,
04/05/2024,05/15/2024,Tuberville,Thomas H,Purchase,MSI,"Motorola Solutions, Inc. Common Stock","$1,001 - $15,000",,,
04/05/2024,05/15/2024,Tuberville,Thomas H,Purchase,NTES,Netease Inc ADR,"$1,001 - $15,000",,,
04/05/2024,05/15/2024,Tuberville,Thomas H,Purchase,LULU,lululemon athletica inc. - Common Stock,"$1,001 - $15,000",,,
04/05/2024,05/15/2024,Tuberville,Thomas H,Purchase,DECK,Deckers Outdoor Corporation Common Stock,"$1,001 - $15,000",,,
04/05/2024,05/15/2024,Tuberville,Thomas H,Purchase,BRO,"Brown & Brown, Inc. Common Stock","$1,001 - $15,000",,,
04/05/2024,05/15/2024,Tuberville,Thomas H,Sale (Full),SWKS,"Skyworks Solutions, Inc. - Common Stock","$15,001 - $50,000",Put,100.00,11/15/2024
04/05/2024,05/15/2024,Tuberville,Thomas H,Purchase,CBSH,"Commerce Bancshares, Inc. - Common Stock","$1,001 - $15,000",,,
04/05/2024,05/15/2024,Tuberville,Thomas H,Purchase,JKHY,"Jack Henry & Associates, Inc. - Common Stock","$1,001 - $15,000",,,
04/05/2024,05/15/2024,Tuberville,Thomas H,Purchase,LSCC,Lattice Semiconductor Corporation - Common Stock,"$1,001 - $15,000",,,
04/05/2024,05/15/2024,Tuberville,Thomas H,Purchase,SNPS,"Synopsys, Inc. - Common Stock","$1,001 - $15,000",,,
04/05/2024,05/15/2024,Tuberville,Thomas H,Purchase,PAC,"Grupo Aeroportuario Del Pacifico, S.A. B. de C.V.","$1,001 - $15,000",,,
04/05/2024,05/15/2024,Tuberville,Thomas H,Purchase,SWKS,"Skyworks Solutions, Inc. - Common Stock","$1,001 - $15,000",,,
04/05/2024,05/15/2024,Tuberville,Thomas H,Purchase,NFLX,"Netflix, Inc. - Common Stock","$1,001 - $15,000",,,
04/05/2024,05/15/2024,Tuberville,Thomas H,Purchase,GILD,"Gilead Sciences, Inc. - Common Stock","$1,001 - $15,000",,,
04/05/2024,05/15/2024,Tuberville,Thomas H,Purchase,QLYS,"Qualys, Inc. - Common Stock","$1,001 - $15,000",,,
04/04/2024,05/15/2024,Tuberville,Thomas H,Sale (Full),QSR,Restaurant Brands International Inc,"$1,001 - $15,000",,,
04/04/2024,05/15/2024,Tuberville,Thomas H,Sale (Full),SSD,"Simpson Manufacturing Company, Inc. Common Stock","$1,001 - $15,000",,,
04/04/2024,04/19/2024,Smith,Tina,Sale (Partial),NEE,Nextera Energy,"$100,001 - $250,000",,,
04/04/2024,05/15/2024,Tuberville,Thomas H,Sale (Full),NDAQ,"Nasdaq, Inc. - Common Stock","$1,001 - $15,000",,,
04/04/2024,05/15/2024,Tuberville,Thomas H,Sale (Full),PHM,"PulteGroup, Inc. Common Stock","$1,001 - $15,000",,,
04/04/2024,05/15/2024,Tuberville,Thomas H,Sale (Full),REGN,"Regeneron Pharmaceuticals, Inc. - Common Stock","$1,001 - $15,000",,,
04/04/2024,05/15/2024,Tuberville,Thomas H,Sale (Full),PAYC,"Paycom Software, Inc. Common Stock","$1,001 - $15,000",,,
04/04/2024,05/15/2024,Tuberville,Thomas H,Sale (Full),KEYS,Keysight Technologies Inc. Common Stock,"$1,001 - $15,000",,,
04/04/2024,04/19/2024,Smith,Tina,Sale (Partial),PODD,Insulet Corporation - Common Stock,"$50,001 - $100,000",,,
04/04/2024,05/15/2024,Tuberville,Thomas H,Purchase,AMAT,"Applied Materials, Inc. - Common Stock","$15,001 - $50,000",Put,180.00,01/17/2025
04/04/2024,05/15/2024,Tuberville,Thomas H,Sale (Full),WU,Western Union Company (The) Common Stock,"$1,001 - $15,000",,,
04/04/2024,05/15/2024,Tuberville,Thomas H,Sale (Full),ROK,"Rockwell Automation, Inc. Common Stock","$1,001 - $15,000",,,
04/04/2024,05/15/2024,Tuberville,Thomas H,Purchase,AMAT,"Applied Materials, Inc. - Common Stock","$1,001 - $15,000",Put,175.00,01/17/2025
04/04/2024,05/15/2024,Tuberville,Thomas H,Purchase,AMAT,"Applied Materials, Inc. - Common Stock","$1,001 - $15,000",Put,135.00,09/20/2024
04/03/2024,05/15/2024,Tuberville,Thomas H,Purchase,BMY,Bristol-Myers Squibb Company Common Stock,"$1,001 - $15,000",Put,50.00,06/21/2024
04/03/2024,05/15/2024,Tuberville,Thomas H,Sale (Full),AVGO,Broadcom Inc. - Common Stock,"$15,001 - $50,000",,,
04/03/2024,05/15/2024,Tuberville,Thomas H,Sale (Full),FTNT,"Fortinet, Inc. - Common Stock","$1,001 - $15,000",,,
04/03/2024,05/15/2024,Tuberville,Thomas H,Sale (Full),CCJ,Cameco Corporation Common Stock,"$1,001 - $15,000",Put,45.00,09/20/2024
04/03/2024,05/15/2024,Tuberville,Thomas H,Sale (Full),GILD,"Gilead Sciences, Inc. - Common Stock","$1,001 - $15,000",Put,70.00,11/15/2024
04/03/2024,05/15/2024,Tuberville,Thomas H,Purchase,ABBV,AbbVie Inc. Common Stock,"$1,001 - $15,000",Put,130.00,09/20/2024
04/03/2024,05/15/2024,Tuberville,Thomas H,Purchase,MCHP,Microchip Technology Incorporated - Common Stock,"$1,001 - $15,000",Put,80.00,10/18/2024
04/03/2024,05/15/2024,Tuberville,Thomas H,Sale (Full),LSCC,Lattice Semiconductor Corporation - Common Stock,"$15,001 - $50,000",Put,75.00,01/17/2025
04/03/2024,05/15/2024,Tuberville,Thomas H,Sale (Full),MCHP,Microchip Technology Incorporated - Common Stock,"$1,001 - $15,000",,,
04/03/2024,05/01/2024,Mullin,Markwayne,Sale (Partial),ZTS,Zoetis Inc. Class A Common Stock,"$1,001 - $15,000",,,
04/03/2024,05/15/2024,Tuberville,Thomas H,Sale (Full),LSCC,Lattice Semiconductor Corporation - Common Stock,"$1,001 - $15,000",Put,70.00,09/20/2024
04/03/2024,05/15/2024,Tuberville,Thomas H,Sale (Full),BMY,Bristol-Myers Squibb Company Common Stock,"$1,001 - $15,000",,,
04/03/2024,05/15/2024,Tuberville,Thomas H,Sale (Full),EXR,Extra Space Storage Inc Common Stock,"$1,001 - $15,000",,,
04/03/2024,05/02/2024,Mullin,Markwayne,Sale (Partial),ZTS,Zoetis Inc. Class A Common Stock,"$1,001 - $15,000",,,
04/03/2024,05/15/2024,Tuberville,Thomas H,Sale (Full),LLY,Eli Lilly and Company Common Stock,"$15,001 - $50,000",,,
04/03/2024,05/15/2024,Tuberville,Thomas H,Sale (Full),IEX,IDEX Corporation Common Stock,"$1,001 - $15,000",,,
03/28/2024,03/29/2024,Carper,Thomas R,Sale (Full),MOS,Mosaic Company,"$1,001 - $15,000",,,
03/28/2024,03/29/2024,Carper,Thomas R,Purchase,NTR,Nutrien Ltd,"$1,001 - $15,000",,,
03/28/2024,05/08/2024,Boozman,John,Sale (Full),HES,Hess Corp,"$1,001 - $15,000",,,
03/28/2024,03/29/2024,Carper,Thomas R,Purchase,D,Dominion Energy Inc,"$1,001 - $15,000",,,
03/28/2024,05/08/2024,Boozman,John,Purchase,AMAT,Applied Materials,"$1,001 - $15,000",,,
03/27/2024,04/12/2024,Wyden,Ron L,Sale (Full),UPS,"United Parcel Service, Inc. Common Stock","$100,001 - $250,000",,,
03/22/2024,04/24/2024,Whitehouse,Sheldon,Sale (Full),UL,Unilever Plc ADR,"$1,001 - $15,000",,,
03/21/2024,04/15/2024,Tuberville,Thomas H,Purchase,--,ROLLS-ROYCE HOLDINGS PLC SPONSORED ADR,"$1,001 - $15,000",,,
03/21/2024,04/15/2024,Tuberville,Thomas H,Purchase,HUMA,"Humacyte, Inc. - Common Stock","$1,001 - $15,000",,,
03/21/2024,03/29/2024,Carper,Thomas R,Purchase,ALTM,Arcadium Lithium Plc,"$1,001 - $15,000",,,
03/21/2024,03/29/2024,Carper,Thomas R,Sale (Full),INOD,Innodata Inc,"$1,001 - $15,000",,,
03/21/2024,04/15/2024,Tuberville,Thomas H,Purchase,PARA,Paramount Global - Class B Common Stock,"$15,001 - $50,000",,,
03/21/2024,03/29/2024,Carper,Thomas R,Sale (Full),SOFI,Sofi Technologies Inc,"$1,001 - $15,000",,,
03/21/2024,04/15/2024,Tuberville,Thomas H,Purchase,WBA,"Walgreens Boots Alliance, Inc. - Common Stock","$15,001 - $50,000",,,
03/21/2024,04/15/2024,Tuberville,Thomas H,Purchase,HUMA,"Humacyte, Inc. - Common Stock","$15,001 - $50,000",,,
03/21/2024,04/15/2024,Tuberville,Thomas H,Purchase,HUMA,Humacyte Inc,"$1,001 - $15,000",,,
03/13/2024,03/29/2024,Carper,Thomas R,Purchase,SQM,Sociedad Quimica Y Minera S.A. ADR,"$1,001 - $15,000",,,
03/13/2024,04/15/2024,Tuberville,Thomas H,Sale (Full),QCOM,QUALCOMM Incorporated - Common Stock,"$15,001 - $50,000",Put,155.00,12/20/2024
03/13/2024,04/24/2024,Whitehouse,Sheldon,Sale (Full),CMCSA,Comcast Corp A,"$15,001 - $50,000",,,
03/13/2024,04/15/2024,Tuberville,Thomas H,Sale (Full),ADBE,Adobe Systems Inc,"$1,001 - $15,000",Put,500.00,12/20/2024
03/13/2024,03/29/2024,Carper,Thomas R,Sale (Partial),CEF,Sprott Physical Gold & Silver Trust,"$1,001 - $15,000",,,
03/13/2024,03/29/2024,Carper,Thomas R,Sale (Partial),GLD,SPDR Gold Trust,"$1,001 - $15,000",,,
03/12/2024,04/15/2024,Tuberville,Thomas H,Sale (Full),JPM,JP Morgan Chase & Co. Common Stock,"$1,001 - $15,000",,,
03/12/2024,04/15/2024,Tuberville,Thomas H,Sale (Full),AAPL,Apple Inc,"$15,001 - $50,000",,,
03/12/2024,04/11/2024,Hickenlooper,John W,Sale (Partial),--,FWONK - Formula One Group,"$50,001 - $100,000",,,
03/12/2024,04/15/2024,Tuberville,Thomas H,Sale (Full),TXN,Texas Instruments Incorporated - Common Stock,"$1,001 - $15,000",,,
03/12/2024,04/15/2024,Tuberville,Thomas H,Sale (Full),CSX,CSX Corporation - Common Stock,"$15,001 - $50,000",,,
03/12/2024,04/15/2024,Tuberville,Thomas H,Sale (Full),ACN,Accenture Plc,"$1,001 - $15,000",,,
03/12/2024,04/11/2024,Hickenlooper,John W,Sale (Partial),LSXMK,Liberty Media Corporation - Series C Liberty Siriu,"$15,001 - $50,000",,,
03/11/2024,03/29/2024,Carper,Thomas R,Sale (Full),ETRN,Equitrans Midstream Corp,"$1,001 - $15,000",,,
03/08/2024,04/15/2024,Tuberville,Thomas H,Sale (Full),AMAT,"Applied Materials, Inc. - Common Stock","$1,001 - $15,000",Put,175.00,01/17/2025
03/07/2024,03/29/2024,Carper,Thomas R,Sale (Partial),AAPL,Apple Inc,"$1,001 - $15,000",,,
03/07/2024,03/29/2024,Carper,Thomas R,Purchase,NVDA,Nvidia Corp,"$1,001 - $15,000",,,
03/07/2024,04/17/2024,"King, Jr.",Angus S,Purchase,VZ,Verizon Communications Inc,"$1,001 - $15,000",,,
03/05/2024,03/19/2024,"McConnell, Jr.",A. Mitchell,Purchase,WFC,Wells Fargo & Company,"$1,001 - $15,000",,,
03/05/2024,03/29/2024,Carper,Thomas R,Purchase,ICLN,Global Clean Energy Ishares ETF,"$50,001 - $100,000",,,
02/27/2024,03/15/2024,Tuberville,Thomas H,Purchase,PFE,"Pfizer, Inc. Common Stock","$1,001 - $15,000",,,
02/27/2024,03/15/2024,Capito,Shelley M,Purchase,ZTS,Zoetis Inc Cl A,"$15,001 - $50,000",,,
02/27/2024,03/15/2024,Tuberville,Thomas H,Sale (Full),QCOM,QUALCOMM Incorporated - Common Stock,"$15,001 - $50,000",Put,150.00,12/20/2024
02/27/2024,03/15/2024,Tuberville,Thomas H,Purchase,SSBK,"Southern States Bancshares, Inc. - Common Stock","$50,001 - $100,000",,,
02/27/2024,03/15/2024,Tuberville,Thomas H,Purchase,GOGL,Golden Ocean Group Limited - Common Stock,"$50,001 - $100,000",,,
02/27/2024,03/15/2024,Tuberville,Thomas H,Purchase,SBLK,Star Bulk Carriers Corp. - Common Shares,"$50,001 - $100,000",,,
02/23/2024,03/15/2024,Capito,Shelley M,Purchase,SBUX,Starbucks Corp,"$15,001 - $50,000",,,
02/20/2024,05/08/2024,Boozman,John,Sale (Partial),IEF,iShares 7-10 Year Treasury Bond ETF,"$1,001 - $15,000",,,
02/20/2024,05/08/2024,Boozman,John,Purchase,TLT,iShares 20+ Year Treasury Bond ETF,"$1,001 - $15,000",,,
02/20/2024,05/08/2024,Boozman,John,Purchase,TLH,iShares 10-20 Year Treasury Bond ETF,"$1,001 - $15,000",,,
02/20/2024,05/08/2024,Boozman,John,Sale (Partial),SCHP,Schwab U.S. TIPS ETF,"$1,001 - $15,000",,,
02/16/2024,03/04/2024,Carper,Thomas R,Purchase,TGT,Target Corp,"$1,001 - $15,000",,,
02/16/2024,03/15/2024,Tuberville,Thomas H,Sale (Full),AMAT,"Applied Materials, Inc. - Common Stock","$15,001 - $50,000",Put,180.00,01/17/2025
02/16/2024,03/04/2024,Carper,Thomas R,Sale (Full),EQNR,Equinor ASA,"$1,001 - $15,000",,,
02/15/2024,03/15/2024,Capito,Shelley M,Sale (Full),BDX,Becton Dickinson and Company,"$1,001 - $15,000",,,
02/12/2024,03/15/2024,Tuberville,Thomas H,Purchase,HUMA,"Humacyte, Inc. - Common Stock","$15,001 - $50,000",,,
02/12/2024,03/15/2024,Tuberville,Thomas H,Sale (Full),KEY,KeyCorp Common Stock,"$1,001 - $15,000",Put,15.00,09/20/2024
02/09/2024,03/15/2024,Capito,Shelley M,Sale (Full),MDT,Medtronic Inc,"$1,001 - $15,000",,,
01/26/2024,01/26/2024,Graham,Lindsey,Sale (Partial),VIG,Vanguard Div Appreciation ETF,"$15,001 - $50,000",,,
01/26/2024,01/26/2024,Graham,Lindsey,Purchase,USFR,Wisdomtree Floating Rate Treasury Fund,"$15,001 - $50,000",,,
01/24/2024,02/09/2024,Sullivan,Daniel S,Sale (Partial),RPM,RPM International Inc. Common Stock,"$15,001 - $50,000",,,
01/24/2024,02/14/2024,Tuberville,Thomas H,Sale (Full),INTC,Intel Corporation - Common Stock,"$15,001 - $50,000",Put,45.00,12/20/2024
01/22/2024,02/14/2024,Tuberville,Thomas H,Sale (Full),CLF,Cleveland-Cliffs Inc. Common Stock,"$1,001 - $15,000",Put,17.00,01/17/2025
01/22/2024,02/14/2024,Tuberville,Thomas H,Sale (Partial),CLF,Cleveland-Cliffs Inc. Common Stock,"$15,001 - $50,000",,,
01/22/2024,02/14/2024,Tuberville,Thomas H,Sale (Full),MMC,"Marsh & McLennan Companies, Inc. Common Stock","$1,001 - $15,000",,,
01/22/2024,02/14/2024,Tuberville,Thomas H,Sale (Full),AON,Aon plc Class A Ordinary Shares (Ireland),"$1,001 - $15,000",,,
01/22/2024,02/14/2024,Tuberville,Thomas H,Sale (Partial),CLF,Cleveland-Cliffs Inc. Common Stock,"$50,001 - $100,000",,,
01/22/2024,02/14/2024,Tuberville,Thomas H,Sale (Full),META,"Meta Platforms, Inc. - Class A Common Stock","$1,001 - $15,000",,,
01/22/2024,02/14/2024,Tuberville,Thomas H,Sale (Full),IDXX,"IDEXX Laboratories, Inc. - Common Stock","$1,001 - $15,000",,,
01/22/2024,02/14/2024,Tuberville,Thomas H,Sale (Full),CLF,Cleveland-Cliffs Inc. Common Stock,"$1,001 - $15,000",Call,20.00,11/15/2024
01/22/2024,02/14/2024,Tuberville,Thomas H,Sale (Full),SCCO,Southern Copper Corporation Common Stock,"$1,001 - $15,000",,,
01/22/2024,02/14/2024,Tuberville,Thomas H,Sale (Full),MNST,Monster Beverage Corporation - Common Stock,"$1,001 - $15,000",,,
01/19/2024,02/14/2024,Tuberville,Thomas H,Sale (Full),ADSK,"Autodesk, Inc. - Common Stock","$1,001 - $15,000",,,
01/19/2024,02/14/2024,Tuberville,Thomas H,Sale (Full),AMAT,"Applied Materials, Inc. - Common Stock","$1,001 - $15,000",,,
01/19/2024,02/14/2024,Tuberville,Thomas H,Sale (Full),PAM,Pampa Energia S.A. ADR,"$1,001 - $15,000",,,
01/19/2024,02/14/2024,Capito,Shelley M,Sale (Full),ENB,Enbridge Inc,"$1,001 - $15,000",,,
01/19/2024,02/14/2024,Tuberville,Thomas H,Sale (Full),LRCX,Lam Research Corporation - Common Stock,"$1,001 - $15,000",,,
01/19/2024,02/14/2024,Tuberville,Thomas H,Sale (Partial),SSBK,"Southern States Bancshares, Inc. - Common Stock","$15,001 - $50,000",,,
01/19/2024,02/14/2024,Tuberville,Thomas H,Sale (Full),NVO,Novo Nordisk A/S Common Stock,"$15,001 - $50,000",,,
01/19/2024,02/14/2024,Tuberville,Thomas H,Sale (Full),GNTX,Gentex Corporation - Common Stock,"$15,001 - $50,000",,,
01/19/2024,02/14/2024,Tuberville,Thomas H,Sale (Full),CFG,"Citizens Financial Group, Inc. Common Stock","$15,001 - $50,000",,,
01/19/2024,02/14/2024,Tuberville,Thomas H,Purchase,PG,Procter & Gamble Company (The) Common Stock,"$1,001 - $15,000",Put,150.00,01/19/2024
01/19/2024,02/14/2024,Tuberville,Thomas H,Sale (Full),SSBK,"Southern States Bancshares, Inc. - Common Stock","$1,001 - $15,000",,,
01/19/2024,02/14/2024,Tuberville,Thomas H,Sale (Full),ADBE,Adobe Inc. - Common Stock,"$1,001 - $15,000",,,
01/19/2024,02/14/2024,Tuberville,Thomas H,Sale (Full),ADI,"Analog Devices, Inc. - Common Stock","$1,001 - $15,000",,,
01/19/2024,02/14/2024,Tuberville,Thomas H,Sale (Full),AMGN,Amgen Inc. - Common Stock,"$15,001 - $50,000",,,
01/19/2024,02/14/2024,Tuberville,Thomas H,Sale (Partial),HUMA,"Humacyte, Inc. - Common Stock","$1,001 - $15,000",,,
01/19/2024,02/14/2024,Tuberville,Thomas H,Sale (Full),GOOG,Alphabet Inc. - Class C Capital Stock,"$1,001 - $15,000",,,
01/19/2024,02/14/2024,Tuberville,Thomas H,Sale (Full),ABBV,AbbVie Inc. Common Stock,"$1,001 - $15,000",,,
01/19/2024,02/14/2024,Tuberville,Thomas H,Sale (Full),XP,XP Inc. - Class A Common Stock,"$15,001 - $50,000",,,
01/19/2024,02/14/2024,Tuberville,Thomas H,Sale (Full),AAPL,Apple Inc. - Common Stock,"$250,001 - $500,000",,,
01/19/2024,02/14/2024,Tuberville,Thomas H,Sale (Full),GOOGL,Alphabet Inc. - Class A Common Stock,"$1,001 - $15,000",,,
01/19/2024,02/14/2024,Tuberville,Thomas H,Sale (Full),AME,"AMETEK, Inc.","$1,001 - $15,000",,,
01/19/2024,02/14/2024,Tuberville,Thomas H,Sale (Full),IBM,International Business Machines Corporation Common,"$1,001 - $15,000",,,
01/19/2024,02/14/2024,Capito,Shelley M,Sale (Full),ES,Eversource Energy,"$1,001 - $15,000",,,
01/19/2024,02/14/2024,Tuberville,Thomas H,Sale (Full),APH,Amphenol Corporation Common Stock,"$1,001 - $15,000",,,
01/19/2024,02/14/2024,Tuberville,Thomas H,Sale (Partial),SSBK,"Southern States Bancshares, Inc. - Common Stock","$1,001 - $15,000",,,
01/19/2024,02/14/2024,Tuberville,Thomas H,Sale (Full),RACE,Ferrari N.V. Common Shares,"$1,001 - $15,000",,,
01/19/2024,02/14/2024,Tuberville,Thomas H,Sale (Full),AMD,"Advanced Micro Devices, Inc. - Common Stock","$15,001 - $50,000",,,
01/17/2024,02/02/2024,Carper,Thomas R,Purchase,AES,The Aes Corp,"$1,001 - $15,000",,,
01/17/2024,02/02/2024,Carper,Thomas R,Purchase,VLO,Valero Energy Corp,"$1,001 - $15,000",,,
01/17/2024,02/02/2024,Carper,Thomas R,Purchase,CME,CME Group Inc,"$1,001 - $15,000",,,
01/17/2024,02/02/2024,Carper,Thomas R,Purchase,SBUX,Starbucks Corp,"$1,001 - $15,000",,,
01/17/2024,02/02/2024,Carper,Thomas R,Purchase,GBIL,Goldman Sachs Access Treasury 0-1 Year ETF,"$1,001 - $15,000",,,
01/17/2024,02/02/2024,Carper,Thomas R,Purchase,ETRN,Equitrans Midstream Corp,"$1,001 - $15,000",,,
01/17/2024,02/02/2024,Carper,Thomas R,Sale (Partial),ABT,Abbott Laboratories,"$1,001 - $15,000",,,
01/17/2024,02/02/2024,Carper,Thomas R,Sale (Partial),TTE,TotalEnergies SE,"$1,001 - $15,000",,,
01/17/2024,02/02/2024,Carper,Thomas R,Sale (Partial),MET,Metlife Inc,"$1,001 - $15,000",,,
01/10/2024,02/14/2024,Tuberville,Thomas H,Purchase,AAPL,Apple Inc. - Common Stock,"$1,001 - $15,000",Put,165.00,03/15/2024
01/04/2024,01/26/2024,Mullin,Markwayne,Purchase,GS,"Goldman Sachs Group, Inc. (The) Common Stock","$1,001 - $15,000",,,
01/04/2024,01/26/2024,Mullin,Markwayne,Purchase,ETN,Eaton Corp,"$1,001 - $15,000",,,
01/04/2024,01/26/2024,Mullin,Markwayne,Purchase,ELF,E.L.F. Beauty Inc,"$1,001 - $15,000",,,
01/04/2024,01/26/2024,Mullin,Markwayne,Purchase,FRPT,"Freshpet, Inc. - Common Stock","$1,001 - $15,000",,,
01/04/2024,01/26/2024,Mullin,Markwayne,Purchase,SFM,"Sprouts Farmers Market, Inc. - Common Stock","$1,001 - $15,000",,,
01/04/2024,01/26/2024,Mullin,Markwayne,Purchase,ZTS,Zoetis Inc. Class A Common Stock,"$1,001 - $15,000",,,
01/04/2024,01/26/2024,Mullin,Markwayne,Purchase,SFM,Sprouts Farmers Market,"$1,001 - $15,000",,,
01/04/2024,01/26/2024,Mullin,Markwayne,Purchase,CYBR,CyberArk Software Ltd. - Ordinary Shares,"$1,001 - $15,000",,,
01/04/2024,01/26/2024,Mullin,Markwayne,Purchase,AXON,Axon Enterprise Inc,"$1,001 - $15,000",,,
01/04/2024,01/26/2024,Mullin,Markwayne,Purchase,BMI,"Badger Meter, Inc. Common Stock","$1,001 - $15,000",,,
01/04/2024,01/26/2024,Mullin,Markwayne,Purchase,ZTS,Zoetis Inc Cl A,"$1,001 - $15,000",,,
01/04/2024,01/26/2024,Mullin,Markwayne,Purchase,OLLI,"Ollie's Bargain Outlet Holdings, Inc. - Common Sto","$1,001 - $15,000",,,
01/03/2024,02/14/2024,Tuberville,Thomas H,Sale (Partial),MSFT,Microsoft Corporation - Common Stock,"$15,001 - $50,000",,,
01/03/2024,02/14/2024,Tuberville,Thomas H,Sale (Partial),AAPL,Apple Inc. - Common Stock,"$15,001 - $50,000",,,
01/03/2024,02/14/2024,Tuberville,Thomas H,Sale (Partial),UNP,Union Pacific Corporation Common Stock,"$15,001 - $50,000",,,
01/03/2024,02/14/2024,Tuberville,Thomas H,Sale (Partial),SLF,Sun Life Financial Inc. Common Stock,"$15,001 - $50,000",,,
01/03/2024,02/14/2024,Tuberville,Thomas H,Sale (Partial),LLY,Eli Lilly and Company Common Stock,"$15,001 - $50,000",,,
01/03/2024,02/14/2024,Tuberville,Thomas H,Sale (Partial),ORCL,Oracle Corporation Common Stock,"$1,001 - $15,000",,,
01/03/2024,02/14/2024,Tuberville,Thomas H,Sale (Partial),BMY,Bristol-Myers Squibb Company Common Stock,"$1,001 - $15,000",,,
01/03/2024,02/14/2024,Tuberville,Thomas H,Sale (Partial),GOOGL,Alphabet Inc. - Class A Common Stock,"$1,001 - $15,000",,,
01/03/2024,02/14/2024,Tuberville,Thomas H,Sale (Partial),DGX,Quest Diagnostics Incorporated Common Stock,"$15,001 - $50,000",,,
01/02/2024,01/26/2024,Mullin,Markwayne,Purchase,ADBE,Adobe Systems Inc,"$15,001 - $50,000",,,
01/02/2024,02/02/2024,Carper,Thomas R,Purchase,DELL,Dell Technologies Inc,"$1,001 - $15,000",,,
01/02/2024,02/02/2024,Carper,Thomas R,Sale (Full),S,Sentinelone Inc Cl A,"$1,001 - $15,000",,,
01/02/2024,01/26/2024,Mullin,Markwayne,Purchase,NVDA,NVIDIA Corporation - Common Stock,"$15,001 - $50,000",,,
01/02/2024,01/26/2024,Mullin,Markwayne,Purchase,LRCX,Lam Research Corp,"$15,001 - $50,000",,,
01/02/2024,01/26/2024,Mullin,Markwayne,Purchase,AMAT,"Applied Materials, Inc. - Common Stock","$15,001 - $50,000",,,
01/02/2024,01/26/2024,Mullin,Markwayne,Purchase,AMD,"Advanced Micro Devices, Inc. - Common Stock","$15,001 - $50,000",,,
01/02/2024,01/26/2024,Mullin,Markwayne,Purchase,AAPL,Apple Inc. - Common Stock,"$50,001 - $100,000",,,
01/02/2024,01/26/2024,Mullin,Markwayne,Purchase,META,Meta Platforms Inc,"$15,001 - $50,000",,,
12/29/2023,01/12/2024,Capito,Shelley M,Sale (Partial),TFC,Truist Financial Corp,"$15,001 - $50,000",,,
12/28/2023,05/08/2024,Graham,Lindsey,Sale (Partial),VIG,Vanguard Div Appreciation ETF,"$15,001 - $50,000",,,
12/28/2023,01/25/2024,Peters,Gary C,Sale (Full),D,Dominion Energy Inc,"$1,001 - $15,000",,,
12/28/2023,05/08/2024,Graham,Lindsey,Purchase,USFR,Wisdomtree Floating Rate Treasury Fund,"$15,001 - $50,000",,,
12/27/2023,01/16/2024,"King, Jr.",Angus S,Sale (Full),VZ,Verizon Communications Inc,"$1,001 - $15,000",,,
12/27/2023,01/16/2024,"King, Jr.",Angus S,Purchase,EA,Electronic Arts Inc,"$1,001 - $15,000",,,
12/27/2023,01/10/2024,"Hagerty, IV",William F,Sale (Full),DDOG,"Datadog, Inc. - Class A Common Stock","$1,001 - $15,000",,,
12/26/2023,01/12/2024,Tuberville,Thomas H,Sale (Partial),VZ,Verizon Communications Inc,"$15,001 - $50,000",,,
12/26/2023,01/12/2024,Tuberville,Thomas H,Purchase,PARA,Paramount Global Cl B,"$15,001 - $50,000",,,
12/26/2023,01/12/2024,Tuberville,Thomas H,Sale (Full),RF,Regions Financial Corp,"$15,001 - $50,000",,,
12/26/2023,01/12/2024,Tuberville,Thomas H,Purchase,KEY,Keycorp,"$15,001 - $50,000",,,
12/22/2023,01/26/2024,Mullin,Markwayne,Sale (Partial),PYPL,"PayPal Holdings, Inc. - Common Stock","$1,001 - $15,000",,,
12/22/2023,01/26/2024,Mullin,Markwayne,Sale (Partial),FCFS,"FirstCash Holdings, Inc. - Common Stock","$1,001 - $15,000",,,
12/22/2023,01/26/2024,Mullin,Markwayne,Sale (Partial),CELH,Celsius Holdings Inc,"$1,001 - $15,000",,,
12/22/2023,01/26/2024,Mullin,Markwayne,Sale (Partial),SHOP,Shopify Inc,"$1,001 - $15,000",,,
12/22/2023,01/26/2024,Mullin,Markwayne,Sale (Partial),EXLS,"ExlService Holdings, Inc. - Common Stock","$1,001 - $15,000",,,
12/22/2023,01/26/2024,Mullin,Markwayne,Sale (Partial),PODD,Insulet Corp,"$1,001 - $15,000",,,
12/22/2023,01/26/2024,Mullin,Markwayne,Sale (Partial),INST,Instructure Holdings Inc,"$1,001 - $15,000",,,
12/22/2023,01/26/2024,Mullin,Markwayne,Sale (Partial),CTVA,Corteva Inc,"$1,001 - $15,000",,,
12/22/2023,01/26/2024,Mullin,Markwayne,Sale (Partial),HUBB,Hubbell Inc Common Stock,"$1,001 - $15,000",,,
12/22/2023,01/26/2024,Mullin,Markwayne,Sale (Partial),FN,Fabrinet,"$1,001 - $15,000",,,
12/21/2023,01/03/2024,Carper,Thomas R,Exchange,--                                                                                                                            TAC,TRSWF - TransAlta Renewables Inc (Exchanged)                                                                                        Transalta Corp (Received),"$1,001 - $15,000",,,
12/20/2023,01/19/2024,Scott,Rick,Sale (Full),VAXX,"Vaxxinity, Inc. - Class A Common Stock","$1,001 - $15,000",,,
12/20/2023,01/08/2024,Boozman,John,Purchase,PFE,Pfizer Inc,"$1,001 - $15,000",,,
12/20/2023,01/08/2024,Boozman,John,Sale (Partial),LRCX,Lam Research Corp,"$1,001 - $15,000",,,
12/19/2023,01/12/2024,Tuberville,Thomas H,Sale (Full),UAA,Under Armour,"$15,001 - $50,000",,,
12/19/2023,01/12/2024,Capito,Shelley M,Sale (Partial),ACN,Accenture Plc,"$1,001 - $15,000",,,
12/19/2023,01/12/2024,Capito,Shelley M,Sale (Partial),JPM,JP Morgan Chase & Company,"$1,001 - $15,000",,,
12/19/2023,01/12/2024,Capito,Shelley M,Sale (Partial),ADI,Analog Devices,"$1,001 - $15,000",,,
12/19/2023,01/12/2024,Capito,Shelley M,Sale (Partial),AAPL,Apple Inc,"$1,001 - $15,000",,,
12/19/2023,01/12/2024,Capito,Shelley M,Sale (Partial),MSFT,Microsoft Corp,"$1,001 - $15,000",,,
12/18/2023,01/03/2024,Carper,Thomas R,Purchase,SBPYX,Clearbridge Small Cap Growth Fd Cl I,"$15,001 - $50,000",,,
12/18/2023,01/03/2024,Carper,Thomas R,Purchase,SMDV,ProShares Russell 2000 Dividend Growers ETF,"$1,001 - $15,000",,,
12/18/2023,01/12/2024,Tuberville,Thomas H,Purchase,GOLD,Barrick Gold Corp,"$50,001 - $100,000",,,
12/18/2023,01/12/2024,Tuberville,Thomas H,Sale (Full),CVX,Chevron Corp,"$1,001 - $15,000",Call,160.00,06/21/2024
12/18/2023,01/03/2024,Carper,Thomas R,Purchase,XCEM,Columbia EM Core Ex-China ETF,"$15,001 - $50,000",,,
12/18/2023,01/03/2024,Carper,Thomas R,Purchase,FDRR,Fidelity Dividend ETF For Rising Rates,"$1,001 - $15,000",,,
12/18/2023,01/12/2024,Tuberville,Thomas H,Sale (Full),GOLD,Barrick Gold Corp,"$15,001 - $50,000",Call,20.00,01/17/2025
12/18/2023,01/12/2024,Capito,Shelley M,Sale (Partial),PFE,Pfizer Inc,"$1,001 - $15,000",,,
12/18/2023,01/12/2024,Capito,Shelley M,Sale (Partial),MSFT,Microsoft Corp,"$1,001 - $15,000",,,
12/18/2023,01/12/2024,Capito,Shelley M,Sale (Partial),KO,Coca-Cola Company,"$1,001 - $15,000",,,
12/18/2023,01/12/2024,Tuberville,Thomas H,Sale (Full),GOLD,Barrick Gold Corp,"$1,001 - $15,000",Put,17.00,01/17/2025
12/18/2023,01/12/2024,Tuberville,Thomas H,Sale (Full),CVX,Chevron Corp,"$1,001 - $15,000",Put,145.00,09/20/2024
12/18/2023,01/12/2024,Capito,Shelley M,Sale (Partial),MDLZ,Mondelez Intl Inc,"$1,001 - $15,000",,,
12/18/2023,01/03/2024,Carper,Thomas R,Purchase,XCEM,Columbia EM Core Ex-China ETF,"$1,001 - $15,000",,,
12/14/2023,01/17/2024,"Moran,  ",Jerry,Sale (Full),BAC,Bank of America Corp,"$1,001 - $15,000",,,
12/14/2023,01/17/2024,"Moran,  ",Jerry,Sale (Full),CVX,Chevron Corporation Common Stock,"$1,001 - $15,000",,,
12/14/2023,01/17/2024,"Moran,  ",Jerry,Sale (Full),PII,Polaris Inc. Common Stock,"$1,001 - $15,000",,,
12/14/2023,01/17/2024,"Moran,  ",Jerry,Sale (Full),CI,The Cigna Group Common Stock,"$1,001 - $15,000",,,
12/14/2023,01/17/2024,"Moran,  ",Jerry,Sale (Full),VZ,Verizon Communications Inc. Common Stock,"$1,001 - $15,000",,,
12/14/2023,01/03/2024,Carper,Thomas R,Sale (Full),HDGE,Ranger Equity Bear Bear ETF,"$15,001 - $50,000",,,
12/14/2023,01/17/2024,"Moran,  ",Jerry,Sale (Full),META,"Meta Platforms, Inc. - Class A Common Stock","$1,001 - $15,000",,,
12/14/2023,01/17/2024,"Moran,  ",Jerry,Sale (Full),JNJ,Johnson & Johnson Common Stock,"$1,001 - $15,000",,,
12/14/2023,01/17/2024,"Moran,  ",Jerry,Sale (Full),USB,U.S. Bancorp Common Stock,"$1,001 - $15,000",,,
12/14/2023,01/17/2024,"Moran,  ",Jerry,Sale (Full),DVA,DaVita Inc. Common Stock,"$1,001 - $15,000",,,
12/14/2023,01/17/2024,"Moran,  ",Jerry,Purchase,BRK.B,Berkshire Hathaway Cl B,"$1,001 - $15,000",,,
12/14/2023,01/17/2024,"Moran,  ",Jerry,Sale (Full),XOM,Exxon Mobil Corporation Common Stock,"$1,001 - $15,000",,,
12/14/2023,01/17/2024,"Moran,  ",Jerry,Sale (Full),KR,Kroger Company (The) Common Stock,"$1,001 - $15,000",,,
12/14/2023,01/17/2024,"Moran,  ",Jerry,Sale (Full),GOOG,Alphabet Cl C,"$1,001 - $15,000",,,
12/14/2023,01/17/2024,"Moran,  ",Jerry,Sale (Full),BK,Bank of New York Mellon Corp,"$1,001 - $15,000",,,
12/14/2023,01/17/2024,"Moran,  ",Jerry,Sale (Full),CVS,CVS Health Corporation Common Stock,"$1,001 - $15,000",,,
12/14/2023,01/03/2024,Carper,Thomas R,Sale (Full),HDGE,Ranger Equity Bear Bear ETF,"$1,001 - $15,000",,,
12/14/2023,01/18/2024,Whitehouse,Sheldon,Purchase,LLY,Eli Lilly and Company,"$1,001 - $15,000",,,
12/14/2023,01/18/2024,Whitehouse,Sheldon,Purchase,SNOW,Snowflake Inc Cl A,"$1,001 - $15,000",,,
12/14/2023,01/17/2024,"Moran,  ",Jerry,Sale (Full),CSCO,"Cisco Systems, Inc. - Common Stock","$1,001 - $15,000",,,
12/14/2023,01/12/2024,Tuberville,Thomas H,Purchase,CVX,Chevron Corp,"$50,001 - $100,000",,,
12/14/2023,01/17/2024,"Moran,  ",Jerry,Sale (Full),INTC,Intel Corporation - Common Stock,"$1,001 - $15,000",,,
12/14/2023,01/17/2024,"Moran,  ",Jerry,Sale (Full),KMB,Kimberly-Clark Corporation Common Stock,"$1,001 - $15,000",,,
12/14/2023,01/17/2024,"Moran,  ",Jerry,Sale (Full),MSFT,Microsoft Corporation - Common Stock,"$1,001 - $15,000",,,
12/14/2023,01/17/2024,"Moran,  ",Jerry,Sale (Full),PFE,"Pfizer, Inc. Common Stock","$1,001 - $15,000",,,
12/14/2023,01/17/2024,"Moran,  ",Jerry,Sale (Full),KR,Kroger Company,"$1,001 - $15,000",,,
12/14/2023,01/17/2024,"Moran,  ",Jerry,Sale (Full),HAL,Halliburton Company,"$15,001 - $50,000",,,
12/14/2023,01/17/2024,"Moran,  ",Jerry,Sale (Full),CMCSA,Comcast Corporation - Class A Common Stock,"$1,001 - $15,000",,,
12/14/2023,01/17/2024,"Moran,  ",Jerry,Sale (Full),AAPL,Apple Inc. - Common Stock,"$1,001 - $15,000",,,
12/14/2023,01/17/2024,"Moran,  ",Jerry,Sale (Full),AMZN,"Amazon.com, Inc. - Common Stock","$1,001 - $15,000",,,
12/13/2023,01/11/2024,Hickenlooper,John W,Sale (Partial),CMG,Chipotle Mexican Grill,"$100,001 - $250,000",,,
12/13/2023,01/12/2024,Tuberville,Thomas H,Purchase,CVX,Chevron Corp,"$100,001 - $250,000",,,
12/12/2023,01/08/2024,Boozman,John,Purchase,PALL,abrdn Physical Palladium Shares ETF,"$1,001 - $15,000",,,
12/12/2023,01/08/2024,Boozman,John,Purchase,PPLT,abrdn Physical Platinum Shares ETF,"$1,001 - $15,000",,,
12/12/2023,01/12/2024,Tuberville,Thomas H,Sale (Full),DVA,Davita Healthcare Partners Inc,"$1,001 - $15,000",Put,100.00,07/19/2024
12/12/2023,01/08/2024,Boozman,John,Sale (Partial),GBIL,Goldman Sachs Access Treasury 0-1 Year ETF,"$1,001 - $15,000",,,
12/12/2023,01/12/2024,Tuberville,Thomas H,Purchase,GOLD,Barrick Gold Corp,"$15,001 - $50,000",,,
12/11/2023,01/03/2024,Carper,Thomas R,Purchase,FLNG,Flex Lng Ltd,"$1,001 - $15,000",,,
12/11/2023,01/03/2024,Carper,Thomas R,Purchase,GLPI,"Gaming and Leisure Properties, Inc. - Common Stock","$1,001 - $15,000",,,
12/11/2023,01/03/2024,Carper,Thomas R,Purchase,VLO,Valero Energy Corp,"$1,001 - $15,000",,,
12/11/2023,01/03/2024,Carper,Thomas R,Purchase,FMC,FMC Corp,"$1,001 - $15,000",,,
12/11/2023,01/03/2024,Carper,Thomas R,Sale (Full),AGX,Argan Inc,"$1,001 - $15,000",,,
12/11/2023,01/03/2024,Carper,Thomas R,Sale (Partial),DGX,Quest Diagnostics Inc,"$1,001 - $15,000",,,
12/11/2023,01/03/2024,Carper,Thomas R,Sale (Full),FNF,Fidelity National Financial,"$1,001 - $15,000",,,
12/11/2023,01/03/2024,Carper,Thomas R,Purchase,SBUX,Starbucks Corp,"$1,001 - $15,000",,,
12/11/2023,01/03/2024,Carper,Thomas R,Sale (Partial),IRM,Iron Mountain Inc,"$1,001 - $15,000",,,
12/11/2023,01/12/2024,Tuberville,Thomas H,Purchase,GOLD,Barrick Gold Corp,"$1,001 - $15,000",,,
12/11/2023,01/18/2024,Whitehouse,Sheldon,Sale (Full),PFE,Pfizer Inc,"$1,001 - $15,000",,,
12/11/2023,01/03/2024,Carper,Thomas R,Sale (Partial),URA,Global X Uranium ETF,"$1,001 - $15,000",,,
12/11/2023,01/03/2024,Carper,Thomas R,Purchase,KMB,Kimberly-Clark Corp,"$1,001 - $15,000",,,
12/11/2023,01/03/2024,Carper,Thomas R,Sale (Partial),MOS,Mosaic Company,"$1,001 - $15,000",,,
12/11/2023,01/03/2024,Carper,Thomas R,Sale (Partial),TSM,Taiwan Semiconductor Manufacturing Company Ltd.,"$1,001 - $15,000",,,
12/07/2023,01/18/2024,Whitehouse,Sheldon,Purchase,KO,Coca-Cola Company,"$1,001 - $15,000",,,
12/07/2023,01/18/2024,Whitehouse,Sheldon,Sale (Full),TGT,Target Corp,"$15,001 - $50,000",,,
12/05/2023,12/18/2023,"McConnell, Jr.",A. Mitchell,Purchase,WFC,Wells Fargo & Company Common Stock,"$1,001 - $15,000",,,
12/05/2023,12/28/2023,Mullin,Markwayne,Sale (Partial),VLTO,Veralto Corp Common Stock,"$1,001 - $15,000",,,
12/01/2023,01/12/2024,Capito,Shelley M,Purchase,CSCO,Cisco Systems Inc,"$1,001 - $15,000",,,
12/01/2023,01/12/2024,Capito,Shelley M,Purchase,CVX,Chevron Corp,"$1,001 - $15,000",,,
12/01/2023,01/12/2024,Capito,Shelley M,Purchase,SPGI,S&P Global Inc,"$1,001 - $15,000",,,
12/01/2023,01/12/2024,Capito,Shelley M,Purchase,CMCSA,Comcast Corp A,"$1,001 - $15,000",,,
11/30/2023,12/11/2023,Capito,Shelley M,Sale (Partial),MSFT,Microsoft Corp,"$1,001 - $15,000",,,
11/29/2023,12/07/2023,Whitehouse,Sheldon,Sale (Full),VLTO,Veralto Corporation,"$1,001 - $15,000",,,
11/29/2023,12/12/2023,Boozman,John,Purchase,SHY,iShares 1-3 Year Treasury Bond ETF,"$1,001 - $15,000",,,
11/29/2023,12/12/2023,Boozman,John,Sale (Partial),TLT,20+ Year Treas Bond Ishares ETF,"$1,001 - $15,000",,,
11/27/2023,12/19/2023,Capito,Shelley M,Sale (Partial),WFC,Wells Fargo & Company,"$1,001 - $15,000",,,
11/27/2023,12/19/2023,Capito,Shelley M,Sale (Full),SHEL,Royal Dutch Shell Plc ADR,"$1,001 - $15,000",,,
11/22/2023,12/15/2023,Tuberville,Thomas H,Purchase,MDLZ,"Mondelez International, Inc. - Class A Common Stoc","$1,001 - $15,000",Put,70.00,01/19/2024
11/21/2023,12/15/2023,Tuberville,Thomas H,Sale (Full),FGBI,First Gurty Banc,"$15,001 - $50,000",,,
11/21/2023,12/15/2023,Tuberville,Thomas H,Sale (Full),CLF,Cleveland-Cliffs Inc,"$1,001 - $15,000",Call,20.00,07/19/2024
11/21/2023,12/15/2023,Tuberville,Thomas H,Purchase,KEY,KeyCorp Common Stock,"$15,001 - $50,000",,,
11/20/2023,12/15/2023,Tuberville,Thomas H,Sale (Full),ABBV,Abbvie Inc,"$1,001 - $15,000",Put,130.00,09/20/2024
11/16/2023,12/07/2023,Whitehouse,Sheldon,Sale (Full),KMB,Kimberly-Clark Corp,"$50,001 - $100,000",,,
11/16/2023,11/20/2023,Smith,Tina,Purchase,AORT,"Artivion, Inc. Common Stock","$50,001 - $100,000",,,
11/16/2023,12/15/2023,Tuberville,Thomas H,Sale (Full),BMY,Bristol-Myers Squibb Company,"$1,001 - $15,000",Put,50.00,06/21/2024
11/15/2023,12/15/2023,Tuberville,Thomas H,Sale (Full),MCHP,Microchip Technology,"$1,001 - $15,000",Put,80.00,10/18/2024
11/15/2023,12/15/2023,Tuberville,Thomas H,Sale (Full),AMAT,Applied Materials,"$1,001 - $15,000",Put,135.00,09/20/2024
11/14/2023,12/15/2023,Tuberville,Thomas H,Sale (Full),OXY,Occidental Petroleum Corp,"$1,001 - $15,000",Call,65.00,06/21/2024
11/14/2023,12/15/2023,Tuberville,Thomas H,Sale (Full),OXY,Occidental Petroleum Corp,"$1,001 - $15,000",Put,60.00,05/17/2024
11/10/2023,11/20/2023,Smith,Tina,Purchase,AORT,"Artivion, Inc. Common Stock","$50,001 - $100,000",,,
11/09/2023,12/15/2023,Tuberville,Thomas H,Sale (Full),MSFT,Microsoft Corporation - Common Stock,"$1,001 - $15,000",Put,305.00,09/20/2024
11/09/2023,12/15/2023,Tuberville,Thomas H,Sale (Full),CLF,Cleveland-Cliffs Inc,"$1,001 - $15,000",Call,20.00,01/17/2025
11/08/2023,11/20/2023,Smith,Tina,Purchase,TCMD,"Tactile Systems Technology, Inc. - Common Stock","$100,001 - $250,000",,,
11/08/2023,12/07/2023,Whitehouse,Sheldon,Purchase,CELH,Celsius Holdings Inc,"$1,001 - $15,000",,,
11/08/2023,12/12/2023,Boozman,John,Purchase,TLH,iShares 10-20 Year Treasury Bond ETF,"$1,001 - $15,000",,,
11/07/2023,12/12/2023,Boozman,John,Sale (Partial),GIGB,Goldman Sachs Access Investment Grade Corporate Bo,"$1,001 - $15,000",,,
11/07/2023,12/12/2023,Boozman,John,Sale (Partial),SHY,iShares 1-3 Year Treasury Bond ETF,"$1,001 - $15,000",,,
11/07/2023,12/12/2023,Boozman,John,Sale (Partial),CMBS,iShares CMBS Bond ETF,"$1,001 - $15,000",,,
11/07/2023,12/12/2023,Boozman,John,Sale (Partial),AGZ,iShares  Agency Bond ETF,"$1,001 - $15,000",,,
11/07/2023,12/12/2023,Boozman,John,Purchase,TLT,20+ Year Treas Bond Ishares ETF,"$1,001 - $15,000",,,
11/07/2023,12/12/2023,Boozman,John,Sale (Partial),GBIL,Goldman Sachs Access Treasury 0-1 Year ETF,"$1,001 - $15,000",,,
11/07/2023,12/15/2023,Tuberville,Thomas H,Purchase,X,United States Steel Corp,"$1,001 - $15,000",Put,20.00,06/21/2024
11/07/2023,12/12/2023,Boozman,John,Purchase,JMBS,Janus Henderson Mortgage-Backed Securities ETF,"$1,001 - $15,000",,,
11/07/2023,12/12/2023,Boozman,John,Purchase,MBB,iShares MBS ETF,"$1,001 - $15,000",,,
10/31/2023,11/16/2023,Tuberville,Thomas H,Sale (Partial),CLX,Clorox Company (The) Common Stock,"$1,001 - $15,000",,,
10/31/2023,11/16/2023,Tuberville,Thomas H,Sale (Full),HPQ,HP Inc. Common Stock,"$15,001 - $50,000",,,
10/31/2023,11/16/2023,Tuberville,Thomas H,Sale (Full),CLX,Clorox Company,"$50,001 - $100,000",Put,135.00,06/21/2024
10/31/2023,11/16/2023,Tuberville,Thomas H,Sale (Full),CLF,Cleveland-Cliffs Inc,"$1,001 - $15,000",Call,17.00,06/21/2024
10/31/2023,11/16/2023,Tuberville,Thomas H,Sale (Partial),CLX,Clorox Company (The) Common Stock,"$100,001 - $250,000",,,
10/31/2023,11/16/2023,Tuberville,Thomas H,Sale (Partial),CLX,Clorox Company (The) Common Stock,"$15,001 - $50,000",,,
10/31/2023,11/16/2023,Tuberville,Thomas H,Sale (Full),KMB,Kimberly-Clark Corporation Common Stock,"$100,001 - $250,000",,,
10/31/2023,11/16/2023,Tuberville,Thomas H,Sale (Full),KMB,Kimberly-Clark Corporation Common Stock,"$1,001 - $15,000",Put,115.00,06/21/2024
10/30/2023,11/16/2023,Tuberville,Thomas H,Purchase,HPQ,HP Inc. Common Stock,"$15,001 - $50,000",,,
10/25/2023,11/16/2023,Tuberville,Thomas H,Purchase,CLX,Clorox Company (The) Common Stock,"$100,001 - $250,000",,,
10/23/2023,11/16/2023,Tuberville,Thomas H,Purchase,CLF,Cleveland-Cliffs Inc. Common Stock,"$15,001 - $50,000",,,
10/23/2023,11/16/2023,Tuberville,Thomas H,Purchase,HPQ,HP Inc. Common Stock,"$15,001 - $50,000",,,
10/23/2023,11/16/2023,Tuberville,Thomas H,Sale (Full),HPQ,HP Inc. Common Stock,"$15,001 - $50,000",,,
10/20/2023,11/02/2023,Carper,Thomas R,Sale (Full),PSQ,ProShares Short QQQ,"$1,001 - $15,000",,,
10/20/2023,11/02/2023,Carper,Thomas R,Purchase,HDGE,Ranger Equity Bear Bear ETF,"$1,001 - $15,000",,,
10/18/2023,11/16/2023,Tuberville,Thomas H,Purchase,CLF,Cleveland-Cliffs Inc. Common Stock,"$15,001 - $50,000",,,
10/17/2023,11/16/2023,Tuberville,Thomas H,Purchase,ROK,"Rockwell Automation, Inc. Common Stock","$1,001 - $15,000",,,
10/17/2023,11/16/2023,Tuberville,Thomas H,Purchase,MMC,"Marsh & McLennan Companies, Inc. Common Stock","$1,001 - $15,000",,,
10/17/2023,11/16/2023,Tuberville,Thomas H,Purchase,AON,AON Plc,"$1,001 - $15,000",,,
10/17/2023,11/16/2023,Tuberville,Thomas H,Purchase,RMD,ResMed Inc. Common Stock,"$1,001 - $15,000",,,
10/17/2023,11/16/2023,Tuberville,Thomas H,Sale (Full),SWKS,"Skyworks Solutions, Inc. - Common Stock","$1,001 - $15,000",,,
10/17/2023,11/16/2023,Tuberville,Thomas H,Purchase,SCCO,Southern Copper Corporation Common Stock,"$1,001 - $15,000",,,
10/17/2023,11/16/2023,Tuberville,Thomas H,Purchase,ABBV,AbbVie Inc. Common Stock,"$1,001 - $15,000",,,
10/17/2023,11/16/2023,Tuberville,Thomas H,Purchase,MMM,3M Company Common Stock,"$15,001 - $50,000",,,
10/17/2023,11/16/2023,Tuberville,Thomas H,Purchase,TXN,Texas Instruments Incorporated - Common Stock,"$15,001 - $50,000",Put,180.00,06/21/2024
10/17/2023,11/16/2023,Tuberville,Thomas H,Purchase,MCO,Moody's Corporation Common Stock,"$1,001 - $15,000",,,
10/17/2023,11/16/2023,Tuberville,Thomas H,Sale (Full),TSLA,"Tesla, Inc.  - Common Stock","$1,001 - $15,000",,,
10/17/2023,11/16/2023,Tuberville,Thomas H,Purchase,MPWR,"Monolithic Power Systems, Inc. - Common Stock","$1,001 - $15,000",,,
10/17/2023,11/16/2023,Tuberville,Thomas H,Purchase,TXN,Texas Instruments Incorporated - Common Stock,"$1,001 - $15,000",Put,180.00,06/21/2024
10/17/2023,11/16/2023,Tuberville,Thomas H,Purchase,ITW,Illinois Tool Works Inc. Common Stock,"$1,001 - $15,000",,,
10/17/2023,11/16/2023,Tuberville,Thomas H,Purchase,TXN,Texas Instruments Incorporated - Common Stock,"$1,001 - $15,000",Put,150.00,06/21/2024
10/17/2023,11/16/2023,Tuberville,Thomas H,Purchase,MNST,Monster Beverage Corporation - Common Stock,"$1,001 - $15,000",,,
10/17/2023,11/16/2023,Tuberville,Thomas H,Purchase,GGG,Graco Inc. Common Stock,"$1,001 - $15,000",,,
10/17/2023,11/16/2023,Tuberville,Thomas H,Purchase,TSLA,"Tesla, Inc.  - Common Stock","$1,001 - $15,000",Put,190.00,12/15/2023
10/17/2023,11/16/2023,Tuberville,Thomas H,Purchase,META,"Meta Platforms, Inc. - Class A Common Stock","$1,001 - $15,000",,,
10/17/2023,11/16/2023,Tuberville,Thomas H,Purchase,NXPI,NXP Semiconductors N.V. - Common Stock,"$1,001 - $15,000",,,
10/17/2023,11/16/2023,Tuberville,Thomas H,Purchase,PHM,"PulteGroup, Inc. Common Stock","$1,001 - $15,000",,,
10/17/2023,11/16/2023,Tuberville,Thomas H,Sale (Full),AMAT,"Applied Materials, Inc. - Common Stock","$1,001 - $15,000",Put,140.00,04/19/2024
10/17/2023,11/16/2023,Tuberville,Thomas H,Purchase,WU,Western Union Company (The) Common Stock,"$1,001 - $15,000",,,
10/17/2023,11/16/2023,Tuberville,Thomas H,Sale (Full),KO,Coca-Cola Company (The) Common Stock,"$1,001 - $15,000",,,
10/17/2023,11/16/2023,Tuberville,Thomas H,Purchase,KO,Coca-Cola Company (The) Common Stock,"$1,001 - $15,000",Put,60.00,12/15/2023
10/17/2023,11/16/2023,Tuberville,Thomas H,Sale (Full),UNP,Union Pacific Corporation Common Stock,"$1,001 - $15,000",,,
10/17/2023,11/16/2023,Tuberville,Thomas H,Purchase,MCHP,Microchip Technology Incorporated - Common Stock,"$1,001 - $15,000",,,
10/17/2023,11/16/2023,Tuberville,Thomas H,Purchase,WMS,"Advanced Drainage Systems, Inc. Common Stock","$1,001 - $15,000",,,
10/17/2023,11/16/2023,Tuberville,Thomas H,Purchase,AMAT,"Applied Materials, Inc. - Common Stock","$1,001 - $15,000",,,
10/17/2023,11/16/2023,Tuberville,Thomas H,Purchase,BMY,Bristol-Myers Squibb Company Common Stock,"$1,001 - $15,000",,,
10/17/2023,11/16/2023,Tuberville,Thomas H,Purchase,FTNT,"Fortinet, Inc. - Common Stock","$1,001 - $15,000",,,
10/16/2023,11/16/2023,Tuberville,Thomas H,Sale (Full),CBSH,"Commerce Bancshares, Inc. - Common Stock","$1,001 - $15,000",,,
10/16/2023,11/16/2023,Tuberville,Thomas H,Sale (Full),ADP,"Automatic Data Processing, Inc. - Common Stock","$1,001 - $15,000",,,
10/16/2023,11/16/2023,Tuberville,Thomas H,Sale (Full),GSK,Gsk Plc ADR,"$1,001 - $15,000",,,
10/16/2023,11/16/2023,Tuberville,Thomas H,Sale (Full),SKY,Skyline Champion Corporation Common Stock,"$1,001 - $15,000",,,
10/16/2023,11/16/2023,Tuberville,Thomas H,Sale (Full),ODFL,"Old Dominion Freight Line, Inc. - Common Stock","$1,001 - $15,000",,,
10/16/2023,11/16/2023,Tuberville,Thomas H,Sale (Full),JNJ,Johnson & Johnson Common Stock,"$1,001 - $15,000",,,
10/16/2023,11/16/2023,Tuberville,Thomas H,Sale (Full),JKHY,"Jack Henry & Associates, Inc. - Common Stock","$1,001 - $15,000",,,
10/16/2023,11/16/2023,Tuberville,Thomas H,Sale (Full),CRUS,"Cirrus Logic, Inc. - Common Stock","$1,001 - $15,000",,,
10/16/2023,11/16/2023,Tuberville,Thomas H,Sale (Partial),CSX,CSX Corporation - Common Stock,"$1,001 - $15,000",,,
10/16/2023,11/16/2023,Tuberville,Thomas H,Sale (Full),DIOD,Diodes Incorporated - Common Stock,"$1,001 - $15,000",,,
10/16/2023,11/16/2023,Tuberville,Thomas H,Sale (Partial),A,Agilent Technologies,"$1,001 - $15,000",,,
10/16/2023,11/16/2023,Tuberville,Thomas H,Sale (Full),GIS,"General Mills, Inc. Common Stock","$1,001 - $15,000",,,
10/16/2023,11/16/2023,Tuberville,Thomas H,Sale (Full),RRC,Range Resources Corporation Common Stock,"$1,001 - $15,000",,,
10/16/2023,11/16/2023,Tuberville,Thomas H,Sale (Full),NSC,Norfolk Southern Corporation Common Stock,"$1,001 - $15,000",,,
10/16/2023,11/16/2023,Tuberville,Thomas H,Sale (Full),MRK,"Merck & Company, Inc. Common Stock (new)","$1,001 - $15,000",,,
10/11/2023,11/16/2023,Tuberville,Thomas H,Purchase,X,United States Steel Corp,"$1,001 - $15,000",Call,25.00,06/21/2024
10/11/2023,11/16/2023,Tuberville,Thomas H,Sale (Partial),X,United States Steel Corporation Common Stock,"$15,001 - $50,000",,,
10/11/2023,11/16/2023,Tuberville,Thomas H,Purchase,LPX,Louisiana-Pacific Corporation Common Stock,"$1,001 - $15,000",Call,70.00,05/17/2024
10/11/2023,11/16/2023,Tuberville,Thomas H,Purchase,TXN,Texas Instruments Incorporated - Common Stock,"$1,001 - $15,000",Call,180.00,04/19/2024
10/11/2023,11/16/2023,Tuberville,Thomas H,Sale (Full),KR,Kroger Company,"$50,001 - $100,000",,,
10/11/2023,11/16/2023,Tuberville,Thomas H,Sale (Full),LPX,Louisiana-Pacific Corporation Common Stock,"$100,001 - $250,000",,,
10/11/2023,11/16/2023,Tuberville,Thomas H,Sale (Partial),X,United States Steel Corporation Common Stock,"$1,001 - $15,000",,,
10/11/2023,11/16/2023,Tuberville,Thomas H,Sale (Full),NU,Nu Holdings Ltd Cl A,"$100,001 - $250,000",,,
10/11/2023,11/16/2023,Tuberville,Thomas H,Sale (Partial),TXN,Texas Instruments Incorporated - Common Stock,"$1,001 - $15,000",,,
10/11/2023,11/16/2023,Tuberville,Thomas H,Sale (Full),TXN,Texas Instruments Incorporated - Common Stock,"$15,001 - $50,000",Put,150.00,06/21/2024
10/11/2023,11/16/2023,Tuberville,Thomas H,Sale (Partial),TXN,Texas Instruments Incorporated - Common Stock,"$50,001 - $100,000",,,
10/11/2023,11/16/2023,Tuberville,Thomas H,Sale (Partial),TXN,Texas Instruments Incorporated - Common Stock,"$15,001 - $50,000",,,
10/11/2023,11/16/2023,Tuberville,Thomas H,Sale (Full),LPX,Louisiana-Pacific Corporation Common Stock,"$1,001 - $15,000",Put,52.50,06/21/2024
10/05/2023,11/07/2023,Boozman,John,Sale (Full),AES,The AES Corporation Common Stock,"$1,001 - $15,000",,,
10/04/2023,11/02/2023,Carper,Thomas R,Purchase,RVNC,"Revance Therapeutics, Inc. - Common Stock","$1,001 - $15,000",,,
10/04/2023,11/02/2023,Carper,Thomas R,Sale (Full),GPCR,Structure Therapeutics Inc,"$1,001 - $15,000",,,
10/03/2023,11/01/2023,Mullin,Markwayne,Purchase,AMAT,"Applied Materials, Inc. - Common Stock","$1,001 - $15,000",,,
10/03/2023,11/01/2023,Mullin,Markwayne,Purchase,AAPL,Apple Inc. - Common Stock,"$1,001 - $15,000",,,
10/03/2023,11/01/2023,Mullin,Markwayne,Purchase,CVX,Chevron Corporation Common Stock,"$1,001 - $15,000",,,
10/03/2023,11/01/2023,Mullin,Markwayne,Purchase,META,"Meta Platforms, Inc. - Class A Common Stock","$1,001 - $15,000",,,
10/03/2023,11/01/2023,Mullin,Markwayne,Purchase,GS,"Goldman Sachs Group, Inc. (The) Common Stock","$1,001 - $15,000",,,
10/03/2023,11/01/2023,Mullin,Markwayne,Purchase,EMR,Emerson Electric Company,"$1,001 - $15,000",,,
10/03/2023,11/01/2023,Mullin,Markwayne,Purchase,SHW,Sherwin-Williams Company (The) Common Stock,"$1,001 - $15,000",,,
10/03/2023,11/01/2023,Mullin,Markwayne,Purchase,CRM,"Salesforce, Inc. Common Stock","$1,001 - $15,000",,,
10/03/2023,11/01/2023,Mullin,Markwayne,Purchase,SPGI,S&P Global Inc. Common Stock,"$1,001 - $15,000",,,
10/03/2023,11/01/2023,Mullin,Markwayne,Purchase,BRK.B,Berkshire Hathaway Cl B,"$1,001 - $15,000",,,
10/03/2023,11/01/2023,Mullin,Markwayne,Purchase,DE,Deere & Company Common Stock,"$1,001 - $15,000",,,
10/03/2023,11/01/2023,Mullin,Markwayne,Purchase,RTX,RTX Corporation Common Stock,"$1,001 - $15,000",,,
10/03/2023,11/01/2023,Mullin,Markwayne,Purchase,COST,Costco Wholesale Corporation - Common Stock,"$1,001 - $15,000",,,
10/03/2023,11/01/2023,Mullin,Markwayne,Purchase,PG,Procter & Gamble Company,"$1,001 - $15,000",,,
10/03/2023,11/01/2023,Mullin,Markwayne,Purchase,AZO,"AutoZone, Inc. Common Stock","$1,001 - $15,000",,,
10/03/2023,11/01/2023,Mullin,Markwayne,Purchase,ABT,Abbott Laboratories Common Stock,"$1,001 - $15,000",,,
10/03/2023,11/01/2023,Mullin,Markwayne,Purchase,CAT,"Caterpillar, Inc. Common Stock","$1,001 - $15,000",,,
10/03/2023,11/01/2023,Mullin,Markwayne,Purchase,SBUX,Starbucks Corporation - Common Stock,"$1,001 - $15,000",,,
10/03/2023,11/01/2023,Mullin,Markwayne,Purchase,PEP,"PepsiCo, Inc. - Common Stock","$1,001 - $15,000",,,
10/03/2023,11/01/2023,Mullin,Markwayne,Purchase,CMG,Chipotle Mexican Grill,"$1,001 - $15,000",,,
10/03/2023,11/01/2023,Mullin,Markwayne,Purchase,KO,Coca-Cola Company (The) Common Stock,"$1,001 - $15,000",,,
10/03/2023,11/01/2023,Mullin,Markwayne,Purchase,COP,ConocoPhillips Common Stock,"$1,001 - $15,000",,,
10/03/2023,11/01/2023,Mullin,Markwayne,Purchase,STZ,Constellation Brands Inc,"$1,001 - $15,000",,,
10/03/2023,11/01/2023,Mullin,Markwayne,Purchase,EW,Edwards Lifesciences Corporation Common Stock,"$1,001 - $15,000",,,
10/03/2023,11/01/2023,Mullin,Markwayne,Purchase,BSX,Boston Scientific Corporation Common Stock,"$1,001 - $15,000",,,
10/03/2023,11/01/2023,Mullin,Markwayne,Purchase,CSX,CSX Corporation - Common Stock,"$1,001 - $15,000",,,
10/03/2023,11/01/2023,Mullin,Markwayne,Purchase,JPM,JP Morgan Chase & Co. Common Stock,"$1,001 - $15,000",,,
10/03/2023,11/01/2023,Mullin,Markwayne,Purchase,NKE,Nike Inc,"$1,001 - $15,000",,,
10/03/2023,11/01/2023,Mullin,Markwayne,Purchase,GOOGL,Alphabet Inc. - Class A Common Stock,"$1,001 - $15,000",,,
10/03/2023,10/23/2023,Vance,JD,Sale (Full),WMT,Walmart Inc,"$50,001 - $100,000",,,
10/03/2023,11/01/2023,Mullin,Markwayne,Purchase,BLK,"BlackRock, Inc. Common Stock","$1,001 - $15,000",,,
10/03/2023,11/01/2023,Mullin,Markwayne,Purchase,HD,"Home Depot, Inc. (The) Common Stock","$1,001 - $15,000",,,
10/03/2023,11/01/2023,Mullin,Markwayne,Purchase,--,"T-Mobile US, Inc. - Common Stock","$1,001 - $15,000",,,
10/03/2023,11/01/2023,Mullin,Markwayne,Purchase,NVDA,NVIDIA Corporation - Common Stock,"$1,001 - $15,000",,,
10/03/2023,11/01/2023,Mullin,Markwayne,Purchase,UNP,Union Pacific Corp,"$1,001 - $15,000",,,
10/03/2023,11/01/2023,Mullin,Markwayne,Purchase,CMCSA,Comcast Corporation - Class A Common Stock,"$1,001 - $15,000",,,
10/03/2023,11/01/2023,Mullin,Markwayne,Purchase,AMD,"Advanced Micro Devices, Inc. - Common Stock","$1,001 - $15,000",,,
10/03/2023,11/01/2023,Mullin,Markwayne,Purchase,ZTS,Zoetis Inc. Class A Common Stock,"$1,001 - $15,000",,,
10/03/2023,11/01/2023,Mullin,Markwayne,Purchase,PANW,"Palo Alto Networks, Inc. - Common Stock","$1,001 - $15,000",,,
10/03/2023,11/01/2023,Mullin,Markwayne,Purchase,ADBE,Adobe Systems Inc,"$1,001 - $15,000",,,
10/03/2023,11/01/2023,Mullin,Markwayne,Purchase,UNH,Unitedhealth Group Inc,"$1,001 - $15,000",,,
10/03/2023,11/01/2023,Mullin,Markwayne,Purchase,V,Visa Inc,"$1,001 - $15,000",,,
10/03/2023,11/01/2023,Mullin,Markwayne,Purchase,FI,"Fiserv, Inc. Common Stock","$1,001 - $15,000",,,
10/03/2023,11/01/2023,Mullin,Markwayne,Purchase,TXN,Texas Instruments Incorporated - Common Stock,"$1,001 - $15,000",,,
10/03/2023,11/01/2023,Mullin,Markwayne,Purchase,AMZN,"Amazon.com, Inc. - Common Stock","$1,001 - $15,000",,,
10/03/2023,11/16/2023,Tuberville,Thomas H,Purchase,KR,Kroger Company,"$50,001 - $100,000",,,
10/03/2023,11/01/2023,Mullin,Markwayne,Purchase,TMO,Thermo Fisher Scientific Inc,"$15,001 - $50,000",,,
10/03/2023,11/01/2023,Mullin,Markwayne,Purchase,HLT,Hilton Worldwide Holdings Inc. Common Stock,"$1,001 - $15,000",,,
10/03/2023,11/01/2023,Mullin,Markwayne,Purchase,ICE,Intercontinental Exchange Inc. Common Stock,"$1,001 - $15,000",,,
10/03/2023,11/01/2023,Mullin,Markwayne,Purchase,ELV,"Elevance Health, Inc. Common Stock","$1,001 - $15,000",,,
10/03/2023,11/01/2023,Mullin,Markwayne,Purchase,LRCX,Lam Research Corporation - Common Stock,"$1,001 - $15,000",,,
10/03/2023,11/01/2023,Mullin,Markwayne,Purchase,LLY,Eli Lilly and Company Common Stock,"$1,001 - $15,000",,,
10/03/2023,11/01/2023,Mullin,Markwayne,Purchase,MA,Mastercard Inc,"$1,001 - $15,000",,,
10/03/2023,11/01/2023,Mullin,Markwayne,Purchase,MSFT,Microsoft Corporation - Common Stock,"$1,001 - $15,000",,,
10/03/2023,11/01/2023,Mullin,Markwayne,Purchase,AXP,American Express Company Common Stock,"$1,001 - $15,000",,,
10/03/2023,11/01/2023,Mullin,Markwayne,Purchase,HON,Honeywell International Inc. - Common Stock,"$1,001 - $15,000",,,
09/28/2023,10/13/2023,Tuberville,Thomas H,Purchase,KR,Kroger Company (The) Common Stock,"$15,001 - $50,000",,,
09/27/2023,10/14/2023,Capito,Shelley M,Purchase,SPGI,S&P Global Inc,"$1,001 - $15,000",,,
09/22/2023,10/14/2023,Capito,Shelley M,Purchase,ACN,Accenture Plc,"$1,001 - $15,000",,,
09/22/2023,10/14/2023,Capito,Shelley M,Purchase,UNH,Unitedhealth Group Inc,"$1,001 - $15,000",,,
09/21/2023,10/20/2023,Ricketts,John P,Sale (Full),PLD,"Prologis, Inc. Common Stock","$50,001 - $100,000",,,
09/21/2023,10/20/2023,Ricketts,John P,Sale (Full),YUM,"Yum! Brands, Inc.","$50,001 - $100,000",,,
09/21/2023,10/20/2023,Ricketts,John P,Sale (Full),PG,Procter & Gamble Company,"$100,001 - $250,000",,,
09/21/2023,10/20/2023,Ricketts,John P,Sale (Full),MRK,Merck & Company,"$50,001 - $100,000",,,
09/21/2023,10/20/2023,Ricketts,John P,Sale (Full),MDT,Medtronic plc. Ordinary Shares,"$50,001 - $100,000",,,
09/21/2023,10/20/2023,Ricketts,John P,Sale (Full),NTR,Nutrien Ltd,"$50,001 - $100,000",,,
09/21/2023,10/20/2023,Ricketts,John P,Sale (Full),UNH,UnitedHealth Group Incorporated Common Stock (DE),"$100,001 - $250,000",,,
09/21/2023,10/20/2023,Ricketts,John P,Sale (Full),KO,Coca-Cola Company,"$100,001 - $250,000",,,
09/21/2023,10/20/2023,Ricketts,John P,Sale (Full),PNC,"PNC Financial Services Group, Inc. (The) Common St","$50,001 - $100,000",,,
09/21/2023,10/20/2023,Ricketts,John P,Sale (Full),VZ,Verizon Communications Inc. Common Stock,"$50,001 - $100,000",,,
09/21/2023,10/20/2023,Ricketts,John P,Sale (Full),PM,Philip Morris International Inc,"$100,001 - $250,000",,,
09/21/2023,10/14/2023,Capito,Shelley M,Sale (Full),RTX,Rtx Corp,"$1,001 - $15,000",,,
09/21/2023,10/20/2023,Ricketts,John P,Sale (Full),WAL,Western Alliance Bancorp,"$50,001 - $100,000",,,
09/21/2023,10/20/2023,Ricketts,John P,Sale (Full),MCD,McDonald's Corp,"$100,001 - $250,000",,,
09/21/2023,10/20/2023,Ricketts,John P,Sale (Full),CF,"CF Industries Holdings, Inc. Common Stock","$50,001 - $100,000",,,
09/21/2023,10/20/2023,Ricketts,John P,Sale (Full),EQNR,Equinor ASA,"$100,001 - $250,000",,,
09/21/2023,10/20/2023,Ricketts,John P,Sale (Full),EMR,Emerson Electric Company,"$100,001 - $250,000",,,
09/21/2023,10/20/2023,Ricketts,John P,Sale (Full),CVS,CVS Health Corporation Common Stock,"$50,001 - $100,000",,,
09/21/2023,10/20/2023,Ricketts,John P,Sale (Full),CUBE,Cubesmart,"$50,001 - $100,000",,,
09/21/2023,10/20/2023,Ricketts,John P,Sale (Full),BRK.B,Berkshire Hathaway Cl B,"$100,001 - $250,000",,,
09/21/2023,10/20/2023,Ricketts,John P,Sale (Full),JNJ,Johnson & Johnson,"$100,001 - $250,000",,,
09/21/2023,10/20/2023,Ricketts,John P,Sale (Full),ADP,Automatic Data Procs,"$50,001 - $100,000",,,
09/21/2023,10/20/2023,Ricketts,John P,Sale (Full),ABT,Abbott Laboratories,"$100,001 - $250,000",,,
09/21/2023,10/20/2023,Ricketts,John P,Sale (Full),GD,General Dynamics Corp,"$100,001 - $250,000",,,
09/21/2023,10/20/2023,Ricketts,John P,Sale (Full),APA,APA Corporation - Common Stock,"$50,001 - $100,000",,,
09/21/2023,10/20/2023,Ricketts,John P,Sale (Full),UNP,Union Pacific Corporation Common Stock,"$100,001 - $250,000",,,
09/20/2023,10/17/2023,Whitehouse,Sheldon,Sale (Full),T,AT&T Inc,"$15,001 - $50,000",,,
09/20/2023,10/17/2023,Whitehouse,Sheldon,Sale (Full),BTO,John Hancock Financial Opportunities Fund Common S,"$1,001 - $15,000",,,
09/20/2023,10/13/2023,Tuberville,Thomas H,Purchase,CLX,Clorox Company (The) Common Stock,"$100,001 - $250,000",,,
09/20/2023,10/17/2023,Whitehouse,Sheldon,Sale (Full),PYPL,Paypal Holdings,"$1,001 - $15,000",,,
09/20/2023,10/17/2023,Whitehouse,Sheldon,Sale (Full),MMM,3M Company,"$15,001 - $50,000",,,
09/20/2023,10/17/2023,Whitehouse,Sheldon,Sale (Full),MET,Metlife Inc,"$1,001 - $15,000",,,
09/20/2023,10/17/2023,Whitehouse,Sheldon,Sale (Full),INTC,Intel Corp,"$1,001 - $15,000",,,
09/20/2023,10/17/2023,Whitehouse,Sheldon,Purchase,NVS,Novartis Ag ADR,"$15,001 - $50,000",,,
09/20/2023,10/17/2023,Whitehouse,Sheldon,Purchase,KVUE,Kenvue Inc,"$1,001 - $15,000",,,
09/20/2023,10/17/2023,Whitehouse,Sheldon,Sale (Full),WBD,"Warner Bros. Discovery, Inc. - Series A Common Sto","$1,001 - $15,000",,,
09/20/2023,10/17/2023,Whitehouse,Sheldon,Sale (Full),T,AT&T Inc,"$1,001 - $15,000",,,
09/20/2023,10/17/2023,Whitehouse,Sheldon,Sale (Full),SQ,"Block, Inc. Class A Common Stock,","$1,001 - $15,000",,,
09/20/2023,10/17/2023,Whitehouse,Sheldon,Purchase,TSLA,Tesla Inc,"$1,001 - $15,000",,,
09/20/2023,10/17/2023,Whitehouse,Sheldon,Sale (Full),C,Citigroup Inc,"$1,001 - $15,000",,,
09/20/2023,10/17/2023,Whitehouse,Sheldon,Purchase,LLY,Eli Lilly and Company,"$15,001 - $50,000",,,
09/20/2023,10/17/2023,Whitehouse,Sheldon,Sale (Full),IR,Ingersoll Rand Inc,"$1,001 - $15,000",,,
09/20/2023,10/17/2023,Whitehouse,Sheldon,Purchase,VZ,Verizon Communications Inc,"$1,001 - $15,000",,,
09/18/2023,10/13/2023,Tuberville,Thomas H,Sale (Full),PARA,Paramount Global - Class B Common Stock,"$1,001 - $15,000",Call,17.50,06/21/2024
09/18/2023,10/13/2023,Tuberville,Thomas H,Purchase,TXN,Texas Instruments Incorporated - Common Stock,"$100,001 - $250,000",,,
09/18/2023,10/13/2023,Tuberville,Thomas H,Purchase,PARA,Paramount Global - Class B Common Stock,"$50,001 - $100,000",,,
09/18/2023,10/12/2023,Mullin,Markwayne,Purchase,COST,Costco Wholesale Corporation - Common Stock,"$15,001 - $50,000",,,
09/18/2023,10/13/2023,Tuberville,Thomas H,Sale (Full),LPX,Louisiana-Pacific Corporation Common Stock,"$1,001 - $15,000",Call,70.00,05/17/2024
09/18/2023,10/13/2023,Tuberville,Thomas H,Sale (Full),TXN,Texas Instruments Incorporated - Common Stock,"$1,001 - $15,000",Call,180.00,04/19/2024
09/18/2023,10/13/2023,Tuberville,Thomas H,Sale (Full),FITB,Fifth Third Bancorp - Common Stock,"$1,001 - $15,000",Call,30.00,05/17/2024
09/15/2023,10/13/2023,Tuberville,Thomas H,Purchase,KMB,Kimberly-Clark Corporation Common Stock,"$15,001 - $50,000",,,
09/14/2023,10/13/2023,Tuberville,Thomas H,Purchase,CLF,Cleveland-Cliffs Inc. Common Stock,"$1,001 - $15,000",,,
09/14/2023,10/13/2023,Tuberville,Thomas H,Purchase,TXN,Texas Instruments Incorporated - Common Stock,"$50,001 - $100,000",,,
09/13/2023,10/12/2023,Mullin,Markwayne,Purchase,NVDA,NVIDIA Corporation - Common Stock,"$15,001 - $50,000",,,
09/13/2023,10/12/2023,Mullin,Markwayne,Purchase,VLO,Valero Energy Corporation Common Stock,"$50,001 - $100,000",,,
09/13/2023,10/12/2023,Mullin,Markwayne,Purchase,UNH,Unitedhealth Group Inc,"$15,001 - $50,000",,,
09/13/2023,10/12/2023,Mullin,Markwayne,Purchase,TXN,Texas Instruments Incorporated - Common Stock,"$15,001 - $50,000",,,
09/13/2023,10/12/2023,Mullin,Markwayne,Purchase,SBUX,Starbucks Corporation - Common Stock,"$15,001 - $50,000",,,
09/13/2023,10/12/2023,Mullin,Markwayne,Purchase,ELV,"Elevance Health, Inc. Common Stock","$15,001 - $50,000",,,
09/13/2023,10/12/2023,Mullin,Markwayne,Purchase,UNP,Union Pacific Corporation Common Stock,"$15,001 - $50,000",,,
09/13/2023,10/12/2023,Mullin,Markwayne,Purchase,HON,Honeywell International Inc,"$15,001 - $50,000",,,
09/13/2023,10/12/2023,Mullin,Markwayne,Purchase,ZTS,Zoetis Inc. Class A Common Stock,"$15,001 - $50,000",,,
09/13/2023,10/12/2023,Mullin,Markwayne,Purchase,RTX,RTX Corporation Common Stock,"$15,001 - $50,000",,,
09/13/2023,10/12/2023,Mullin,Markwayne,Purchase,HD,"Home Depot, Inc. (The) Common Stock","$15,001 - $50,000",,,
09/13/2023,10/12/2023,Mullin,Markwayne,Purchase,EW,Edwards Lifesciences Corporation Common Stock,"$15,001 - $50,000",,,
09/13/2023,10/12/2023,Mullin,Markwayne,Purchase,TMO,Thermo Fisher Scientific Inc,"$15,001 - $50,000",,,
09/13/2023,10/12/2023,Mullin,Markwayne,Purchase,GS,"Goldman Sachs Group, Inc. (The) Common Stock","$15,001 - $50,000",,,
09/13/2023,10/12/2023,Mullin,Markwayne,Purchase,KLAC,KLA Corporation  - Common Stock,"$50,001 - $100,000",,,
09/13/2023,10/12/2023,Mullin,Markwayne,Purchase,TMUS,T-Mobile US,"$15,001 - $50,000",,,
09/13/2023,10/12/2023,Mullin,Markwayne,Purchase,CRM,"Salesforce, Inc. Common Stock","$15,001 - $50,000",,,
09/13/2023,10/12/2023,Mullin,Markwayne,Purchase,LLY,Eli Lilly and Company,"$15,001 - $50,000",,,
09/13/2023,10/12/2023,Mullin,Markwayne,Purchase,AMAT,"Applied Materials, Inc. - Common Stock","$15,001 - $50,000",,,
09/13/2023,10/12/2023,Mullin,Markwayne,Purchase,MA,Mastercard Inc,"$15,001 - $50,000",,,
09/13/2023,10/12/2023,Mullin,Markwayne,Purchase,NKE,Nike Inc,"$15,001 - $50,000",,,
09/13/2023,10/12/2023,Mullin,Markwayne,Purchase,MSFT,Microsoft Corp,"$15,001 - $50,000",,,
09/13/2023,10/12/2023,Mullin,Markwayne,Purchase,SPGI,S&P Global Inc. Common Stock,"$15,001 - $50,000",,,
09/13/2023,10/12/2023,Mullin,Markwayne,Purchase,LRCX,Lam Research Corp,"$15,001 - $50,000",,,
09/13/2023,10/12/2023,Mullin,Markwayne,Purchase,JPM,JP Morgan Chase & Co. Common Stock,"$15,001 - $50,000",,,
09/13/2023,10/12/2023,Mullin,Markwayne,Purchase,PANW,"Palo Alto Networks, Inc. - Common Stock","$15,001 - $50,000",,,
09/13/2023,10/12/2023,Mullin,Markwayne,Purchase,ICE,Intercontinental Exchange,"$15,001 - $50,000",,,
09/13/2023,10/12/2023,Mullin,Markwayne,Purchase,PEP,Pepsico Inc,"$15,001 - $50,000",,,
09/13/2023,10/12/2023,Mullin,Markwayne,Purchase,SHW,Sherwin-Williams Company,"$15,001 - $50,000",,,
09/13/2023,10/12/2023,Mullin,Markwayne,Purchase,V,Visa Inc,"$15,001 - $50,000",,,
09/13/2023,10/12/2023,Mullin,Markwayne,Purchase,CSX,CSX Corporation - Common Stock,"$15,001 - $50,000",,,
09/13/2023,10/12/2023,Mullin,Markwayne,Purchase,AZO,"AutoZone, Inc. Common Stock","$15,001 - $50,000",,,
09/13/2023,10/12/2023,Mullin,Markwayne,Purchase,FI,"Fiserv, Inc. Common Stock","$15,001 - $50,000",,,
09/13/2023,10/12/2023,Mullin,Markwayne,Purchase,CAT,"Caterpillar, Inc. Common Stock","$15,001 - $50,000",,,
09/13/2023,10/13/2023,Tuberville,Thomas H,Sale (Full),QCOM,QUALCOMM Incorporated - Common Stock,"$250,001 - $500,000",,,
09/13/2023,10/12/2023,Mullin,Markwayne,Purchase,BSX,Boston Scientific Corp,"$15,001 - $50,000",,,
09/13/2023,10/12/2023,Mullin,Markwayne,Purchase,CVX,Chevron Corp,"$15,001 - $50,000",,,
09/13/2023,10/12/2023,Mullin,Markwayne,Purchase,CMG,Chipotle Mexican Grill,"$15,001 - $50,000",,,
09/13/2023,10/12/2023,Mullin,Markwayne,Purchase,KO,Coca-Cola Company,"$15,001 - $50,000",,,
09/13/2023,10/12/2023,Mullin,Markwayne,Purchase,HLT,Hilton Worldwide Holdings Inc. Common Stock,"$15,001 - $50,000",,,
09/13/2023,10/12/2023,Mullin,Markwayne,Purchase,COP,ConocoPhillips Common Stock,"$15,001 - $50,000",,,
09/13/2023,10/12/2023,Mullin,Markwayne,Purchase,DHR,Danaher Corporation Common Stock,"$15,001 - $50,000",,,
09/13/2023,10/12/2023,Mullin,Markwayne,Purchase,DE,Deere & Company,"$15,001 - $50,000",,,
09/13/2023,10/12/2023,Mullin,Markwayne,Purchase,STZ,"Constellation Brands, Inc. Common Stock","$15,001 - $50,000",,,
09/13/2023,10/12/2023,Mullin,Markwayne,Purchase,EMR,Emerson Electric Company,"$15,001 - $50,000",,,
09/13/2023,10/12/2023,Mullin,Markwayne,Purchase,META,"Meta Platforms, Inc. - Class A Common Stock","$50,001 - $100,000",,,
09/13/2023,10/12/2023,Mullin,Markwayne,Purchase,CMCSA,Comcast Corporation - Class A Common Stock,"$15,001 - $50,000",,,
09/13/2023,10/12/2023,Mullin,Markwayne,Purchase,ABT,Abbott Laboratories Common Stock,"$15,001 - $50,000",,,
09/13/2023,10/12/2023,Mullin,Markwayne,Purchase,GOOGL,Alphabet Cl A,"$15,001 - $50,000",,,
09/13/2023,10/13/2023,Tuberville,Thomas H,Sale (Full),QCOM,QUALCOMM Incorporated - Common Stock,"$15,001 - $50,000",Put,110.00,06/21/2024
09/13/2023,10/12/2023,Mullin,Markwayne,Purchase,BLK,"BlackRock, Inc. Common Stock","$15,001 - $50,000",,,
09/13/2023,10/12/2023,Mullin,Markwayne,Purchase,AMD,"Advanced Micro Devices, Inc. - Common Stock","$15,001 - $50,000",,,
09/13/2023,10/13/2023,Tuberville,Thomas H,Purchase,KMB,Kimberly-Clark Corporation Common Stock,"$50,001 - $100,000",,,
09/13/2023,10/12/2023,Mullin,Markwayne,Purchase,ADBE,Adobe Systems Inc,"$15,001 - $50,000",,,
09/13/2023,10/13/2023,Tuberville,Thomas H,Purchase,QCOM,QUALCOMM Incorporated - Common Stock,"$1,001 - $15,000",Call,125.00,03/15/2024
09/13/2023,10/12/2023,Mullin,Markwayne,Purchase,BRK.B,Berkshire Hathaway Cl B,"$15,001 - $50,000",,,
09/13/2023,10/12/2023,Mullin,Markwayne,Purchase,AMZN,Amazon.com Inc,"$50,001 - $100,000",,,
09/13/2023,10/12/2023,Mullin,Markwayne,Purchase,AXP,American Express Company Common Stock,"$15,001 - $50,000",,,
09/13/2023,10/12/2023,Mullin,Markwayne,Purchase,PG,Procter & Gamble Company,"$15,001 - $50,000",,,
09/13/2023,10/12/2023,Mullin,Markwayne,Purchase,AAPL,Apple Inc. - Common Stock,"$50,001 - $100,000",,,
09/13/2023,10/13/2023,Tuberville,Thomas H,Sale (Full),INTC,Intel Corporation - Common Stock,"$1,001 - $15,000",Call,45.00,04/19/2024
09/12/2023,10/13/2023,Tuberville,Thomas H,Purchase,LPX,Louisiana-Pacific Corporation Common Stock,"$100,001 - $250,000",,,
09/08/2023,10/13/2023,Tuberville,Thomas H,Purchase,CLF,Cleveland-Cliffs Inc. Common Stock,"$50,001 - $100,000",,,
09/08/2023,10/13/2023,Tuberville,Thomas H,Purchase,KMB,Kimberly-Clark Corporation Common Stock,"$15,001 - $50,000",,,
09/08/2023,10/13/2023,Tuberville,Thomas H,Sale (Partial),LLY,Eli Lilly and Company Common Stock,"$1,001 - $15,000",,,
09/07/2023,10/13/2023,Tuberville,Thomas H,Sale (Partial),TSN,"Tyson Foods, Inc. Common Stock","$1,001 - $15,000",,,
09/07/2023,10/13/2023,Tuberville,Thomas H,Purchase,CLF,Cleveland-Cliffs Inc. Common Stock,"$50,001 - $100,000",,,
09/07/2023,10/13/2023,Tuberville,Thomas H,Sale (Partial),PRU,"Prudential Financial, Inc. Common Stock","$15,001 - $50,000",,,
09/07/2023,10/13/2023,Tuberville,Thomas H,Sale (Partial),AAPL,Apple Inc. - Common Stock,"$15,001 - $50,000",,,
09/01/2023,09/15/2023,"McConnell, Jr.",A. Mitchell,Purchase,WFC,Wells Fargo & Company Common Stock,"$1,001 - $15,000",,,
09/01/2023,10/14/2023,Capito,Shelley M,Sale (Full),USB,U.S. Bancorp,"$1,001 - $15,000",,,
09/01/2023,10/13/2023,Tuberville,Thomas H,Sale (Full),QCOM,QUALCOMM Incorporated - Common Stock,"$1,001 - $15,000",Call,125.00,03/15/2024
08/31/2023,09/15/2023,Tuberville,Thomas H,Purchase,QCOM,Qualcomm Inc,"$100,001 - $250,000",,,
08/29/2023,09/05/2023,Carper,Thomas R,Purchase,RMD,Resmed Inc,"$1,001 - $15,000",,,
08/29/2023,09/07/2023,Boozman,John,Purchase,BBEU,JPM Betabuilders Europe ETF,"$15,001 - $50,000",,,
08/29/2023,09/05/2023,Carper,Thomas R,Purchase,NEE,Nextera Energy,"$1,001 - $15,000",,,
08/29/2023,09/07/2023,Boozman,John,Sale (Full),FEP,First Trust Europe AlphaDEX Fund,"$15,001 - $50,000",,,
08/29/2023,09/05/2023,Carper,Thomas R,Sale (Full),CRWD,Crowdstrike Holdings Inc,"$1,001 - $15,000",,,
08/29/2023,09/05/2023,Carper,Thomas R,Purchase,INOD,Innodata Inc,"$1,001 - $15,000",,,
08/29/2023,09/05/2023,Carper,Thomas R,Sale (Full),AQN,Algonquin Power and Utilities Corp,"$1,001 - $15,000",,,
08/29/2023,09/05/2023,Carper,Thomas R,Sale (Full),SWKS,Skyworks Solutions,"$1,001 - $15,000",,,
08/25/2023,09/05/2023,Carper,Thomas R,Sale (Full),NTLA,"Intellia Therapeutics, Inc. - Common Stock","$1,001 - $15,000",,,
08/24/2023,10/03/2023,Whitehouse,Sheldon,Exchange,JNJKVUE,Johnson & Johnson Common Stock (Exchanged)                                                                                        Kenvue Inc. Common Stock (Received),"$1,001 - $15,000",,,
08/23/2023,09/05/2023,Carper,Thomas R,Purchase,PSQ,ProShares Short QQQ,"$1,001 - $15,000",,,
08/22/2023,09/18/2023,Sullivan,Daniel S,Sale (Full),TJX,TJX Companies,"$15,001 - $50,000",,,
08/22/2023,09/22/2023,Sullivan,Daniel S,Sale (Full),GOOG,Alphabet Inc. - Class C Capital Stock,"$15,001 - $50,000",,,
08/22/2023,09/18/2023,Sullivan,Daniel S,Sale (Full),PPG,PPG Industries,"$1,001 - $15,000",,,
08/22/2023,09/22/2023,Sullivan,Daniel S,Sale (Full),CVX,Chevron Corp,"$1,001 - $15,000",,,
08/22/2023,09/22/2023,Sullivan,Daniel S,Sale (Full),TJX,TJX Companies,"$15,001 - $50,000",,,
08/22/2023,09/18/2023,Sullivan,Daniel S,Sale (Full),TMO,Thermo Fisher Scientific Inc,"$1,001 - $15,000",,,
08/22/2023,09/18/2023,Sullivan,Daniel S,Sale (Full),LH,Laboratory Corp of America Holdings,"$1,001 - $15,000",,,
08/22/2023,09/22/2023,Sullivan,Daniel S,Sale (Full),BMY,Bristol-Myers Squibb Company,"$1,001 - $15,000",,,
08/22/2023,09/22/2023,Sullivan,Daniel S,Sale (Full),ZTS,Zoetis Inc Cl A,"$1,001 - $15,000",,,
08/22/2023,09/22/2023,Sullivan,Daniel S,Sale (Full),ACN,Accenture Plc,"$15,001 - $50,000",,,
08/22/2023,09/18/2023,Sullivan,Daniel S,Sale (Full),AME,"AMETEK, Inc.","$1,001 - $15,000",,,
08/22/2023,09/18/2023,Sullivan,Daniel S,Sale (Full),ULTA,Ulta Beauty Inc,"$1,001 - $15,000",,,
08/22/2023,09/18/2023,Sullivan,Daniel S,Sale (Full),GOOG,Alphabet Inc. - Class C Capital Stock,"$15,001 - $50,000",,,
08/22/2023,09/18/2023,Sullivan,Daniel S,Sale (Full),APH,Amphenol Corp,"$1,001 - $15,000",,,
08/22/2023,09/22/2023,Sullivan,Daniel S,Sale (Full),PPG,PPG Industries,"$1,001 - $15,000",,,
08/22/2023,09/22/2023,Sullivan,Daniel S,Sale (Full),PNC,"PNC Financial Services Group, Inc. (The) Common St","$1,001 - $15,000",,,
08/22/2023,09/18/2023,Sullivan,Daniel S,Sale (Full),ZTS,Zoetis Inc Cl A,"$1,001 - $15,000",,,
08/22/2023,09/22/2023,Sullivan,Daniel S,Sale (Full),TMO,Thermo Fisher Scientific Inc,"$1,001 - $15,000",,,
08/22/2023,09/18/2023,Sullivan,Daniel S,Sale (Full),AXP,American Express Company,"$1,001 - $15,000",,,
08/22/2023,09/22/2023,Sullivan,Daniel S,Sale (Full),BLK,Blackrock Inc,"$1,001 - $15,000",,,
08/22/2023,09/22/2023,Sullivan,Daniel S,Sale (Full),BKNG,Booking Holdings Inc,"$1,001 - $15,000",,,
08/22/2023,09/22/2023,Sullivan,Daniel S,Sale (Full),AAPL,Apple Inc,"$15,001 - $50,000",,,
08/22/2023,09/22/2023,Sullivan,Daniel S,Sale (Full),APH,Amphenol Corp,"$1,001 - $15,000",,,
08/22/2023,09/22/2023,Sullivan,Daniel S,Sale (Full),SCHW,The Charles Schwab Corp,"$1,001 - $15,000",,,
08/22/2023,09/22/2023,Sullivan,Daniel S,Sale (Full),AXP,American Express Company,"$1,001 - $15,000",,,
08/22/2023,09/22/2023,Sullivan,Daniel S,Sale (Full),LUV,Southwest Airlines Company,"$1,001 - $15,000",,,
08/22/2023,09/22/2023,Sullivan,Daniel S,Sale (Full),COST,Costco Wholesale Corporation - Common Stock,"$1,001 - $15,000",,,
08/22/2023,09/18/2023,Sullivan,Daniel S,Sale (Full),TSCO,Tractor Supply Company,"$1,001 - $15,000",,,
08/22/2023,09/15/2023,Capito,Shelley M,Sale (Partial),AAPL,Apple Inc,"$1,001 - $15,000",,,
08/22/2023,09/22/2023,Sullivan,Daniel S,Sale (Full),CVS,CVS Corp,"$1,001 - $15,000",,,
08/22/2023,09/18/2023,Sullivan,Daniel S,Sale (Full),CHD,"Church & Dwight Company, Inc. Common Stock","$1,001 - $15,000",,,
08/22/2023,09/18/2023,Sullivan,Daniel S,Sale (Full),PNC,"PNC Financial Services Group, Inc. (The) Common St","$1,001 - $15,000",,,
08/22/2023,09/18/2023,Sullivan,Daniel S,Sale (Full),SCHW,The Charles Schwab Corp,"$1,001 - $15,000",,,
08/22/2023,09/18/2023,Sullivan,Daniel S,Sale (Full),COST,Costco Wholesale Corporation - Common Stock,"$1,001 - $15,000",,,
08/22/2023,09/18/2023,Sullivan,Daniel S,Sale (Full),CVS,CVS Corp,"$1,001 - $15,000",,,
08/22/2023,09/18/2023,Sullivan,Daniel S,Sale (Full),HON,Honeywell International Inc,"$1,001 - $15,000",,,
08/22/2023,09/18/2023,Sullivan,Daniel S,Sale (Full),BLK,Blackrock Inc,"$1,001 - $15,000",,,
08/22/2023,09/18/2023,Sullivan,Daniel S,Sale (Full),LRCX,Lam Research Corp,"$1,001 - $15,000",,,
08/22/2023,09/22/2023,Sullivan,Daniel S,Sale (Full),PXD,Pioneer Natural Resources Company,"$1,001 - $15,000",,,
08/22/2023,09/18/2023,Sullivan,Daniel S,Sale (Full),AMZN,"Amazon.com, Inc. - Common Stock","$1,001 - $15,000",,,
08/22/2023,09/18/2023,Sullivan,Daniel S,Sale (Full),JNJ,Johnson & Johnson,"$1,001 - $15,000",,,
08/22/2023,09/05/2023,Carper,Thomas R,Sale (Full),MPW,Medical Properties Trust,"$1,001 - $15,000",,,
08/22/2023,09/18/2023,Sullivan,Daniel S,Sale (Full),ACN,Accenture Plc,"$15,001 - $50,000",,,
08/22/2023,09/22/2023,Sullivan,Daniel S,Sale (Full),JPM,JP Morgan Chase & Company,"$1,001 - $15,000",,,
08/22/2023,09/18/2023,Sullivan,Daniel S,Sale (Full),LUV,Southwest Airlines Company,"$1,001 - $15,000",,,
08/22/2023,09/18/2023,Sullivan,Daniel S,Sale (Full),ALGN,"Align Technology, Inc. - Common Stock","$1,001 - $15,000",,,
08/22/2023,09/18/2023,Sullivan,Daniel S,Sale (Full),JPM,JP Morgan Chase & Company,"$1,001 - $15,000",,,
08/22/2023,09/18/2023,Sullivan,Daniel S,Sale (Full),BMY,Bristol-Myers Squibb Company,"$1,001 - $15,000",,,
08/22/2023,09/22/2023,Sullivan,Daniel S,Sale (Full),LH,Laboratory Corp of America Holdings,"$1,001 - $15,000",,,
08/22/2023,09/22/2023,Sullivan,Daniel S,Sale (Full),TSCO,Tractor Supply Company,"$1,001 - $15,000",,,
08/22/2023,09/22/2023,Sullivan,Daniel S,Sale (Full),NTRS,Northern Trust Corp,"$1,001 - $15,000",,,
08/22/2023,09/22/2023,Sullivan,Daniel S,Sale (Full),HON,Honeywell International Inc,"$1,001 - $15,000",,,
08/22/2023,09/22/2023,Sullivan,Daniel S,Sale (Full),AME,"AMETEK, Inc.","$1,001 - $15,000",,,
08/22/2023,09/18/2023,Sullivan,Daniel S,Sale (Full),AAPL,Apple Inc,"$15,001 - $50,000",,,
08/22/2023,09/22/2023,Sullivan,Daniel S,Sale (Full),ULTA,Ulta Beauty Inc,"$1,001 - $15,000",,,
08/22/2023,09/22/2023,Sullivan,Daniel S,Sale (Full),ALGN,"Align Technology, Inc. - Common Stock","$1,001 - $15,000",,,
08/22/2023,09/18/2023,Sullivan,Daniel S,Sale (Full),CVX,Chevron Corp,"$1,001 - $15,000",,,
08/22/2023,09/22/2023,Sullivan,Daniel S,Sale (Full),AMZN,"Amazon.com, Inc. - Common Stock","$1,001 - $15,000",,,
08/22/2023,09/18/2023,Sullivan,Daniel S,Sale (Full),MSFT,Microsoft Corp,"$50,001 - $100,000",,,
08/22/2023,09/05/2023,Carper,Thomas R,Purchase,ROK,Rockwell Automation Inc,"$1,001 - $15,000",,,
08/22/2023,09/22/2023,Sullivan,Daniel S,Sale (Full),JNJ,Johnson & Johnson,"$1,001 - $15,000",,,
08/22/2023,09/22/2023,Sullivan,Daniel S,Sale (Full),MA,Mastercard Inc,"$1,001 - $15,000",,,
08/22/2023,09/22/2023,Sullivan,Daniel S,Sale (Full),CHD,"Church & Dwight Company, Inc. Common Stock","$1,001 - $15,000",,,
08/22/2023,09/15/2023,Capito,Shelley M,Sale (Partial),LOW,Lowe's Companies,"$1,001 - $15,000",,,
08/22/2023,09/22/2023,Sullivan,Daniel S,Sale (Full),LRCX,Lam Research Corp,"$1,001 - $15,000",,,
08/22/2023,09/18/2023,Sullivan,Daniel S,Sale (Full),PXD,Pioneer Natural Resources Company,"$1,001 - $15,000",,,
08/22/2023,09/15/2023,Capito,Shelley M,Sale (Partial),MSFT,Microsoft Corp,"$1,001 - $15,000",,,
08/22/2023,09/18/2023,Sullivan,Daniel S,Sale (Full),MA,Mastercard Inc,"$1,001 - $15,000",,,
08/22/2023,09/18/2023,Sullivan,Daniel S,Sale (Full),BKNG,Booking Holdings Inc,"$1,001 - $15,000",,,
08/22/2023,09/18/2023,Sullivan,Daniel S,Sale (Full),NTRS,Northern Trust Corp,"$1,001 - $15,000",,,
08/22/2023,09/22/2023,Sullivan,Daniel S,Sale (Full),MSFT,Microsoft Corp,"$50,001 - $100,000",,,
08/18/2023,09/05/2023,Carper,Thomas R,Sale (Full),PSQ,ProShares Short QQQ,"$1,001 - $15,000",,,
08/18/2023,09/15/2023,Tuberville,Thomas H,Purchase,INTC,Intel Corp,"$1,001 - $15,000",Put,30.00,09/15/2023
08/16/2023,09/05/2023,Carper,Thomas R,Purchase,XCEM,Columbia EM Core Ex-China ETF,"$1,001 - $15,000",,,
08/16/2023,09/05/2023,Carper,Thomas R,Sale (Full),JHEM,John Hancock Multifactor Emerging Markets ETF,"$1,001 - $15,000",,,
08/15/2023,09/15/2023,Scott,Rick,Sale (Full),WTT,Wireless Telecom Group Inc,"$1,000,001 - $5,000,000",,,
08/15/2023,09/15/2023,Scott,Rick,Sale (Full),WTT,Wireless Telecom Group Inc,"$500,001 - $1,000,000",,,
08/15/2023,09/05/2023,Carper,Thomas R,Sale (Full),BAH,Booz Allen Hamilton Holding Corp,"$1,001 - $15,000",,,
08/14/2023,09/15/2023,Tuberville,Thomas H,Purchase,F,Ford Motor Company,"$1,001 - $15,000",Call,14.35,06/21/2024
08/14/2023,09/15/2023,Tuberville,Thomas H,Sale (Full),F,Ford Motor Company,"$100,001 - $250,000",,,
08/10/2023,09/05/2023,Carper,Thomas R,Purchase,SOFI,Sofi Technologies Inc,"$1,001 - $15,000",,,
08/10/2023,09/05/2023,Carper,Thomas R,Sale (Full),RMBS,Rambus Inc,"$1,001 - $15,000",,,
08/08/2023,09/12/2023,Warner,Mark R,Sale (Full),ROAD,"Construction Partners, Inc. - Common Stock","$250,001 - $500,000",,,
08/04/2023,09/05/2023,Carper,Thomas R,Sale (Full),FTNT,Fortinet Inc,"$1,001 - $15,000",,,
08/02/2023,09/15/2023,Capito,Shelley M,Sale (Partial),FDS,Factset Research Systems Inc,"$1,001 - $15,000",,,
08/02/2023,09/15/2023,Capito,Shelley M,Sale (Partial),AFL,Aflac Inc,"$1,001 - $15,000",,,
07/27/2023,08/14/2023,Tuberville,Thomas H,Sale (Full),CCL,Carnival Corporation Common Stock,"$1,001 - $15,000",Put,17.50,06/21/2024
07/25/2023,08/14/2023,Tuberville,Thomas H,Purchase,VZ,Verizon Communications Inc. Common Stock,"$1,001 - $15,000",,,
07/25/2023,08/14/2023,Tuberville,Thomas H,Purchase,WBA,"Walgreens Boots Alliance, Inc. - Common Stock","$1,001 - $15,000",,,
07/25/2023,08/14/2023,Tuberville,Thomas H,Purchase,HUMA,"Humacyte, Inc. - Common Stock","$1,001 - $15,000",,,
07/25/2023,08/14/2023,Tuberville,Thomas H,Purchase,UAA,"Under Armour, Inc. Class A Common Stock","$1,001 - $15,000",,,
07/25/2023,08/14/2023,Tuberville,Thomas H,Purchase,MMM,3M Company,"$1,001 - $15,000",,,
07/25/2023,08/14/2023,Tuberville,Thomas H,Purchase,FGBI,"First Guaranty Bancshares, Inc. - Common Stock","$1,001 - $15,000",,,
07/25/2023,08/14/2023,Tuberville,Thomas H,Purchase,PFE,"Pfizer, Inc. Common Stock","$1,001 - $15,000",,,
07/25/2023,08/14/2023,Tuberville,Thomas H,Sale (Full),CLF,Cleveland-Cliffs Inc. Common Stock,"$1,001 - $15,000",Call,18.00,10/20/2023
07/25/2023,08/14/2023,Tuberville,Thomas H,Purchase,KEY,KeyCorp Common Stock,"$1,001 - $15,000",,,
07/24/2023,08/14/2023,Tuberville,Thomas H,Purchase,CLF,Cleveland-Cliffs Inc,"$50,001 - $100,000",,,
07/24/2023,08/14/2023,Tuberville,Thomas H,Sale (Full),PG,Procter & Gamble Company (The) Common Stock,"$1,001 - $15,000",Put,145.00,06/21/2024
07/19/2023,08/14/2023,Tuberville,Thomas H,Sale (Full),TXN,Texas Instruments Incorporated - Common Stock,"$1,001 - $15,000",Put,180.00,06/21/2024
07/13/2023,08/02/2023,Carper,Thomas R,Sale (Full),HDGE,Ranger Equity Bear Bear ETF,"$1,001 - $15,000",,,
07/13/2023,08/14/2023,Tuberville,Thomas H,Sale (Full),LPX,Louisiana-Pacific Corporation Common Stock,"$1,001 - $15,000",Put,77.50,02/16/2024
07/13/2023,08/02/2023,Carper,Thomas R,Sale (Full),HDGE,Ranger Equity Bear Bear ETF,"$15,001 - $50,000",,,
07/13/2023,08/02/2023,Carper,Thomas R,Purchase,PSQ,ProShares Short QQQ,"$1,001 - $15,000",,,
07/10/2023,08/02/2023,Carper,Thomas R,Purchase,VZ,Verizon Communications Inc,"$1,001 - $15,000",,,
07/10/2023,08/02/2023,Carper,Thomas R,Purchase,FNF,Fidelity National Financial,"$1,001 - $15,000",,,
06/29/2023,07/14/2023,Tuberville,Thomas H,Sale (Partial),CLF,Cleveland-Cliffs Inc. Common Stock,"$1,001 - $15,000",Call,17.00,09/15/2023
06/22/2023,07/17/2023,Capito,Shelley M,Sale (Partial),MSFT,Microsoft Corporation - Common Stock,"$1,001 - $15,000",,,
06/20/2023,07/14/2023,Tuberville,Thomas H,Sale (Full),X,United States Steel Corporation Common Stock,"$50,001 - $100,000",,,
06/20/2023,07/14/2023,Tuberville,Thomas H,Purchase,CLF,Cleveland-Cliffs Inc. Common Stock,"$15,001 - $50,000",,,
06/20/2023,06/30/2023,Carper,Thomas R,Sale (Full),ETN,"Eaton Corporation, PLC Ordinary Shares","$1,001 - $15,000",,,
06/20/2023,07/14/2023,Tuberville,Thomas H,Sale (Full),MSFT,Microsoft Corporation - Common Stock,"$250,001 - $500,000",,,
06/20/2023,06/30/2023,Carper,Thomas R,Purchase,TT,Trane Technologies plc,"$1,001 - $15,000",,,
06/14/2023,07/17/2023,Capito,Shelley M,Sale (Full),CLX,Clorox Company (The) Common Stock,"$1,001 - $15,000",,,
06/14/2023,07/17/2023,Capito,Shelley M,Purchase,NKE,"Nike, Inc. Common Stock","$1,001 - $15,000",,,
06/14/2023,07/17/2023,Capito,Shelley M,Purchase,AAPL,Apple Inc. - Common Stock,"$1,001 - $15,000",,,
06/14/2023,07/14/2023,Tuberville,Thomas H,Sale (Partial),X,United States Steel Corporation Common Stock,"$15,001 - $50,000",Put,23.00,06/21/2024
06/14/2023,07/14/2023,Tuberville,Thomas H,Sale (Partial),X,United States Steel Corporation Common Stock,"$1,001 - $15,000",Call,25.00,06/21/2024
06/13/2023,07/14/2023,Tuberville,Thomas H,Sale (Partial),CCL,Carnival Corporation Common Stock,"$1,001 - $15,000",Put,15.00,01/19/2024
06/13/2023,07/14/2023,Tuberville,Thomas H,Sale (Partial),TSLA,"Tesla, Inc.  - Common Stock","$1,001 - $15,000",Put,190.00,12/15/2023
06/13/2023,07/14/2023,Tuberville,Thomas H,Purchase,WBA,"Walgreens Boots Alliance, Inc. - Common Stock","$15,001 - $50,000",,,
06/13/2023,07/14/2023,Tuberville,Thomas H,Purchase,UAA,"Under Armour, Inc. Class A Common Stock","$1,001 - $15,000",,,
06/12/2023,07/14/2023,Tuberville,Thomas H,Purchase,WBA,"Walgreens Boots Alliance, Inc. - Common Stock","$1,001 - $15,000",,,
06/12/2023,07/14/2023,Tuberville,Thomas H,Purchase,KEY,KeyCorp Common Stock,"$1,001 - $15,000",,,
06/12/2023,07/17/2023,Capito,Shelley M,Sale (Full),AMGN,Amgen Inc. - Common Stock,"$1,001 - $15,000",,,
06/12/2023,07/14/2023,Tuberville,Thomas H,Sale (Partial),DVA,DaVita Inc. Common Stock,"$1,001 - $15,000",Put,92.50,01/19/2024
06/12/2023,07/14/2023,Tuberville,Thomas H,Purchase,CVX,Chevron Corporation Common Stock,"$1,001 - $15,000",Put,155.00,06/16/2023
06/12/2023,07/17/2023,Capito,Shelley M,Sale (Full),CB,Chubb Limited  Common Stock,"$1,001 - $15,000",,,
06/12/2023,07/17/2023,Capito,Shelley M,Sale (Partial),MSFT,Microsoft Corporation - Common Stock,"$15,001 - $50,000",,,
06/12/2023,07/14/2023,Tuberville,Thomas H,Purchase,PFE,"Pfizer, Inc. Common Stock","$1,001 - $15,000",,,
06/12/2023,07/14/2023,Tuberville,Thomas H,Purchase,FGBI,"First Guaranty Bancshares, Inc. - Common Stock","$1,001 - $15,000",,,
06/12/2023,07/14/2023,Tuberville,Thomas H,Purchase,FITB,Fifth Third Bancorp - Common Stock,"$1,001 - $15,000",,,
06/12/2023,07/14/2023,Tuberville,Thomas H,Purchase,CFG,"Citizens Financial Group, Inc. Common Stock","$1,001 - $15,000",,,
06/09/2023,07/14/2023,Tuberville,Thomas H,Sale (Partial),COF,Capital One Financial Corporation Common Stock,"$1,001 - $15,000",Put,110.00,01/19/2024
06/09/2023,06/15/2023,Hickenlooper,John W,Sale (Partial),SIRI,Sirius XM Holdings Inc. - Common Stock,"$15,001 - $50,000",,,
06/08/2023,07/14/2023,Tuberville,Thomas H,Sale (Partial),X,United States Steel Corporation Common Stock,"$1,001 - $15,000",Put,20.00,06/21/2024
06/08/2023,07/14/2023,Tuberville,Thomas H,Purchase,QCOM,QUALCOMM Incorporated - Common Stock,"$1,001 - $15,000",,,
06/07/2023,07/17/2023,Capito,Shelley M,Sale (Partial),WMT,Walmart Inc. Common Stock,"$1,001 - $15,000",,,
06/06/2023,07/14/2023,Tuberville,Thomas H,Purchase,QCOM,QUALCOMM Incorporated - Common Stock,"$50,001 - $100,000",,,
06/06/2023,06/30/2023,Peters,Gary C,Purchase,IFF,"Internationa Flavors & Fragrances, Inc. Common Sto","$1,001 - $15,000",,,
06/05/2023,07/14/2023,Tuberville,Thomas H,Sale (Partial),QCOM,QUALCOMM Incorporated - Common Stock,"$1,001 - $15,000",Call,125.00,10/20/2023
06/05/2023,07/14/2023,Tuberville,Thomas H,Sale (Partial),CVX,Chevron Corporation Common Stock,"$1,001 - $15,000",Put,150.00,12/15/2023
06/05/2023,06/14/2023,"McConnell, Jr.",A. Mitchell,Purchase,WFC,Wells Fargo & Company Common Stock,"$1,001 - $15,000",,,
06/02/2023,07/14/2023,Tuberville,Thomas H,Purchase,QCOM,QUALCOMM Incorporated - Common Stock,"$100,001 - $250,000",,,
06/01/2023,07/14/2023,Tuberville,Thomas H,Purchase,QCOM,QUALCOMM Incorporated - Common Stock,"$100,001 - $250,000",,,
06/01/2023,07/14/2023,Tuberville,Thomas H,Purchase,CLF,Cleveland-Cliffs Inc. Common Stock,"$15,001 - $50,000",,,
05/26/2023,06/15/2023,Hickenlooper,John W,Sale (Partial),CMG,"Chipotle Mexican Grill, Inc. Common Stock","$100,001 - $250,000",,,
05/25/2023,06/15/2023,Tuberville,Thomas H,Sale (Partial),CLF,Cleveland-Cliffs Inc. Common Stock,"$1,001 - $15,000",Call,17.00,06/21/2024
05/25/2023,06/15/2023,Tuberville,Thomas H,Sale (Partial),CLF,Cleveland-Cliffs Inc. Common Stock,"$1,001 - $15,000",Call,18.00,01/19/2024
05/25/2023,06/30/2023,Carper,Thomas R,Sale (Partial),NVDA,NVIDIA Corporation - Common Stock,"$1,001 - $15,000",,,
05/25/2023,06/15/2023,Tuberville,Thomas H,Purchase,CLF,Cleveland-Cliffs Inc. Common Stock,"$15,001 - $50,000",,,
05/24/2023,06/15/2023,Tuberville,Thomas H,Purchase,V,Visa Inc.,"$1,001 - $15,000",Put,210.00,09/15/2023
05/24/2023,06/15/2023,Tuberville,Thomas H,Purchase,CLF,Cleveland-Cliffs Inc. Common Stock,"$1,001 - $15,000",,,
05/23/2023,06/15/2023,Tuberville,Thomas H,Sale (Partial),PYPL,"PayPal Holdings, Inc. - Common Stock","$15,001 - $50,000",Call,77.50,06/21/2024
05/23/2023,06/15/2023,Tuberville,Thomas H,Sale (Partial),PYPL,"PayPal Holdings, Inc. - Common Stock","$15,001 - $50,000",Put,75.00,06/21/2024
05/23/2023,06/15/2023,Tuberville,Thomas H,Sale (Partial),PYPL,"PayPal Holdings, Inc. - Common Stock","$1,001 - $15,000",Put,55.00,06/21/2024
05/23/2023,06/15/2023,Tuberville,Thomas H,Sale (Partial),PYPL,"PayPal Holdings, Inc. - Common Stock","$50,001 - $100,000",,,
05/23/2023,06/15/2023,Tuberville,Thomas H,Sale (Partial),PYPL,"PayPal Holdings, Inc. - Common Stock","$100,001 - $250,000",,,
05/22/2023,06/30/2023,Carper,Thomas R,Sale (Full),KEYS,Keysight Technologies Inc. Common Stock,"$1,001 - $15,000",,,
05/22/2023,06/30/2023,Carper,Thomas R,Sale (Full),DIS,Walt Disney Company (The) Common Stock,"$1,001 - $15,000",,,
05/22/2023,06/15/2023,Tuberville,Thomas H,Sale (Partial),OXY,Occidental Petroleum Corporation Common Stock,"$1,001 - $15,000",Call,65.00,11/17/2023
05/22/2023,06/15/2023,Tuberville,Thomas H,Purchase,OXY,Occidental Petroleum Corporation Common Stock,"$15,001 - $50,000",,,
05/22/2023,06/30/2023,Carper,Thomas R,Purchase,NTLA,"Intellia Therapeutics, Inc. - Common Stock","$1,001 - $15,000",,,
05/22/2023,06/30/2023,Carper,Thomas R,Purchase,BAH,Booz Allen Hamilton Holding Corporation Common Sto,"$1,001 - $15,000",,,
05/19/2023,06/15/2023,Tuberville,Thomas H,Sale (Partial),AAPL,Apple Inc. - Common Stock,"$1,001 - $15,000",Put,165.00,03/15/2024
05/19/2023,06/15/2023,Tuberville,Thomas H,Sale (Partial),OXY,Occidental Petroleum Corporation Common Stock,"$1,001 - $15,000",Put,57.50,11/17/2023
05/19/2023,06/15/2023,Tuberville,Thomas H,Sale (Partial),X,United States Steel Corporation Common Stock,"$1,001 - $15,000",Put,20.00,10/20/2023
05/19/2023,06/20/2023,"King, Jr.",Angus S,Sale (Full),MMM,3M Company Common Stock,"$1,001 - $15,000",,,
05/18/2023,06/15/2023,Tuberville,Thomas H,Sale (Partial),CLF,Cleveland-Cliffs Inc. Common Stock,"$1,001 - $15,000",Call,19.00,01/19/2024
05/17/2023,06/15/2023,Tuberville,Thomas H,Sale (Partial),F,Ford Motor Company Common Stock,"$1,001 - $15,000",Call,14.35,06/21/2024
05/17/2023,06/15/2023,Tuberville,Thomas H,Sale (Partial),CLX,Clorox Company (The) Common Stock,"$1,001 - $15,000",Put,155.00,01/19/2024
05/17/2023,06/15/2023,Tuberville,Thomas H,Sale (Partial),CLF,Cleveland-Cliffs Inc. Common Stock,"$1,001 - $15,000",Call,20.00,06/21/2024
05/11/2023,06/15/2023,Tuberville,Thomas H,Purchase,PYPL,"PayPal Holdings, Inc. - Common Stock","$250,001 - $500,000",,,
05/10/2023,06/14/2023,Capito,Shelley M,Sale (Partial),--,Wells Fargo & Company Common Stock,"$1,001 - $15,000",,,
05/10/2023,06/15/2023,Hickenlooper,John W,Sale (Full),VZ,Verizon Communications Inc. Common Stock,"$100,001 - $250,000",,,
05/10/2023,06/15/2023,Hickenlooper,John W,Sale (Full),AMT,American Tower Corporation (REIT) Common Stock,"$100,001 - $250,000",,,
05/10/2023,06/14/2023,Capito,Shelley M,Sale (Partial),C,"Citigroup, Inc. Common Stock","$1,001 - $15,000",,,
05/10/2023,06/14/2023,Capito,Shelley M,Sale (Partial),XOM,Exxon Mobil Corporation Common Stock,"$1,001 - $15,000",,,
05/10/2023,06/15/2023,Hickenlooper,John W,Sale (Full),INTC,Intel Corporation - Common Stock,"$100,001 - $250,000",,,
05/10/2023,06/14/2023,Capito,Shelley M,Sale (Full),BMY,Bristol-Myers Squibb Company Common Stock,"$1,001 - $15,000",,,
05/10/2023,06/15/2023,Tuberville,Thomas H,Purchase,PYPL,"PayPal Holdings, Inc. - Common Stock","$250,001 - $500,000",,,
05/09/2023,06/30/2023,Carper,Thomas R,Sale (Full),PYPL,"PayPal Holdings, Inc. - Common Stock","$1,001 - $15,000",,,
05/08/2023,06/15/2023,Tuberville,Thomas H,Purchase,QCOM,QUALCOMM Incorporated - Common Stock,"$1,001 - $15,000",,,
05/08/2023,06/15/2023,Tuberville,Thomas H,Purchase,WBA,"Walgreens Boots Alliance, Inc. - Common Stock","$1,001 - $15,000",,,
05/08/2023,06/15/2023,Tuberville,Thomas H,Sale (Partial),X,United States Steel Corporation Common Stock,"$1,001 - $15,000",Put,20.00,06/21/2024
05/08/2023,06/15/2023,Tuberville,Thomas H,Purchase,NU,Nu Holdings Ltd. Class A Ordinary Shares,"$15,001 - $50,000",,,
05/08/2023,06/15/2023,Tuberville,Thomas H,Purchase,FITB,Fifth Third Bancorp - Common Stock,"$1,001 - $15,000",,,
05/08/2023,06/15/2023,Tuberville,Thomas H,Purchase,KEY,KeyCorp Common Stock,"$1,001 - $15,000",,,
05/08/2023,06/15/2023,Tuberville,Thomas H,Sale (Partial),GOLD,Barrick Gold Corporation Common Stock (BC),"$1,001 - $15,000",Call,22.00,12/15/2023
05/08/2023,06/15/2023,Tuberville,Thomas H,Purchase,CFG,"Citizens Financial Group, Inc. Common Stock","$1,001 - $15,000",,,
05/08/2023,06/15/2023,Tuberville,Thomas H,Sale (Partial),CLX,Clorox Company (The) Common Stock,"$1,001 - $15,000",Put,160.00,10/20/2023
05/08/2023,06/15/2023,Tuberville,Thomas H,Purchase,RF,Regions Financial Corporation Common Stock,"$1,001 - $15,000",,,
05/08/2023,06/15/2023,Tuberville,Thomas H,Sale (Partial),PG,Procter & Gamble Company (The) Common Stock,"$1,001 - $15,000",Put,150.00,01/19/2024
05/08/2023,06/15/2023,Tuberville,Thomas H,Sale (Partial),GOLD,Barrick Gold Corporation Common Stock (BC),"$1,001 - $15,000",Put,19.00,12/15/2023
05/08/2023,06/15/2023,Tuberville,Thomas H,Purchase,FGBI,"First Guaranty Bancshares, Inc. - Common Stock","$1,001 - $15,000",,,
05/01/2023,05/15/2023,Hickenlooper,John W,Sale (Partial),CMG,"Chipotle Mexican Grill, Inc. Common Stock","$100,001 - $250,000",,,
04/28/2023,05/11/2023,Tuberville,Thomas H,Purchase,F,Ford Motor Company Common Stock,"$15,001 - $50,000",,,
04/28/2023,05/11/2023,Tuberville,Thomas H,Sale (Partial),CLF,Cleveland-Cliffs Inc. Common Stock,"$1,001 - $15,000",Call,17.00,06/21/2024
04/28/2023,05/11/2023,Tuberville,Thomas H,Sale (Partial),CLF,Cleveland-Cliffs Inc. Common Stock,"$1,001 - $15,000",Call,17.00,01/19/2024
04/28/2023,05/15/2023,Hickenlooper,John W,Sale (Full),PTON,"Peloton Interactive, Inc. - Common Stock","$1,001 - $15,000",,,
04/28/2023,05/15/2023,Hickenlooper,John W,Sale (Full),CCCS,CCC Intelligent Solutions Holdings Inc. Common Sto,"$15,001 - $50,000",,,
04/28/2023,05/15/2023,Hickenlooper,John W,Sale (Full),PINS,"Pinterest, Inc. Class A Common Stock","$1,001 - $15,000",,,
04/28/2023,05/15/2023,Hickenlooper,John W,Sale (Full),CMCSA,Comcast Corporation - Class A Common Stock,"$15,001 - $50,000",,,
04/28/2023,05/15/2023,Hickenlooper,John W,Sale (Full),TTD,"The Trade Desk, Inc. - Class A Common Stock","$15,001 - $50,000",,,
04/28/2023,05/15/2023,Hickenlooper,John W,Sale (Full),BABA,Alibaba Group Holding Limited American Depositary,"$1,001 - $15,000",,,
04/28/2023,05/12/2023,Tuberville,Thomas H,Purchase,F,Ford Motor Company Common Stock,"$15,001 - $50,000",,,
04/28/2023,05/12/2023,Tuberville,Thomas H,Sale (Partial),CLF,Cleveland-Cliffs Inc. Common Stock,"$1,001 - $15,000",Put,15.00,01/19/2024
04/28/2023,05/15/2023,Hickenlooper,John W,Sale (Full),SNAP,Snap Inc. Class A Common Stock,"$1,001 - $15,000",,,
04/28/2023,05/12/2023,Tuberville,Thomas H,Sale (Partial),CLF,Cleveland-Cliffs Inc. Common Stock,"$1,001 - $15,000",Call,17.00,01/19/2024
04/28/2023,05/15/2023,Hickenlooper,John W,Sale (Full),DIS,Walt Disney Company (The) Common Stock,"$15,001 - $50,000",,,
04/28/2023,05/11/2023,Tuberville,Thomas H,Sale (Partial),CLF,Cleveland-Cliffs Inc. Common Stock,"$1,001 - $15,000",Put,15.00,01/19/2024
04/28/2023,05/12/2023,Tuberville,Thomas H,Sale (Partial),CLF,Cleveland-Cliffs Inc. Common Stock,"$1,001 - $15,000",Call,17.00,06/21/2024
04/28/2023,05/15/2023,Hickenlooper,John W,Sale (Full),AMZN,"Amazon.com, Inc. - Common Stock","$15,001 - $50,000",,,
04/27/2023,05/12/2023,Tuberville,Thomas H,Purchase,F,Ford Motor Company Common Stock,"$100,001 - $250,000",,,
04/27/2023,05/11/2023,Tuberville,Thomas H,Purchase,F,Ford Motor Company Common Stock,"$100,001 - $250,000",,,
04/26/2023,05/12/2023,Tuberville,Thomas H,Purchase,F,Ford Motor Company Common Stock,"$15,001 - $50,000",,,
04/26/2023,05/12/2023,Tuberville,Thomas H,Sale (Full),ATVI,"Activision Blizzard, Inc - Common Stock","$100,001 - $250,000",,,
04/26/2023,05/11/2023,Tuberville,Thomas H,Purchase,F,Ford Motor Company Common Stock,"$15,001 - $50,000",,,
04/26/2023,05/01/2023,Carper,Thomas R,Sale (Partial),TMO,Thermo Fisher Scientific Inc Common Stock,"$1,001 - $15,000",,,
04/26/2023,05/01/2023,Carper,Thomas R,Purchase,NVS,Novartis AG Common Stock,"$1,001 - $15,000",,,
04/26/2023,05/11/2023,Tuberville,Thomas H,Sale (Full),ATVI,"Activision Blizzard, Inc - Common Stock","$100,001 - $250,000",,,
04/24/2023,05/12/2023,Tuberville,Thomas H,Sale (Partial),CLF,Cleveland-Cliffs Inc. Common Stock,"$1,001 - $15,000",Put,16.00,01/19/2024
04/24/2023,05/12/2023,Tuberville,Thomas H,Sale (Partial),X,United States Steel Corporation Common Stock,"$50,001 - $100,000",,,
04/24/2023,05/11/2023,Tuberville,Thomas H,Sale (Partial),CLF,Cleveland-Cliffs Inc. Common Stock,"$1,001 - $15,000",Put,16.00,01/19/2024
04/24/2023,05/12/2023,Tuberville,Thomas H,Sale (Partial),CLF,Cleveland-Cliffs Inc. Common Stock,"$1,001 - $15,000",Call,18.00,01/19/2024
04/24/2023,05/11/2023,Tuberville,Thomas H,Sale (Partial),X,United States Steel Corporation Common Stock,"$50,001 - $100,000",,,
04/24/2023,05/12/2023,Tuberville,Thomas H,Sale (Partial),X,United States Steel Corporation Common Stock,"$100,001 - $250,000",,,
04/24/2023,05/11/2023,Tuberville,Thomas H,Sale (Partial),CLF,Cleveland-Cliffs Inc. Common Stock,"$1,001 - $15,000",Call,18.00,01/19/2024
04/24/2023,05/11/2023,Tuberville,Thomas H,Sale (Partial),X,United States Steel Corporation Common Stock,"$100,001 - $250,000",,,
04/24/2023,05/11/2023,Tuberville,Thomas H,Purchase,CLF,Cleveland-Cliffs Inc. Common Stock,"$15,001 - $50,000",,,
04/24/2023,05/12/2023,Tuberville,Thomas H,Purchase,CLF,Cleveland-Cliffs Inc. Common Stock,"$15,001 - $50,000",,,
04/18/2023,05/17/2023,Whitehouse,Sheldon,Sale (Full),ESS,"Essex Property Trust, Inc. Common Stock","$1,001 - $15,000",,,
04/18/2023,05/11/2023,Tuberville,Thomas H,Sale (Partial),OXY,Occidental Petroleum Corporation Common Stock,"$1,001 - $15,000",Put,60.00,06/21/2024
04/18/2023,05/12/2023,Tuberville,Thomas H,Sale (Partial),OXY,Occidental Petroleum Corporation Common Stock,"$1,001 - $15,000",Put,60.00,06/21/2024
04/17/2023,05/01/2023,Carper,Thomas R,Sale (Full),FDN,First Trust Dow Jones Internet ETF,"$1,001 - $15,000",,,
04/17/2023,05/01/2023,Carper,Thomas R,Sale (Full),AVNT,Avient Corporation Common Stock,"$1,001 - $15,000",,,
04/17/2023,05/01/2023,Carper,Thomas R,Sale (Full),BRKR,Bruker Corporation - Common Stock,"$1,001 - $15,000",,,
04/17/2023,05/01/2023,Carper,Thomas R,Sale (Full),DIOD,Diodes Incorporated - Common Stock,"$1,001 - $15,000",,,
04/17/2023,05/01/2023,Carper,Thomas R,Sale (Full),DGRS,WisdomTree U.S. SmallCap Quality Dividend Growth F,"$1,001 - $15,000",,,
04/17/2023,05/01/2023,Carper,Thomas R,Sale (Full),MRVL,Marvell Technology Group Ltd. - Common Stock,"$1,001 - $15,000",,,
04/17/2023,05/01/2023,Carper,Thomas R,Sale (Full),VSH,"Vishay Intertechnology, Inc. Common Stock","$1,001 - $15,000",,,
04/17/2023,05/01/2023,Carper,Thomas R,Sale (Full),ALGM,"Allegro MicroSystems, Inc. - Common Stock","$1,001 - $15,000",,,
04/17/2023,05/01/2023,Carper,Thomas R,Sale (Full),JHMM,John Hancock Multifactor Mid Cap ETF,"$1,001 - $15,000",,,
04/17/2023,05/01/2023,Carper,Thomas R,Sale (Full),SBIO,Alps Medical Breakthroughs ETF,"$1,001 - $15,000",,,
04/17/2023,05/01/2023,Carper,Thomas R,Sale (Full),SNDR,"Schneider National, Inc. Common Stock","$1,001 - $15,000",,,
04/17/2023,05/01/2023,Carper,Thomas R,Sale (Full),FIMKX,Fidelity Advisor Emerging Markets Fund Class I,"$1,001 - $15,000",,,
04/17/2023,05/01/2023,Carper,Thomas R,Sale (Full),RTH,VanEck Retail ETF,"$1,001 - $15,000",,,
04/17/2023,05/01/2023,Carper,Thomas R,Sale (Full),FCPIX,Fidelity Advisor International Capital Appreciat,"$1,001 - $15,000",,,
04/17/2023,05/01/2023,Carper,Thomas R,Sale (Full),LGI,Lazard Global Total Return and Income Fund Common,"$1,001 - $15,000",,,
04/14/2023,05/12/2023,Tuberville,Thomas H,Purchase,MMM,3M Company Common Stock,"$1,001 - $15,000",,,
04/14/2023,05/11/2023,Tuberville,Thomas H,Purchase,MMM,3M Company Common Stock,"$1,001 - $15,000",,,
04/14/2023,05/12/2023,Tuberville,Thomas H,Sale (Partial),KMB,Kimberly-Clark Corporation Common Stock,"$1,001 - $15,000",Put,135.00,10/20/2023
04/14/2023,05/11/2023,Tuberville,Thomas H,Sale (Partial),KMB,Kimberly-Clark Corporation Common Stock,"$1,001 - $15,000",Put,135.00,10/20/2023
04/14/2023,05/11/2023,Tuberville,Thomas H,Sale (Partial),MRO,Marathon Oil Corporation Common Stock,"$1,001 - $15,000",Put,25.00,09/15/2023
04/14/2023,05/12/2023,Tuberville,Thomas H,Sale (Partial),MRO,Marathon Oil Corporation Common Stock,"$1,001 - $15,000",Put,25.00,09/15/2023
04/13/2023,05/01/2023,Carper,Thomas R,Sale (Full),UAA,"Under Armour, Inc. Class A Common Stock","$1,001 - $15,000",,,
04/13/2023,05/01/2023,Carper,Thomas R,Sale (Full),UA,"Under Armour, Inc. Class C Common Stock","$1,001 - $15,000",,,
04/13/2023,05/01/2023,Carper,Thomas R,Sale (Full),CSCO,"Cisco Systems, Inc. - Common Stock","$15,001 - $50,000",,,
04/12/2023,05/15/2023,Hickenlooper,John W,Sale (Full),CARG,"CarGurus, Inc. - Class A Common Stock","$1,001 - $15,000",,,
04/12/2023,05/15/2023,Hickenlooper,John W,Sale (Full),BBY,"Best Buy Co., Inc. Common Stock","$1,001 - $15,000",,,
04/11/2023,05/01/2023,Duckworth,Ladda Tammy,Sale (Full),ITW,Illinois Tool Works Inc. Common Stock,"$15,001 - $50,000",,,
04/10/2023,05/12/2023,Tuberville,Thomas H,Sale (Partial),HPQ,HP Inc. Common Stock,"$1,001 - $15,000",Put,29.00,11/17/2023
04/10/2023,05/11/2023,Tuberville,Thomas H,Sale (Partial),PARA,Paramount Global - Class B Common Stock,"$1,001 - $15,000",Put,20.00,09/15/2023
04/10/2023,05/11/2023,Tuberville,Thomas H,Sale (Partial),MDLZ,"Mondelez International, Inc. - Class A Common Stoc","$1,001 - $15,000",Put,70.00,01/19/2024
04/10/2023,05/11/2023,Tuberville,Thomas H,Sale (Partial),HPQ,HP Inc. Common Stock,"$1,001 - $15,000",Put,29.00,11/17/2023
04/10/2023,05/12/2023,Tuberville,Thomas H,Sale (Partial),PARA,Paramount Global - Class B Common Stock,"$1,001 - $15,000",Put,20.00,09/15/2023
04/10/2023,05/12/2023,Tuberville,Thomas H,Sale (Partial),MDLZ,"Mondelez International, Inc. - Class A Common Stoc","$1,001 - $15,000",Put,70.00,01/19/2024
04/10/2023,05/12/2023,Tuberville,Thomas H,Sale (Partial),KR,Kroger Company (The) Common Stock,"$1,001 - $15,000",Put,48.00,10/20/2023
04/10/2023,05/11/2023,Tuberville,Thomas H,Sale (Partial),KR,Kroger Company (The) Common Stock,"$1,001 - $15,000",Put,48.00,10/20/2023
04/05/2023,04/19/2023,Smith,Tina,Sale (Full),MDT,Medtronic plc. Ordinary Shares,"$100,001 - $250,000",,,
04/05/2023,04/19/2023,Smith,Tina,Sale (Full),CSII,"Cardiovascular Systems, Inc. - Common Stock","$50,001 - $100,000",,,
04/04/2023,05/11/2023,Tuberville,Thomas H,Sale (Partial),TSLA,"Tesla, Inc.  - Common Stock","$15,001 - $50,000",Put,190.00,12/15/2023
04/04/2023,05/15/2023,Capito,Shelley M,Sale (Partial),MCD,McDonald's Corporation Common Stock,"$1,001 - $15,000",,,
04/04/2023,05/15/2023,Capito,Shelley M,Sale (Full),DUK,Duke Energy Corporation (Holding Company) Common S,"$15,001 - $50,000",,,
04/04/2023,05/12/2023,Tuberville,Thomas H,Sale (Partial),TSLA,"Tesla, Inc.  - Common Stock","$15,001 - $50,000",Put,190.00,12/15/2023
04/04/2023,05/15/2023,Capito,Shelley M,Sale (Full),UPS,"United Parcel Service, Inc. Common Stock","$1,001 - $15,000",,,
04/03/2023,05/12/2023,Tuberville,Thomas H,Purchase,NSC,Norfolk Southern Corporation Common Stock,"$1,001 - $15,000",,,
04/03/2023,05/12/2023,Tuberville,Thomas H,Sale (Full),MCO,Moody's Corporation Common Stock,"$1,001 - $15,000",,,
04/03/2023,05/12/2023,Tuberville,Thomas H,Purchase,QSR,Restaurant Brands International Inc,"$1,001 - $15,000",,,
04/03/2023,05/12/2023,Tuberville,Thomas H,Purchase,PAM,Pampa Energia S.A. Pampa Energia S.A.,"$1,001 - $15,000",,,
04/03/2023,05/12/2023,Tuberville,Thomas H,Sale (Full),PHM,"PulteGroup, Inc. Common Stock","$1,001 - $15,000",,,
04/03/2023,05/12/2023,Tuberville,Thomas H,Purchase,RRC,Range Resources Corporation Common Stock,"$1,001 - $15,000",,,
04/03/2023,05/12/2023,Tuberville,Thomas H,Sale (Partial),TXN,Texas Instruments Incorporated - Common Stock,"$15,001 - $50,000",Put,180.00,10/20/2023
04/03/2023,05/12/2023,Tuberville,Thomas H,Sale (Full),ITW,Illinois Tool Works Inc. Common Stock,"$1,001 - $15,000",,,
04/03/2023,05/12/2023,Tuberville,Thomas H,Purchase,NDSN,Nordson Corporation - Common Stock,"$1,001 - $15,000",,,
04/03/2023,05/11/2023,Tuberville,Thomas H,Sale (Full),MCO,Moody's Corporation Common Stock,"$1,001 - $15,000",,,
04/03/2023,05/11/2023,Tuberville,Thomas H,Sale (Partial),TXN,Texas Instruments Incorporated - Common Stock,"$15,001 - $50,000",Put,180.00,10/20/2023
04/03/2023,05/12/2023,Tuberville,Thomas H,Sale (Full),MTD,"Mettler-Toledo International, Inc. Common Stock","$1,001 - $15,000",,,
04/03/2023,05/12/2023,Tuberville,Thomas H,Sale (Full),AMT,American Tower Corporation (REIT) Common Stock,"$1,001 - $15,000",,,
04/03/2023,05/11/2023,Tuberville,Thomas H,Purchase,NDSN,Nordson Corporation - Common Stock,"$1,001 - $15,000",,,
04/03/2023,05/12/2023,Tuberville,Thomas H,Sale (Full),MMC,"Marsh & McLennan Companies, Inc. Common Stock","$1,001 - $15,000",,,
04/03/2023,05/12/2023,Tuberville,Thomas H,Sale (Full),MKSI,"MKS Instruments, Inc. - Common Stock","$1,001 - $15,000",,,
04/03/2023,05/12/2023,Tuberville,Thomas H,Purchase,REGN,"Regeneron Pharmaceuticals, Inc. - Common Stock","$1,001 - $15,000",,,
04/03/2023,05/11/2023,Tuberville,Thomas H,Sale (Full),TMO,Thermo Fisher Scientific Inc Common Stock,"$1,001 - $15,000",,,
04/03/2023,05/12/2023,Tuberville,Thomas H,Purchase,SSD,"Simpson Manufacturing Company, Inc. Common Stock","$1,001 - $15,000",,,
04/03/2023,05/12/2023,Tuberville,Thomas H,Sale (Full),SCI,Service Corporation International Common Stock,"$1,001 - $15,000",,,
04/03/2023,05/11/2023,Tuberville,Thomas H,Purchase,MMM,3M Company Common Stock,"$1,001 - $15,000",,,
04/03/2023,05/12/2023,Tuberville,Thomas H,Purchase,SKY,Skyline Champion Corporation Common Stock,"$1,001 - $15,000",,,
04/03/2023,05/12/2023,Tuberville,Thomas H,Purchase,MMM,3M Company Common Stock,"$1,001 - $15,000",,,
04/03/2023,05/12/2023,Tuberville,Thomas H,Sale (Partial),MSFT,Microsoft Corporation - Common Stock,"$15,001 - $50,000",Put,250.00,11/17/2023
04/03/2023,05/12/2023,Tuberville,Thomas H,Purchase,GRMN,Garmin Ltd. - Common Stock,"$1,001 - $15,000",,,
04/03/2023,05/12/2023,Tuberville,Thomas H,Sale (Full),TREX,"Trex Company, Inc. Common Stock","$1,001 - $15,000",,,
04/03/2023,05/12/2023,Tuberville,Thomas H,Purchase,NVDA,NVIDIA Corporation - Common Stock,"$1,001 - $15,000",,,
04/03/2023,05/12/2023,Tuberville,Thomas H,Sale (Full),EW,Edwards Lifesciences Corporation Common Stock,"$1,001 - $15,000",,,
04/03/2023,05/12/2023,Tuberville,Thomas H,Purchase,TSLA,"Tesla, Inc.  - Common Stock","$1,001 - $15,000",,,
04/03/2023,05/11/2023,Tuberville,Thomas H,Purchase,XP,XP Inc. - Class A Common Stock,"$1,001 - $15,000",,,
04/03/2023,05/11/2023,Tuberville,Thomas H,Purchase,GRMN,Garmin Ltd. - Common Stock,"$1,001 - $15,000",,,
04/03/2023,05/11/2023,Tuberville,Thomas H,Purchase,VZ,Verizon Communications Inc. Common Stock,"$1,001 - $15,000",,,
04/03/2023,05/11/2023,Tuberville,Thomas H,Sale (Full),TREX,"Trex Company, Inc. Common Stock","$1,001 - $15,000",,,
04/03/2023,05/12/2023,Tuberville,Thomas H,Purchase,XP,XP Inc. - Class A Common Stock,"$1,001 - $15,000",,,
04/03/2023,05/12/2023,Tuberville,Thomas H,Sale (Full),VCTR,"Victory Capital Holdings, Inc. - Common Stock","$1,001 - $15,000",,,
04/03/2023,05/12/2023,Tuberville,Thomas H,Purchase,VZ,Verizon Communications Inc. Common Stock,"$1,001 - $15,000",,,
04/03/2023,05/12/2023,Tuberville,Thomas H,Sale (Full),TMO,Thermo Fisher Scientific Inc Common Stock,"$1,001 - $15,000",,,
04/03/2023,05/11/2023,Tuberville,Thomas H,Sale (Partial),MSFT,Microsoft Corporation - Common Stock,"$15,001 - $50,000",Put,250.00,11/17/2023
04/03/2023,05/11/2023,Tuberville,Thomas H,Purchase,NVDA,NVIDIA Corporation - Common Stock,"$1,001 - $15,000",,,
04/03/2023,05/12/2023,Tuberville,Thomas H,Purchase,IDXX,"IDEXX Laboratories, Inc. - Common Stock","$1,001 - $15,000",,,
04/03/2023,05/11/2023,Tuberville,Thomas H,Purchase,TSLA,"Tesla, Inc.  - Common Stock","$1,001 - $15,000",,,
04/03/2023,05/11/2023,Tuberville,Thomas H,Purchase,RRC,Range Resources Corporation Common Stock,"$1,001 - $15,000",,,
04/03/2023,05/11/2023,Tuberville,Thomas H,Sale (Partial),MPWR,"Monolithic Power Systems, Inc. - Common Stock","$1,001 - $15,000",,,
04/03/2023,05/11/2023,Tuberville,Thomas H,Purchase,PAM,Pampa Energia S.A. Pampa Energia S.A.,"$1,001 - $15,000",,,
04/03/2023,05/11/2023,Tuberville,Thomas H,Purchase,CRUS,"Cirrus Logic, Inc. - Common Stock","$1,001 - $15,000",,,
04/03/2023,05/11/2023,Tuberville,Thomas H,Purchase,AVGO,Broadcom Inc. - Common Stock,"$1,001 - $15,000",,,
04/03/2023,05/11/2023,Tuberville,Thomas H,Purchase,ADSK,"Autodesk, Inc. - Common Stock","$1,001 - $15,000",,,
04/03/2023,05/11/2023,Tuberville,Thomas H,Purchase,APH,Amphenol Corporation Common Stock,"$1,001 - $15,000",,,
04/03/2023,05/12/2023,Tuberville,Thomas H,Purchase,CBSH,"Commerce Bancshares, Inc. - Common Stock","$1,001 - $15,000",,,
04/03/2023,05/11/2023,Tuberville,Thomas H,Sale (Full),VCTR,"Victory Capital Holdings, Inc. - Common Stock","$1,001 - $15,000",,,
04/03/2023,05/11/2023,Tuberville,Thomas H,Purchase,GSK,GSK plc American Depositary Shares (Each represent,"$1,001 - $15,000",,,
04/03/2023,05/11/2023,Tuberville,Thomas H,Purchase,QSR,Restaurant Brands International Inc,"$1,001 - $15,000",,,
04/03/2023,05/11/2023,Tuberville,Thomas H,Sale (Full),PHM,"PulteGroup, Inc. Common Stock","$1,001 - $15,000",,,
04/03/2023,05/11/2023,Tuberville,Thomas H,Sale (Full),SCI,Service Corporation International Common Stock,"$1,001 - $15,000",,,
04/03/2023,05/11/2023,Tuberville,Thomas H,Sale (Full),CROX,"Crocs, Inc. - Common Stock","$1,001 - $15,000",,,
04/03/2023,05/11/2023,Tuberville,Thomas H,Purchase,CBSH,"Commerce Bancshares, Inc. - Common Stock","$1,001 - $15,000",,,
04/03/2023,05/11/2023,Tuberville,Thomas H,Purchase,DIOD,Diodes Incorporated - Common Stock,"$1,001 - $15,000",,,
04/03/2023,05/11/2023,Tuberville,Thomas H,Purchase,GNTX,Gentex Corporation - Common Stock,"$1,001 - $15,000",,,
04/03/2023,05/11/2023,Tuberville,Thomas H,Purchase,REGN,"Regeneron Pharmaceuticals, Inc. - Common Stock","$1,001 - $15,000",,,
04/03/2023,05/11/2023,Tuberville,Thomas H,Purchase,NSC,Norfolk Southern Corporation Common Stock,"$1,001 - $15,000",,,
04/03/2023,05/11/2023,Tuberville,Thomas H,Sale (Full),MKSI,"MKS Instruments, Inc. - Common Stock","$1,001 - $15,000",,,
04/03/2023,05/11/2023,Tuberville,Thomas H,Sale (Full),RH,RH Common Stock,"$1,001 - $15,000",,,
04/03/2023,05/11/2023,Tuberville,Thomas H,Sale (Full),LMST,"Limestone Bancorp, Inc. - Common Stock","$1,001 - $15,000",,,
04/03/2023,05/12/2023,Tuberville,Thomas H,Purchase,ADSK,"Autodesk, Inc. - Common Stock","$1,001 - $15,000",,,
04/03/2023,05/11/2023,Tuberville,Thomas H,Sale (Full),MMC,"Marsh & McLennan Companies, Inc. Common Stock","$1,001 - $15,000",,,
04/03/2023,05/11/2023,Tuberville,Thomas H,Sale (Full),DQ,"DAQO New Energy Corp. American Depositary Shares,","$1,001 - $15,000",,,
04/03/2023,05/11/2023,Tuberville,Thomas H,Sale (Full),EW,Edwards Lifesciences Corporation Common Stock,"$1,001 - $15,000",,,
04/03/2023,05/11/2023,Tuberville,Thomas H,Sale (Full),ETSY,"Etsy, Inc. - Common Stock","$1,001 - $15,000",,,
04/03/2023,05/12/2023,Tuberville,Thomas H,Sale (Full),LMST,"Limestone Bancorp, Inc. - Common Stock","$1,001 - $15,000",,,
04/03/2023,05/11/2023,Tuberville,Thomas H,Sale (Full),FLT,"FleetCor Technologies, Inc. Common Stock","$1,001 - $15,000",,,
04/03/2023,05/11/2023,Tuberville,Thomas H,Sale (Full),GFI,Gold Fields Limited American Depositary Shares,"$1,001 - $15,000",,,
04/03/2023,05/11/2023,Tuberville,Thomas H,Purchase,IDXX,"IDEXX Laboratories, Inc. - Common Stock","$1,001 - $15,000",,,
04/03/2023,05/11/2023,Tuberville,Thomas H,Sale (Full),META,"Meta Platforms, Inc. - Class A Common Stock","$1,001 - $15,000",,,
04/03/2023,05/11/2023,Tuberville,Thomas H,Sale (Full),ITW,Illinois Tool Works Inc. Common Stock,"$1,001 - $15,000",,,
04/03/2023,05/11/2023,Tuberville,Thomas H,Sale (Full),AMT,American Tower Corporation (REIT) Common Stock,"$1,001 - $15,000",,,
04/03/2023,05/11/2023,Tuberville,Thomas H,Purchase,SKY,Skyline Champion Corporation Common Stock,"$1,001 - $15,000",,,
04/03/2023,05/12/2023,Tuberville,Thomas H,Sale (Full),RH,RH Common Stock,"$1,001 - $15,000",,,
04/03/2023,05/12/2023,Tuberville,Thomas H,Sale (Partial),MPWR,"Monolithic Power Systems, Inc. - Common Stock","$1,001 - $15,000",,,
04/03/2023,05/12/2023,Tuberville,Thomas H,Sale (Full),ETSY,"Etsy, Inc. - Common Stock","$1,001 - $15,000",,,
04/03/2023,05/11/2023,Tuberville,Thomas H,Sale (Full),MTD,"Mettler-Toledo International, Inc. Common Stock","$1,001 - $15,000",,,
04/03/2023,05/11/2023,Tuberville,Thomas H,Sale (Partial),ABBV,AbbVie Inc. Common Stock,"$1,001 - $15,000",,,
04/03/2023,05/12/2023,Tuberville,Thomas H,Purchase,APH,Amphenol Corporation Common Stock,"$1,001 - $15,000",,,
04/03/2023,05/12/2023,Tuberville,Thomas H,Purchase,AVGO,Broadcom Inc. - Common Stock,"$1,001 - $15,000",,,
04/03/2023,05/12/2023,Tuberville,Thomas H,Sale (Partial),ABBV,AbbVie Inc. Common Stock,"$1,001 - $15,000",,,
04/03/2023,05/12/2023,Tuberville,Thomas H,Sale (Full),META,"Meta Platforms, Inc. - Class A Common Stock","$1,001 - $15,000",,,
04/03/2023,05/12/2023,Tuberville,Thomas H,Sale (Full),CSCO,"Cisco Systems, Inc. - Common Stock","$15,001 - $50,000",,,
04/03/2023,05/12/2023,Tuberville,Thomas H,Sale (Full),DQ,"DAQO New Energy Corp. American Depositary Shares,","$1,001 - $15,000",,,
04/03/2023,05/11/2023,Tuberville,Thomas H,Sale (Full),ANET,"Arista Networks, Inc. Common Stock","$15,001 - $50,000",,,
04/03/2023,05/12/2023,Tuberville,Thomas H,Purchase,GSK,GSK plc American Depositary Shares (Each represent,"$1,001 - $15,000",,,
04/03/2023,05/12/2023,Tuberville,Thomas H,Sale (Full),ALLE,Allegion plc Ordinary Shares,"$1,001 - $15,000",,,
04/03/2023,05/12/2023,Tuberville,Thomas H,Sale (Full),ANET,"Arista Networks, Inc. Common Stock","$15,001 - $50,000",,,
04/03/2023,05/11/2023,Tuberville,Thomas H,Purchase,SSD,"Simpson Manufacturing Company, Inc. Common Stock","$1,001 - $15,000",,,
04/03/2023,05/11/2023,Tuberville,Thomas H,Sale (Full),CSCO,"Cisco Systems, Inc. - Common Stock","$15,001 - $50,000",,,
04/03/2023,05/12/2023,Tuberville,Thomas H,Purchase,CRUS,"Cirrus Logic, Inc. - Common Stock","$1,001 - $15,000",,,
04/03/2023,05/12/2023,Tuberville,Thomas H,Sale (Full),FLT,"FleetCor Technologies, Inc. Common Stock","$1,001 - $15,000",,,
04/03/2023,05/12/2023,Tuberville,Thomas H,Purchase,A,"Agilent Technologies, Inc. Common Stock","$1,001 - $15,000",,,
04/03/2023,05/11/2023,Tuberville,Thomas H,Sale (Full),ALLE,Allegion plc Ordinary Shares,"$1,001 - $15,000",,,
04/03/2023,05/12/2023,Tuberville,Thomas H,Sale (Full),GFI,Gold Fields Limited American Depositary Shares,"$1,001 - $15,000",,,
04/03/2023,05/12/2023,Tuberville,Thomas H,Purchase,DIOD,Diodes Incorporated - Common Stock,"$1,001 - $15,000",,,
04/03/2023,05/12/2023,Tuberville,Thomas H,Purchase,GNTX,Gentex Corporation - Common Stock,"$1,001 - $15,000",,,
04/03/2023,05/12/2023,Tuberville,Thomas H,Sale (Full),CROX,"Crocs, Inc. - Common Stock","$1,001 - $15,000",,,
03/21/2023,04/12/2023,Tuberville,Thomas H,Sale (Partial),X,United States Steel Corporation Common Stock,"$15,001 - $50,000",,,
03/21/2023,04/12/2023,Tuberville,Thomas H,Purchase,CLF,Cleveland-Cliffs Inc. Common Stock,"$50,001 - $100,000",,,
03/21/2023,04/12/2023,Tuberville,Thomas H,Sale (Partial),X,United States Steel Corporation Common Stock,"$1,001 - $15,000",,,
03/21/2023,04/12/2023,Tuberville,Thomas H,Purchase,TSM,Taiwan Semiconductor Manufacturing Company Ltd.,"$1,001 - $15,000",Put,75.00,09/15/2023
03/21/2023,04/12/2023,Tuberville,Thomas H,Sale (Partial),X,United States Steel Corporation Common Stock,"$50,001 - $100,000",,,
03/21/2023,04/12/2023,Tuberville,Thomas H,Sale (Partial),CLF,Cleveland-Cliffs Inc. Common Stock,"$1,001 - $15,000",Put,18.00,10/20/2023
03/21/2023,04/12/2023,Tuberville,Thomas H,Sale (Partial),CLF,Cleveland-Cliffs Inc. Common Stock,"$1,001 - $15,000",Call,21.00,10/20/2023
03/20/2023,04/13/2023,"King, Jr.",Angus S,Sale (Full),USB,U.S. Bancorp Common Stock,"$1,001 - $15,000",,,
03/20/2023,04/13/2023,Hickenlooper,John W,Sale (Partial),LBRDK,Liberty Broadband Corporation - Class C Common Sto,"$15,001 - $50,000",,,
03/20/2023,04/13/2023,Hickenlooper,John W,Sale (Partial),LTRPA,"Liberty TripAdvisor Holdings, Inc. - Series A Comm","$1,001 - $15,000",,,
03/20/2023,04/13/2023,Hickenlooper,John W,Sale (Partial),FWONK,Liberty Media Corporation - Series C Liberty Formu,"$50,001 - $100,000",,,
03/20/2023,04/13/2023,Hickenlooper,John W,Sale (Partial),BATRK,Liberty Media Corporation - Series C Liberty Brave,"$15,001 - $50,000",,,
03/20/2023,04/12/2023,Tuberville,Thomas H,Sale (Partial),X,United States Steel Corporation Common Stock,"$50,001 - $100,000",,,
03/20/2023,04/13/2023,Hickenlooper,John W,Sale (Partial),LSXMK,Liberty Media Corporation - Series C Liberty Siriu,"$15,001 - $50,000",,,
03/17/2023,04/26/2023,Sullivan,Daniel S,Sale (Full),WFC,Wells Fargo & Company Common Stock,"$1,001 - $15,000",,,
03/15/2023,04/13/2023,Hickenlooper,John W,Sale (Full),NOK,Nokia Corporation Sponsored American Depositary Sh,"$1,001 - $15,000",,,
03/14/2023,04/12/2023,Peters,Gary C,Purchase,TFC,Truist Financial Corporation Common Stock,"$1,001 - $15,000",,,
03/14/2023,04/12/2023,Peters,Gary C,Purchase,O,Realty Income Corporation Common Stock,"$15,001 - $50,000",,,
03/13/2023,04/12/2023,Peters,Gary C,Sale (Full),NUE,Nucor Corporation Common Stock,"$50,001 - $100,000",,,
03/10/2023,04/12/2023,Tuberville,Thomas H,Purchase,KMB,Kimberly-Clark Corporation Common Stock,"$15,001 - $50,000",,,
03/08/2023,04/13/2023,Hickenlooper,John W,Sale (Partial),FWONK,Liberty Media Corporation - Series C Liberty Formu,"$500,001 - $1,000,000",,,
03/08/2023,04/13/2023,Hickenlooper,John W,Purchase,FWONK,Liberty Media Corporation - Series C Liberty Formu,"$250,001 - $500,000",,,
03/07/2023,04/03/2023,Carper,Thomas R,Sale (Partial),AAPL,Apple Inc. - Common Stock,"$15,001 - $50,000",,,
03/06/2023,04/12/2023,Tuberville,Thomas H,Sale (Full),BMO,Bank of Montreal,"$1,001 - $15,000",,,
03/03/2023,03/28/2023,"McConnell, Jr.",A. Mitchell,Purchase,WFC,Wells Fargo & Company Common Stock,"$1,001 - $15,000",,,
03/03/2023,04/12/2023,Tuberville,Thomas H,Sale (Partial),CLF,Cleveland-Cliffs Inc. Common Stock,"$1,001 - $15,000",Put,20.00,10/20/2023
02/23/2023,03/13/2023,Capito,Shelley M,Sale (Partial),--,wells fargo,"$1,001 - $15,000",,,
02/21/2023,03/01/2023,Carper,Thomas R,Purchase,BSM,"Black Stone Minerals, L.P. Common units representi","$1,001 - $15,000",,,
02/21/2023,03/01/2023,Carper,Thomas R,Purchase,HASI,Hannon Armstrong Sustainable Infrastructure Capita,"$1,001 - $15,000",,,
02/21/2023,03/01/2023,Carper,Thomas R,Sale (Partial),IRM,Iron Mountain Incorporated (Delaware)Common Stock,"$1,001 - $15,000",,,
02/21/2023,03/01/2023,Carper,Thomas R,Purchase,SQM,Sociedad Quimica y Minera S.A. Common Stock,"$1,001 - $15,000",,,
02/21/2023,03/01/2023,Carper,Thomas R,Sale (Partial),APO,"Apollo Global Management, Inc. Class A Common Stoc","$1,001 - $15,000",,,
02/21/2023,03/01/2023,Carper,Thomas R,Purchase,AGX,"Argan, Inc. Common Stock","$1,001 - $15,000",,,
02/21/2023,03/01/2023,Carper,Thomas R,Sale (Full),KBE,SPDR S&P Bank ETF,"$1,001 - $15,000",,,
02/21/2023,03/01/2023,Carper,Thomas R,Sale (Full),RTH,VanEck Retail ETF,"$1,001 - $15,000",,,
02/21/2023,03/01/2023,Carper,Thomas R,Sale (Partial),TSM,Taiwan Semiconductor Manufacturing Company Ltd.,"$1,001 - $15,000",,,
02/21/2023,03/01/2023,Carper,Thomas R,Purchase,WM,"Waste Management, Inc. Common Stock","$1,001 - $15,000",,,
02/21/2023,03/01/2023,Carper,Thomas R,Purchase,FPI,Farmland Partners Inc. Common Stock,"$1,001 - $15,000",,,
02/21/2023,03/16/2023,Sullivan,Daniel S,Purchase,CHD,"Church & Dwight Company, Inc. Common Stock","$1,001 - $15,000",,,
02/21/2023,03/01/2023,Carper,Thomas R,Purchase,RTX,Raytheon Technologies Corporation Common Stock,"$1,001 - $15,000",,,
02/21/2023,03/01/2023,Carper,Thomas R,Sale (Full),VFH,Vanguard Financials ETF,"$1,001 - $15,000",,,
02/21/2023,03/01/2023,Carper,Thomas R,Purchase,MOS,Mosaic Company (The) Common Stock,"$1,001 - $15,000",,,
02/21/2023,03/01/2023,Carper,Thomas R,Sale (Partial),QCOM,QUALCOMM Incorporated - Common Stock,"$1,001 - $15,000",,,
02/21/2023,03/01/2023,Carper,Thomas R,Sale (Full),SBUX,Starbucks Corporation - Common Stock,"$1,001 - $15,000",,,
02/15/2023,03/01/2023,Carper,Thomas R,Sale (Full),LUBYX,Lord Abbett Ultra Short Bond Fund - Class I,"$15,001 - $50,000",,,
02/15/2023,03/01/2023,Carper,Thomas R,Sale (Partial),JHMM,John Hancock Multifactor Mid Cap ETF,"$1,001 - $15,000",,,
02/15/2023,03/01/2023,Carper,Thomas R,Purchase,IVV,iShares Core S&P 500 ETF,"$1,001 - $15,000",,,
02/15/2023,03/01/2023,Carper,Thomas R,Sale (Partial),ABYIX,Abbey Capital Futures Strategy Fund- Class I Sha,"$1,001 - $15,000",,,
02/15/2023,03/01/2023,Carper,Thomas R,Sale (Full),LDP,Cohen & Steers Limited Duration Preferred and Inco,"$1,001 - $15,000",,,
02/15/2023,03/01/2023,Carper,Thomas R,Sale (Full),CDL,VictoryShares US Large Cap High Div Volatility Wtd,"$1,001 - $15,000",,,
02/15/2023,03/01/2023,Carper,Thomas R,Sale (Full),SBIO,ALPS Medical Breakthroughs ETF,"$1,001 - $15,000",,,
02/15/2023,03/01/2023,Carper,Thomas R,Purchase,IWD,iShares Russell 1000 Value ETF,"$1,001 - $15,000",,,
02/15/2023,03/01/2023,Carper,Thomas R,Sale (Partial),MBXIX,Catalyst/Millburn Hedge Strategy Fund Class I,"$1,001 - $15,000",,,
02/15/2023,03/01/2023,Carper,Thomas R,Purchase,VHT,Vanguard Health Care ETF,"$1,001 - $15,000",,,
02/15/2023,03/01/2023,Carper,Thomas R,Sale (Full),RTH,VanEck Retail ETF,"$1,001 - $15,000",,,
02/15/2023,03/01/2023,Carper,Thomas R,Purchase,GBIL,Goldman Sachs Access Treasury 0-1 Year ETF,"$1,001 - $15,000",,,
02/15/2023,03/01/2023,Carper,Thomas R,Sale (Partial),GNR,SPDR S&P Global Natural Resources ETF,"$1,001 - $15,000",,,
02/15/2023,03/01/2023,Carper,Thomas R,Sale (Full),FDN,First Trust DJ Internet Index Fund,"$1,001 - $15,000",,,
02/15/2023,03/01/2023,Carper,Thomas R,Purchase,IGHG,ProShares Investment Grade-Interest Rate Hedged,"$1,001 - $15,000",,,
02/15/2023,03/01/2023,Carper,Thomas R,Sale (Partial),SPGP,Invesco S&P 500 GARP ETF,"$1,001 - $15,000",,,
02/15/2023,03/01/2023,Carper,Thomas R,Purchase,IJR,iShares Core S&P Small-Cap ETF,"$1,001 - $15,000",,,
02/15/2023,03/01/2023,Carper,Thomas R,Sale (Partial),MOO,VanEck Agribusiness ETF,"$1,001 - $15,000",,,
02/15/2023,03/01/2023,Carper,Thomas R,Purchase,QTEC,First Trust NASDAQ-100-Technology Sector Index Fun,"$1,001 - $15,000",,,
02/15/2023,03/01/2023,Carper,Thomas R,Sale (Partial),FDRR,Fidelity Dividend ETF for Rising Rates,"$1,001 - $15,000",,,
02/15/2023,03/01/2023,Carper,Thomas R,Sale (Full),FQAL,Fidelity Quality Factor ETF,"$1,001 - $15,000",,,
02/15/2023,03/01/2023,Carper,Thomas R,Sale (Full),NXTG,First Trust Indxx NextG ETF,"$1,001 - $15,000",,,
02/10/2023,03/16/2023,Sullivan,Daniel S,Purchase,GOOG,Alphabet Inc. - Class C Capital Stock,"$1,001 - $15,000",,,
02/10/2023,03/16/2023,Sullivan,Daniel S,Sale (Partial),SCHW,Charles Schwab Corporation (The) Common Stock,"$1,001 - $15,000",,,
02/10/2023,03/16/2023,Sullivan,Daniel S,Purchase,CHD,"Church & Dwight Company, Inc. Common Stock","$1,001 - $15,000",,,
02/06/2023,03/13/2023,Capito,Shelley M,Purchase,--,chevron,"$1,001 - $15,000",,,
01/23/2023,02/14/2023,Tuberville,Thomas H,Purchase,GOLD,Barrick Gold Corporation Common Stock (BC),"$1,001 - $15,000",,,
01/18/2023,02/14/2023,Tuberville,Thomas H,Sale (Partial),CLF,Cleveland-Cliffs Inc. Common Stock,"$1,001 - $15,000",Call,23.00,07/21/2023
01/18/2023,02/14/2023,Tuberville,Thomas H,Purchase,CLF,Cleveland-Cliffs Inc. Common Stock,"$100,001 - $250,000",,,
01/18/2023,02/14/2023,Tuberville,Thomas H,Sale (Partial),CLF,Cleveland-Cliffs Inc. Common Stock,"$1,001 - $15,000",Put,19.00,07/21/2023
01/18/2023,02/02/2023,Carper,Thomas R,Sale (Full),RIO,Rio Tinto Plc,"$1,001 - $15,000",,,
01/18/2023,02/02/2023,Carper,Thomas R,Purchase,FPI,Farmland Partners Inc. Common Stock,"$1,001 - $15,000",,,
01/13/2023,02/14/2023,Tuberville,Thomas H,Purchase,UAA,"Under Armour, Inc. Class A Common Stock","$15,001 - $50,000",,,
01/12/2023,02/14/2023,Tuberville,Thomas H,Sale (Partial),CLF,Cleveland-Cliffs Inc. Common Stock,"$1,001 - $15,000",Put,20.00,06/16/2023
01/12/2023,02/02/2023,Carper,Thomas R,Sale (Full),AQN,Algonquin Power and Utilities Corp,"$1,001 - $15,000",,,
01/11/2023,02/02/2023,Carper,Thomas R,Sale (Full),RMD,ResMed Inc. Common Stock,"$1,001 - $15,000",,,
01/11/2023,02/02/2023,Carper,Thomas R,Sale (Full),MCD,McDonald's Corporation Common Stock,"$1,001 - $15,000",,,
01/11/2023,02/02/2023,Carper,Thomas R,Purchase,CME,CME Group Inc. - Class A Common Stock,"$1,001 - $15,000",,,
01/11/2023,02/02/2023,Carper,Thomas R,Sale (Full),HOLX,"Hologic, Inc. - Common Stock","$1,001 - $15,000",,,
01/11/2023,02/14/2023,Tuberville,Thomas H,Sale (Partial),V,Visa Inc.,"$1,001 - $15,000",Put,210.00,09/15/2023
01/11/2023,02/02/2023,Carper,Thomas R,Sale (Full),MOO,VanEck Agribusiness ETF,"$1,001 - $15,000",,,
01/11/2023,02/14/2023,Tuberville,Thomas H,Sale (Partial),KO,Coca-Cola Company (The) Common Stock,"$1,001 - $15,000",Put,60.00,12/15/2023
01/11/2023,02/02/2023,Carper,Thomas R,Purchase,BHP,BHP Group Limited American Depositary Shares (Each,"$1,001 - $15,000",,,
01/11/2023,02/14/2023,Tuberville,Thomas H,Sale (Partial),AAPL,Apple Inc. - Common Stock,"$1,001 - $15,000",Put,125.00,09/15/2023
01/11/2023,02/02/2023,Carper,Thomas R,Purchase,SAND,Sandstorm Gold Ltd. Ordinary Shares (Canada),"$1,001 - $15,000",,,
01/11/2023,02/02/2023,Carper,Thomas R,Purchase,EQNR,Equinor ASA,"$1,001 - $15,000",,,
01/11/2023,02/02/2023,Carper,Thomas R,Purchase,BSM,"Black Stone Minerals, L.P. Common units representi","$1,001 - $15,000",,,
01/11/2023,02/14/2023,Tuberville,Thomas H,Sale (Partial),TXN,Texas Instruments Incorporated - Common Stock,"$1,001 - $15,000",Put,170.00,07/21/2023
01/11/2023,02/02/2023,Carper,Thomas R,Purchase,URA,Global X Uranium ETF,"$1,001 - $15,000",,,
01/11/2023,02/02/2023,Carper,Thomas R,Purchase,DLR,"Digital Realty Trust, Inc. Common Stock","$1,001 - $15,000",,,
01/11/2023,02/02/2023,Carper,Thomas R,Purchase,FLNG,FLEX LNG Ltd. Ordinary Shares,"$1,001 - $15,000",,,
01/11/2023,02/02/2023,Carper,Thomas R,Sale (Full),SRVR,Pacer Benchmark Data & Infrastructure Real Estate,"$1,001 - $15,000",,,
01/11/2023,02/02/2023,Carper,Thomas R,Purchase,ATKR,Atkore Inc. Common Stock,"$1,001 - $15,000",,,
01/11/2023,02/02/2023,Carper,Thomas R,Sale (Full),AXS,Axis Capital Holdings Limited Common Stock,"$1,001 - $15,000",,,
01/11/2023,02/02/2023,Carper,Thomas R,Purchase,AMT,American Tower Corporation (REIT) Common Stock,"$1,001 - $15,000",,,
01/11/2023,02/02/2023,Carper,Thomas R,Sale (Full),TU,Telus Corporation Ordinary Shares,"$1,001 - $15,000",,,
01/11/2023,02/02/2023,Carper,Thomas R,Sale (Partial),CVS,CVS Health Corporation Common Stock,"$1,001 - $15,000",,,
01/10/2023,02/13/2023,Sullivan,Daniel S,Purchase,AMZN,"Amazon.com, Inc. - Common Stock","$1,001 - $15,000",,,
01/10/2023,02/13/2023,Sullivan,Daniel S,Purchase,ALGN,"Align Technology, Inc. - Common Stock","$1,001 - $15,000",,,
01/10/2023,02/13/2023,Sullivan,Daniel S,Sale (Partial),PXD,Pioneer Natural Resources Company Common Stock,"$1,001 - $15,000",,,
01/10/2023,02/13/2023,Sullivan,Daniel S,Sale (Partial),BKNG,Booking Holdings Inc. - Common Stock,"$1,001 - $15,000",,,
01/10/2023,02/13/2023,Sullivan,Daniel S,Sale (Partial),JPM,JP Morgan Chase & Co. Common Stock,"$1,001 - $15,000",,,
01/10/2023,02/13/2023,Sullivan,Daniel S,Sale (Partial),BMY,Bristol-Myers Squibb Company Common Stock,"$1,001 - $15,000",,,
01/10/2023,02/13/2023,Sullivan,Daniel S,Sale (Partial),CVS,CVS Health Corporation Common Stock,"$1,001 - $15,000",,,
01/10/2023,02/13/2023,Sullivan,Daniel S,Sale (Partial),ULTA,"Ulta Beauty, Inc. - Common Stock","$1,001 - $15,000",,,
01/10/2023,02/13/2023,Sullivan,Daniel S,Purchase,ZTS,Zoetis Inc. Class A Common Stock,"$1,001 - $15,000",,,
01/05/2023,02/14/2023,Tuberville,Thomas H,Sale (Partial),CLF,Cleveland-Cliffs Inc. Common Stock,"$15,001 - $50,000",Call,20.00,06/16/2023
01/05/2023,02/14/2023,Tuberville,Thomas H,Sale (Partial),CLF,Cleveland-Cliffs Inc. Common Stock,"$1,001 - $15,000",Call,18.00,04/21/2023
01/05/2023,02/14/2023,Tuberville,Thomas H,Sale (Partial),CLF,Cleveland-Cliffs Inc. Common Stock,"$1,001 - $15,000",Call,20.00,07/21/2023
01/05/2023,02/14/2023,Tuberville,Thomas H,Purchase,X,United States Steel Corporation Common Stock,"$1,001 - $15,000",Put,23.00,01/20/2023
01/05/2023,02/14/2023,Tuberville,Thomas H,Sale (Partial),X,United States Steel Corporation Common Stock,"$1,001 - $15,000",,,
01/05/2023,02/14/2023,Tuberville,Thomas H,Sale (Partial),X,United States Steel Corporation Common Stock,"$15,001 - $50,000",,,
01/05/2023,02/14/2023,Tuberville,Thomas H,Sale (Partial),X,United States Steel Corporation Common Stock,"$50,001 - $100,000",,,
01/04/2023,02/02/2023,Carper,Thomas R,Purchase,MGM,MGM Resorts International Common Stock,"$1,001 - $15,000",,,
01/04/2023,02/02/2023,Carper,Thomas R,Sale (Full),MAXR,Maxar Technologies Inc,"$1,001 - $15,000",,,
01/03/2023,01/11/2023,Rosen,Jacklyn S,Exchange,GEGEHC,General Electric Company Common Stock (Exchanged)                                                                                        GE HealthCare Technologies Inc. - Common Stock (Received),"$1,001 - $15,000",,,
12/29/2022,01/17/2023,Capito,Shelley M,Sale (Partial),--,WFC,"$1,001 - $15,000",,,
12/29/2022,01/17/2023,Capito,Shelley M,Sale (Full),--,AXAHY,"$1,001 - $15,000",,,
12/28/2022,01/13/2023,Cantwell,Maria,Sale (Full),RNWK,"RealNetworks, Inc. - Common Stock","$15,001 - $50,000",,,
12/23/2022,01/13/2023,Tuberville,Thomas H,Purchase,GOLD,Barrick Gold Corporation Common Stock (BC),"$15,001 - $50,000",,,
12/21/2022,01/18/2023,"King, Jr.",Angus S,Purchase,EA,Electronic Arts Inc. - Common Stock,"$1,001 - $15,000",,,
12/20/2022,01/10/2023,Collins,Susan M,Sale (Full),AKAM,"Akamai Technologies, Inc. - Common Stock","$15,001 - $50,000",,,
12/19/2022,01/18/2023,"King, Jr.",Angus S,Sale (Full),ADBE,Adobe Inc. - Common Stock,"$1,001 - $15,000",,,
12/19/2022,01/13/2023,Tuberville,Thomas H,Purchase,NU,Nu Holdings Ltd. Class A Ordinary Shares,"$1,001 - $15,000",,,
12/15/2022,01/17/2023,Capito,Shelley M,Sale (Full),VFC,V.F. Corporation Common Stock,"$1,001 - $15,000",,,
12/15/2022,01/13/2023,Tuberville,Thomas H,Sale (Partial),DIS,Walt Disney Company (The) Common Stock,"$15,001 - $50,000",,,
12/14/2022,12/22/2022,Hickenlooper,John W,Purchase,FWONK,Liberty Media Corporation - Series C Liberty Formu,"$50,001 - $100,000",,,
12/12/2022,01/10/2023,Peters,Gary C,Sale (Full),WBD,"Warner Bros. Discovery, Inc. - Series A Common Sto","$1,001 - $15,000",,,
12/09/2022,01/13/2023,Tuberville,Thomas H,Sale (Partial),PYPL,"PayPal Holdings, Inc. - Common Stock","$50,001 - $100,000",,,
12/09/2022,01/13/2023,Tuberville,Thomas H,Sale (Full),CLX,Clorox Company (The) Common Stock,"$1,001 - $15,000",Put,140.00,05/19/2023
12/09/2022,01/13/2023,Tuberville,Thomas H,Sale (Full),PYPL,"PayPal Holdings, Inc. - Common Stock","$100,001 - $250,000",Put,100.00,01/19/2024
12/09/2022,01/13/2023,Tuberville,Thomas H,Sale (Partial),PYPL,"PayPal Holdings, Inc. - Common Stock","$1,001 - $15,000",,,
12/09/2022,01/13/2023,Tuberville,Thomas H,Sale (Full),KMB,Kimberly-Clark Corporation Common Stock,"$1,001 - $15,000",Put,135.00,04/21/2023
12/09/2022,01/13/2023,Tuberville,Thomas H,Sale (Full),PG,Procter & Gamble Company (The) Common Stock,"$1,001 - $15,000",Put,150.00,07/21/2023
12/09/2022,01/13/2023,Tuberville,Thomas H,Sale (Partial),PYPL,"PayPal Holdings, Inc. - Common Stock","$15,001 - $50,000",,,
12/09/2022,01/13/2023,Tuberville,Thomas H,Sale (Partial),PYPL,"PayPal Holdings, Inc. - Common Stock","$100,001 - $250,000",,,
12/09/2022,01/13/2023,Tuberville,Thomas H,Sale (Full),PG,Procter & Gamble Company (The) Common Stock,"$1,001 - $15,000",Put,145.00,06/16/2023
12/08/2022,01/13/2023,Tuberville,Thomas H,Purchase,PYPL,"PayPal Holdings, Inc. - Common Stock","$15,001 - $50,000",,,
12/06/2022,01/13/2023,Tuberville,Thomas H,Purchase,GOLD,Barrick Gold Corporation Common Stock (BC),"$50,001 - $100,000",,,
12/05/2022,12/22/2022,Hickenlooper,John W,Sale (Partial),LSXMK,Liberty Media Corporation - Series C Liberty Siriu,"$250,001 - $500,000",,,
12/05/2022,12/29/2022,"McConnell, Jr.",A. Mitchell,Purchase,WFC,Wells Fargo & Company Common Stock,"$1,001 - $15,000",,,
12/05/2022,01/13/2023,Tuberville,Thomas H,Purchase,PYPL,"PayPal Holdings, Inc. - Common Stock","$250,001 - $500,000",,,
12/05/2022,12/22/2022,Hickenlooper,John W,Purchase,LSXMK,Liberty Media Corporation - Series C Liberty Siriu,"$100,001 - $250,000",,,
12/02/2022,01/13/2023,Tuberville,Thomas H,Sale (Full),QCOM,QUALCOMM Incorporated - Common Stock                                                                                                                                                                    Option Type: Put Strike price: $140.00                                                Expires: 09/15/23,"$15,001 - $50,000",,,
12/02/2022,01/13/2023,Tuberville,Thomas H,Sale (Partial),QCOM,QUALCOMM Incorporated - Common Stock,"$50,001 - $100,000",,,
12/01/2022,01/13/2023,Tuberville,Thomas H,Purchase,QCOM,QUALCOMM Incorporated - Common Stock,"$100,001 - $250,000",,,
12/01/2022,01/13/2023,Tuberville,Thomas H,Purchase,GOLD,Barrick Gold Corporation Common Stock (BC),"$1,001 - $15,000",,,
11/30/2022,07/26/2023,Sullivan,Daniel S,Sale (Partial),RPM,RPM International Inc. Common Stock,"$15,001 - $50,000",,,
11/30/2022,12/21/2022,Sullivan,Daniel S,Sale (Full),ADBE,Adobe Inc. - Common Stock,"$1,001 - $15,000",,,
11/30/2022,07/26/2023,Sullivan,Daniel S,Sale (Full),MLM,"Martin Marietta Materials, Inc. Common Stock","$1,001 - $15,000",,,
11/30/2022,12/21/2022,Sullivan,Daniel S,Purchase,TJX,"TJX Companies, Inc. (The) Common Stock","$1,001 - $15,000",,,
11/30/2022,12/21/2022,Sullivan,Daniel S,Sale (Full),PYPL,"PayPal Holdings, Inc. - Common Stock","$1,001 - $15,000",,,
11/30/2022,12/21/2022,Sullivan,Daniel S,Sale (Full),BAX,Baxter International Inc. Common Stock,"$1,001 - $15,000",,,
11/30/2022,07/26/2023,Sullivan,Daniel S,Purchase,ZTS,Zoetis Inc. Class A Common Stock,"$1,001 - $15,000",,,
11/30/2022,12/21/2022,Sullivan,Daniel S,Sale (Full),SYK,Stryker Corporation Common Stock,"$1,001 - $15,000",,,
11/30/2022,07/26/2023,Sullivan,Daniel S,Sale (Full),PYPL,"PayPal Holdings, Inc. - Common Stock","$1,001 - $15,000",,,
11/30/2022,07/26/2023,Sullivan,Daniel S,Sale (Full),ELAN,Elanco Animal Health Incorporated Common Stock,"$1,001 - $15,000",,,
11/30/2022,07/26/2023,Sullivan,Daniel S,Sale (Full),ADBE,Adobe Inc. - Common Stock,"$1,001 - $15,000",,,
11/30/2022,07/26/2023,Sullivan,Daniel S,Purchase,TJX,"TJX Companies, Inc. (The) Common Stock","$1,001 - $15,000",,,
11/30/2022,07/26/2023,Sullivan,Daniel S,Sale (Full),FFIV,"F5, Inc. - Common Stock","$1,001 - $15,000",,,
11/30/2022,07/26/2023,Sullivan,Daniel S,Sale (Full),CMCSA,Comcast Corporation - Class A Common Stock,"$1,001 - $15,000",,,
11/30/2022,12/21/2022,Sullivan,Daniel S,Purchase,ZTS,Zoetis Inc. Class A Common Stock,"$1,001 - $15,000",,,
11/30/2022,07/26/2023,Sullivan,Daniel S,Sale (Partial),GOOG,Alphabet Inc. - Class C Capital Stock,"$1,001 - $15,000",,,
11/30/2022,12/21/2022,Sullivan,Daniel S,Purchase,LRCX,Lam Research Corporation - Common Stock,"$1,001 - $15,000",,,
11/30/2022,07/26/2023,Sullivan,Daniel S,Sale (Full),BAX,Baxter International Inc. Common Stock,"$1,001 - $15,000",,,
11/30/2022,12/21/2022,Sullivan,Daniel S,Sale (Partial),GOOG,Alphabet Inc. - Class C Capital Stock,"$1,001 - $15,000",,,
11/30/2022,12/21/2022,Sullivan,Daniel S,Sale (Partial),RPM,RPM International Inc. Common Stock,"$15,001 - $50,000",,,
11/30/2022,12/21/2022,Sullivan,Daniel S,Purchase,TMO,Thermo Fisher Scientific Inc Common Stock,"$1,001 - $15,000",,,
11/30/2022,07/26/2023,Sullivan,Daniel S,Purchase,MSFT,Microsoft Corporation - Common Stock,"$15,001 - $50,000",,,
11/30/2022,07/26/2023,Sullivan,Daniel S,Sale (Full),SYK,Stryker Corporation Common Stock,"$1,001 - $15,000",,,
11/30/2022,07/26/2023,Sullivan,Daniel S,Sale (Full),MDT,Medtronic plc. Ordinary Shares,"$1,001 - $15,000",,,
11/30/2022,12/21/2022,Sullivan,Daniel S,Purchase,MSFT,Microsoft Corporation - Common Stock,"$15,001 - $50,000",,,
11/30/2022,12/21/2022,Sullivan,Daniel S,Sale (Full),META,"Meta Platforms, Inc. - Class A Common Stock","$1,001 - $15,000",,,
11/30/2022,07/26/2023,Sullivan,Daniel S,Purchase,LRCX,Lam Research Corporation - Common Stock,"$1,001 - $15,000",,,
11/30/2022,12/21/2022,Sullivan,Daniel S,Sale (Full),MLM,"Martin Marietta Materials, Inc. Common Stock","$1,001 - $15,000",,,
11/30/2022,12/21/2022,Sullivan,Daniel S,Sale (Full),MDT,Medtronic plc. Ordinary Shares,"$1,001 - $15,000",,,
11/30/2022,07/26/2023,Sullivan,Daniel S,Sale (Full),META,"Meta Platforms, Inc. - Class A Common Stock","$1,001 - $15,000",,,
11/30/2022,12/21/2022,Sullivan,Daniel S,Sale (Full),FFIV,"F5, Inc. - Common Stock","$1,001 - $15,000",,,
11/30/2022,12/21/2022,Sullivan,Daniel S,Sale (Full),ELAN,Elanco Animal Health Incorporated Common Stock,"$1,001 - $15,000",,,
11/30/2022,12/21/2022,Sullivan,Daniel S,Sale (Full),CMCSA,Comcast Corporation - Class A Common Stock,"$1,001 - $15,000",,,
11/30/2022,07/26/2023,Sullivan,Daniel S,Purchase,TMO,Thermo Fisher Scientific Inc Common Stock,"$1,001 - $15,000",,,
11/29/2022,12/29/2022,"McConnell, Jr.",A. Mitchell,Purchase,KR,Kroger Company (The) Common Stock,"$1,001 - $15,000",,,
11/29/2022,12/09/2022,Carper,Thomas R,Purchase,GBIL,Goldman Sachs Access Treasury 0-1 Year ETF,"$1,001 - $15,000",,,
11/29/2022,12/22/2022,Hickenlooper,John W,Sale (Partial),LBRDK,Liberty Broadband Corporation - Class C Common Sto,"$50,001 - $100,000",,,
11/29/2022,12/22/2022,Hickenlooper,John W,Purchase,LBRDK,Liberty Broadband Corporation - Class C Common Sto,"$50,001 - $100,000",,,
11/29/2022,12/30/2022,Whitehouse,Sheldon,Sale (Full),C,"Citigroup, Inc. Common Stock","$1,001 - $15,000",,,
11/29/2022,12/09/2022,Carper,Thomas R,Sale (Full),WIW,Western Asset Inflation-Linked Opportunities & Inc,"$1,001 - $15,000",,,
11/23/2022,12/14/2022,Tuberville,Thomas H,Purchase,MSFT,Microsoft Corporation - Common Stock,"$1,001 - $15,000",Call,265.00,04/21/2023
11/23/2022,12/14/2022,Tuberville,Thomas H,Sale (Full),TSM,Taiwan Semiconductor Manufacturing Company Ltd.,"$1,001 - $15,000",Put,75.00,09/15/2023
11/23/2022,12/14/2022,Tuberville,Thomas H,Sale (Full),MSFT,Microsoft Corporation - Common Stock,"$15,001 - $50,000",Put,225.00,09/15/2023
11/23/2022,11/29/2022,Hickenlooper,John W,Purchase,BATRK,Liberty Media Corporation - Series C Liberty Brave,"$50,001 - $100,000",,,
11/23/2022,11/29/2022,Hickenlooper,John W,Sale (Partial),BATRK,Liberty Media Corporation - Series C Liberty Brave,"$100,001 - $250,000",,,
11/22/2022,12/14/2022,Tuberville,Thomas H,Sale (Partial),MSFT,Microsoft Corporation - Common Stock,"$100,001 - $250,000",,,
11/22/2022,12/14/2022,Tuberville,Thomas H,Sale (Full),F,Ford Motor Company Common Stock,"$100,001 - $250,000",,,
11/22/2022,12/21/2022,Sullivan,Daniel S,Purchase,GOOG,Alphabet Inc. - Class C Capital Stock,"$1,001 - $15,000",,,
11/22/2022,12/21/2022,Sullivan,Daniel S,Purchase,ADBE,Adobe Inc. - Common Stock,"$1,001 - $15,000",,,
11/22/2022,12/14/2022,Tuberville,Thomas H,Sale (Full),INTC,Intel Corporation - Common Stock,"$15,001 - $50,000",Put,30.00,09/15/2023
11/22/2022,12/21/2022,Sullivan,Daniel S,Purchase,DIS,Walt Disney Company (The) Common Stock,"$1,001 - $15,000",,,
11/22/2022,12/21/2022,Sullivan,Daniel S,Purchase,MSFT,Microsoft Corporation - Common Stock,"$1,001 - $15,000",,,
11/22/2022,12/21/2022,Sullivan,Daniel S,Purchase,AMZN,"Amazon.com, Inc. - Common Stock","$1,001 - $15,000",,,
11/22/2022,12/21/2022,Sullivan,Daniel S,Purchase,META,"Meta Platforms, Inc. - Class A Common Stock","$1,001 - $15,000",,,
11/22/2022,12/21/2022,Sullivan,Daniel S,Purchase,NVDA,NVIDIA Corporation - Common Stock,"$1,001 - $15,000",,,
11/22/2022,12/21/2022,Sullivan,Daniel S,Purchase,AAPL,Apple Inc. - Common Stock,"$1,001 - $15,000",,,
11/21/2022,11/29/2022,Hickenlooper,John W,Sale (Partial),BATRA,Liberty Media Corporation - Series A Liberty Brave,"$15,001 - $50,000",,,
11/21/2022,11/29/2022,Hickenlooper,John W,Purchase,BATRA,Liberty Media Corporation - Series A Liberty Brave,"$1,001 - $15,000",,,
11/21/2022,11/29/2022,Hickenlooper,John W,Sale (Partial),BATRK,Liberty Media Corporation - Series C Liberty Brave,"$15,001 - $50,000",,,
11/21/2022,11/29/2022,Hickenlooper,John W,Purchase,BATRK,Liberty Media Corporation - Series C Liberty Brave,"$1,001 - $15,000",,,
11/17/2022,12/14/2022,Tuberville,Thomas H,Purchase,F,Ford Motor Company Common Stock,"$100,001 - $250,000",,,
11/15/2022,12/09/2022,Carper,Thomas R,Purchase,GBIL,Goldman Sachs Access Treasury 0-1 Year ETF,"$15,001 - $50,000",,,
11/15/2022,12/09/2022,Carper,Thomas R,Sale (Full),WIW,Western Asset Inflation-Linked Opportunities & Inc,"$15,001 - $50,000",,,
11/14/2022,11/29/2022,Hickenlooper,John W,Sale (Partial),LBRDA,Liberty Broadband Corporation - Class A Common Sto,"$50,001 - $100,000",,,
11/14/2022,11/29/2022,Hickenlooper,John W,Purchase,LBRDA,Liberty Broadband Corporation - Class A Common Sto,"$15,001 - $50,000",,,
11/11/2022,05/15/2023,Wyden,Ron L,Sale (Partial),IRBT,iRobot Corporation - Common Stock,"$15,001 - $50,000",,,
11/11/2022,12/11/2022,Wyden,Ron L,Sale (Full),FDX,FedEx Corporation Common Stock,"$50,001 - $100,000",,,
11/11/2022,12/11/2022,Wyden,Ron L,Sale (Full),META,"Meta Platforms, Inc. - Class A Common Stock","$50,001 - $100,000",,,
11/11/2022,05/15/2023,Wyden,Ron L,Sale (Partial),MMM,3M Company Common Stock,"$1,001 - $15,000",,,
11/11/2022,12/11/2022,Wyden,Ron L,Sale (Full),COUP,Coupa Software Incorporated - Common Stock,"$15,001 - $50,000",,,
11/11/2022,05/15/2023,Wyden,Ron L,Sale (Full),FDX,FedEx Corporation Common Stock,"$50,001 - $100,000",,,
11/11/2022,12/11/2022,Wyden,Ron L,Sale (Full),BALL,Ball Corporation Common Stock,"$15,001 - $50,000",,,
11/11/2022,05/15/2023,Wyden,Ron L,Sale (Full),NFLX,"Netflix, Inc. - Common Stock","$50,001 - $100,000",,,
11/11/2022,12/11/2022,Wyden,Ron L,Sale (Partial),DIS,Walt Disney Company (The) Common Stock,"$50,001 - $100,000",,,
11/11/2022,05/15/2023,Wyden,Ron L,Sale (Full),WDAY,"Workday, Inc. - Class A Common Stock","$1,001 - $15,000",,,
11/11/2022,05/15/2023,Wyden,Ron L,Sale (Partial),STX,Seagate Technology Holdings PLC - Ordinary Shares,"$15,001 - $50,000",,,
11/11/2022,05/15/2023,Wyden,Ron L,Sale (Full),MTCH,"Match Group, Inc. - Common Stock","$15,001 - $50,000",,,
11/11/2022,05/15/2023,Wyden,Ron L,Sale (Full),PYPL,"PayPal Holdings, Inc. - Common Stock","$100,001 - $250,000",,,
11/11/2022,12/11/2022,Wyden,Ron L,Sale (Full),STX,Seagate Technology Holdings PLC - Ordinary Shares,"$15,001 - $50,000",,,
11/11/2022,05/15/2023,Wyden,Ron L,Sale (Full),--,JTKWY - Just Eat Takeaway.com NV - ADR,"$1,001 - $15,000",,,
11/11/2022,12/11/2022,Wyden,Ron L,Sale (Full),WDAY,"Workday, Inc. - Class A Common Stock","$1,001 - $15,000",,,
11/11/2022,05/15/2023,Wyden,Ron L,Sale (Full),SQ,"Block, Inc. Class A Common Stock,","$15,001 - $50,000",,,
11/11/2022,05/15/2023,Wyden,Ron L,Sale (Partial),DIS,Walt Disney Company (The) Common Stock,"$50,001 - $100,000",,,
11/11/2022,12/11/2022,Wyden,Ron L,Sale (Full),NFLX,"Netflix, Inc. - Common Stock","$50,001 - $100,000",,,
11/11/2022,05/15/2023,Wyden,Ron L,Sale (Full),COUP,Coupa Software Incorporated - Common Stock,"$15,001 - $50,000",,,
11/11/2022,05/15/2023,Wyden,Ron L,Sale (Full),META,"Meta Platforms, Inc. - Class A Common Stock","$50,001 - $100,000",,,
11/11/2022,05/15/2023,Wyden,Ron L,Sale (Full),BALL,Ball Corporation Common Stock,"$15,001 - $50,000",,,
11/11/2022,12/11/2022,Wyden,Ron L,Sale (Full),MTCH,"Match Group, Inc. - Common Stock","$15,001 - $50,000",,,
11/11/2022,12/11/2022,Wyden,Ron L,Sale (Partial),IRBT,iRobot Corporation - Common Stock,"$15,001 - $50,000",,,
11/11/2022,12/11/2022,Wyden,Ron L,Sale (Partial),MMM,3M Company Common Stock,"$1,001 - $15,000",,,
11/11/2022,12/11/2022,Wyden,Ron L,Sale (Full),PYPL,"PayPal Holdings, Inc. - Common Stock","$100,001 - $250,000",,,
11/11/2022,12/11/2022,Wyden,Ron L,Sale (Full),SQ,"Block, Inc. Class A Common Stock,","$15,001 - $50,000",,,
11/11/2022,12/11/2022,Wyden,Ron L,Sale (Full),--,JTKWY - Just Eat Takeaway.com NV - ADR,"$1,001 - $15,000",,,
11/09/2022,12/14/2022,Tuberville,Thomas H,Purchase,INTC,Intel Corporation - Common Stock,"$100,001 - $250,000",,,
11/08/2022,12/09/2022,Carper,Thomas R,Sale (Full),LUBYX,Lord Abbett Ultra Short Bond Fund - Class I,"$1,001 - $15,000",,,
11/08/2022,12/14/2022,Tuberville,Thomas H,Sale (Full),PYPL,"PayPal Holdings, Inc. - Common Stock","$50,001 - $100,000",Put,100.00,01/19/2024
11/08/2022,12/09/2022,Carper,Thomas R,Purchase,GBIL,Goldman Sachs Access Treasury 0-1 Year ETF,"$15,001 - $50,000",,,
11/08/2022,12/14/2022,Tuberville,Thomas H,Sale (Full),PYPL,"PayPal Holdings, Inc. - Common Stock","$1,001 - $15,000",Put,100.00,01/19/2024
11/08/2022,12/09/2022,Carper,Thomas R,Sale (Full),LDP,Cohen & Steers Limited Duration Preferred and Inco,"$1,001 - $15,000",,,
11/08/2022,12/14/2022,Tuberville,Thomas H,Purchase,ATVI,"Activision Blizzard, Inc - Common Stock","$100,001 - $250,000",,,
11/08/2022,12/09/2022,Carper,Thomas R,Sale (Full),WIW,Western Asset Inflation-Linked Opportunities & Inc,"$1,001 - $15,000",,,
11/08/2022,12/14/2022,Tuberville,Thomas H,Sale (Partial),PYPL,"PayPal Holdings, Inc. - Common Stock","$100,001 - $250,000",,,
11/08/2022,12/14/2022,Tuberville,Thomas H,Sale (Full),X,United States Steel Corporation Common Stock,"$1,001 - $15,000",Call,25.00,04/21/2023
11/07/2022,12/14/2022,Tuberville,Thomas H,Purchase,PYPL,"PayPal Holdings, Inc. - Common Stock","$100,001 - $250,000",,,
11/03/2022,12/14/2022,Tuberville,Thomas H,Purchase,CLF,Cleveland-Cliffs Inc. Common Stock,"$50,001 - $100,000",,,
11/01/2022,12/14/2022,Tuberville,Thomas H,Purchase,CLF,Cleveland-Cliffs Inc. Common Stock,"$1,001 - $15,000",,,
11/01/2022,12/14/2022,Tuberville,Thomas H,Purchase,NU,Nu Holdings Ltd. Class A Ordinary Shares,"$1,001 - $15,000",,,
10/31/2022,11/10/2022,Tuberville,Thomas H,Purchase,CLF,Cleveland-Cliffs Inc. Common Stock,"$15,001 - $50,000",,,
10/28/2022,11/10/2022,Tuberville,Thomas H,Sale (Full),MSFT,Microsoft Corporation - Common Stock                                                                                                                                                                    Option Type: Short Sale Strike price: $245.00                                                Expires: 06/16/2023,"$1,001 - $15,000",,,
10/27/2022,11/03/2022,Carper,Thomas R,Purchase,BMN,BlackRock 2037 Municipal Target Term Trust Common,"$1,001 - $15,000",,,
10/25/2022,11/10/2022,Tuberville,Thomas H,Sale (Full),--,Verizon Communications Inc. Common Stock,"$15,001 - $50,000",,,
10/25/2022,11/10/2022,Tuberville,Thomas H,Sale (Full),--,SIEGY,"$15,001 - $50,000",,,
10/25/2022,11/10/2022,Tuberville,Thomas H,Sale (Full),FDX,FedEx Corporation Common Stock,"$1,001 - $15,000",,,
10/25/2022,11/10/2022,Tuberville,Thomas H,Sale (Full),FTBFX,Fidelity Total Bond,"$15,001 - $50,000",,,
10/24/2022,11/10/2022,Tuberville,Thomas H,Purchase,MSFT,Microsoft Corporation - Common Stock,"$15,001 - $50,000",,,
10/19/2022,11/13/2022,Capito,Shelley M,Sale (Partial),WFC,Wells Fargo & Company Common Stock,"$1,001 - $15,000",,,
10/17/2022,11/03/2022,Carper,Thomas R,Sale (Full),GSMYX,Goldman Sachs Small/Mid-Cap Growth Fund Inst Cl,"$1,001 - $15,000",,,
10/17/2022,11/03/2022,Carper,Thomas R,Purchase,CVS,CVS Health Corporation Common Stock,"$1,001 - $15,000",,,
10/17/2022,11/03/2022,Carper,Thomas R,Purchase,EFAD,ProShares Trust ProShares MSCI EAFE Dividend Growe,"$1,001 - $15,000",,,
10/17/2022,11/03/2022,Carper,Thomas R,Sale (Full),SRVR,Pacer Benchmark Data & Infrastructure Real Estate,"$1,001 - $15,000",,,
10/17/2022,11/03/2022,Carper,Thomas R,Sale (Full),FCPIX,Fidelity Advisor International Capital Appreciat,"$1,001 - $15,000",,,
10/17/2022,11/03/2022,Carper,Thomas R,Purchase,MPW,"Medical Properties Trust, Inc. common stock","$1,001 - $15,000",,,
10/17/2022,11/03/2022,Carper,Thomas R,Sale (Full),DIS,Walt Disney Company (The) Common Stock,"$1,001 - $15,000",,,
10/17/2022,11/03/2022,Carper,Thomas R,Purchase,ABT,Abbott Laboratories Common Stock,"$1,001 - $15,000",,,
10/17/2022,11/13/2022,Capito,Shelley M,Sale (Partial),AFL,AFLAC Incorporated Common Stock,"$1,001 - $15,000",,,
10/17/2022,11/13/2022,Capito,Shelley M,Sale (Partial),AAPL,Apple Inc. - Common Stock,"$1,001 - $15,000",,,
10/17/2022,11/03/2022,Carper,Thomas R,Purchase,JHEM,John Hancock Multifactor Emerging Markets ETF,"$1,001 - $15,000",,,
10/17/2022,11/03/2022,Carper,Thomas R,Sale (Full),GMRE,Global Medical REIT Inc. Common Stock,"$1,001 - $15,000",,,
10/17/2022,11/13/2022,Capito,Shelley M,Sale (Partial),MSFT,Microsoft Corporation - Common Stock,"$1,001 - $15,000",,,
10/17/2022,11/13/2022,Capito,Shelley M,Sale (Partial),LOW,"Lowe's Companies, Inc. Common Stock","$1,001 - $15,000",,,
10/17/2022,11/13/2022,Capito,Shelley M,Sale (Partial),JNJ,Johnson & Johnson Common Stock,"$1,001 - $15,000",,,
10/17/2022,11/03/2022,Carper,Thomas R,Sale (Full),DLR,"Digital Realty Trust, Inc. Common Stock","$1,001 - $15,000",,,
10/17/2022,11/13/2022,Capito,Shelley M,Sale (Partial),BLK,"BlackRock, Inc. Common Stock","$1,001 - $15,000",,,
10/17/2022,11/13/2022,Capito,Shelley M,Sale (Partial),LIN,Linde plc Ordinary Share,"$1,001 - $15,000",,,
10/17/2022,11/13/2022,Capito,Shelley M,Sale (Partial),JPM,JP Morgan Chase & Co. Common Stock,"$1,001 - $15,000",,,
10/17/2022,11/13/2022,Capito,Shelley M,Sale (Partial),UNH,UnitedHealth Group Incorporated Common Stock (DE),"$1,001 - $15,000",,,
10/17/2022,11/03/2022,Carper,Thomas R,Purchase,TSM,Taiwan Semiconductor Manufacturing Company Ltd.,"$1,001 - $15,000",,,
10/17/2022,11/03/2022,Carper,Thomas R,Purchase,MBXIX,Catalyst/Millburn Hedge Strategy Fund Class I,"$1,001 - $15,000",,,
10/17/2022,11/03/2022,Carper,Thomas R,Sale (Full),LDP,Cohen & Steers Limited Duration Preferred and Inco,"$1,001 - $15,000",,,
10/17/2022,11/03/2022,Carper,Thomas R,Purchase,SBPYX,Clearbridge Small Cap Growth Fd Cl I,"$1,001 - $15,000",,,
10/17/2022,11/03/2022,Carper,Thomas R,Sale (Full),VZ,Verizon Communications Inc. Common Stock,"$1,001 - $15,000",,,
10/17/2022,11/03/2022,Carper,Thomas R,Sale (Full),INTC,Intel Corporation - Common Stock,"$1,001 - $15,000",,,
10/13/2022,11/10/2022,Tuberville,Thomas H,Purchase,MSFT,Microsoft Corporation - Common Stock,"$250,001 - $500,000",,,
10/13/2022,11/10/2022,Tuberville,Thomas H,Purchase,NU,Nu Holdings Ltd. Class A Ordinary Shares,"$15,001 - $50,000",,,
10/11/2022,11/10/2022,Tuberville,Thomas H,Purchase,NU,Nu Holdings Ltd. Class A Ordinary Shares,"$1,001 - $15,000",,,
10/10/2022,11/03/2022,Carper,Thomas R,Sale (Full),PSQ,ProShares Short QQQ,"$1,001 - $15,000",,,
10/10/2022,11/03/2022,Carper,Thomas R,Purchase,HDGE,Ranger Equity Bear Bear ETF,"$1,001 - $15,000",,,
10/10/2022,11/03/2022,Carper,Thomas R,Purchase,HDGE,Ranger Equity Bear Bear ETF,"$15,001 - $50,000",,,
10/06/2022,11/10/2022,Tuberville,Thomas H,Purchase,TREX,"Trex Company, Inc. Common Stock","$1,001 - $15,000",,,
10/06/2022,11/10/2022,Tuberville,Thomas H,Purchase,AMGN,Amgen Inc. - Common Stock,"$1,001 - $15,000",,,
10/06/2022,11/10/2022,Tuberville,Thomas H,Purchase,ETSY,"Etsy, Inc. - Common Stock","$1,001 - $15,000",,,
10/06/2022,11/10/2022,Tuberville,Thomas H,Purchase,CSCO,"Cisco Systems, Inc. - Common Stock","$1,001 - $15,000",,,
10/06/2022,11/10/2022,Tuberville,Thomas H,Sale (Full),XOM,Exxon Mobil Corporation Common Stock                                                                                                                                                                    Option Type: Short Sale Strike price: $100.00                                                Expires: 06/16/2023,"$15,001 - $50,000",,,
10/06/2022,11/10/2022,Tuberville,Thomas H,Purchase,DQ,"DAQO New Energy Corp. American Depositary Shares,","$1,001 - $15,000",,,
10/06/2022,11/10/2022,Tuberville,Thomas H,Purchase,SCI,Service Corporation International Common Stock,"$1,001 - $15,000",,,
10/06/2022,11/10/2022,Tuberville,Thomas H,Purchase,XOM,Exxon Mobil Corporation Common Stock,"$50,001 - $100,000",,,
10/06/2022,11/10/2022,Tuberville,Thomas H,Sale (Full),X,United States Steel Corporation Common Stock                                                                                                                                                                    Option Type: Short Sale Strike price: $20.00                                                Expires: 06/16/2023,"$15,001 - $50,000",,,
10/06/2022,11/10/2022,Tuberville,Thomas H,Sale (Full),CVX,Chevron Corporation Common Stock                                                                                                                                                                    Option Type: Short Sale Strike price: $155.00                                                Expires: 06/16/2023,"$15,001 - $50,000",,,
10/06/2022,11/10/2022,Tuberville,Thomas H,Purchase,EXR,Extra Space Storage Inc Common Stock,"$1,001 - $15,000",,,
10/06/2022,11/10/2022,Tuberville,Thomas H,Purchase,ELS,"Equity Lifestyle Properties, Inc. Common Stock","$1,001 - $15,000",,,
10/06/2022,11/10/2022,Tuberville,Thomas H,Sale (Full),X,United States Steel Corporation Common Stock                                                                                                                                                                    Option Type: Short Sale Strike price: $20.00                                                Expires: 06/16/2023,"$1,001 - $15,000",,,
10/06/2022,11/10/2022,Tuberville,Thomas H,Purchase,PHM,"PulteGroup, Inc. Common Stock","$1,001 - $15,000",,,
10/06/2022,11/10/2022,Tuberville,Thomas H,Purchase,VCTR,"Victory Capital Holdings, Inc. - Common Stock","$1,001 - $15,000",,,
10/06/2022,11/10/2022,Tuberville,Thomas H,Purchase,RH,RH Common Stock,"$1,001 - $15,000",,,
10/06/2022,11/10/2022,Tuberville,Thomas H,Purchase,PAYC,"Paycom Software, Inc. Common Stock","$1,001 - $15,000",,,
10/06/2022,11/10/2022,Tuberville,Thomas H,Purchase,RELX,RELX PLC PLC American Depositary Shares (Each repr,"$1,001 - $15,000",,,
10/06/2022,11/10/2022,Tuberville,Thomas H,Purchase,VRTX,Vertex Pharmaceuticals Incorporated - Common Stock,"$1,001 - $15,000",,,
10/06/2022,11/10/2022,Tuberville,Thomas H,Purchase,CROX,"Crocs, Inc. - Common Stock","$1,001 - $15,000",,,
10/06/2022,11/10/2022,Tuberville,Thomas H,Purchase,GIS,"General Mills, Inc. Common Stock","$1,001 - $15,000",,,
10/06/2022,11/10/2022,Tuberville,Thomas H,Purchase,GLPI,"Gaming and Leisure Properties, Inc. - Common Stock","$1,001 - $15,000",,,
10/06/2022,11/10/2022,Tuberville,Thomas H,Purchase,NU,Nu Holdings Ltd. Class A Ordinary Shares,"$1,001 - $15,000",,,
10/06/2022,11/10/2022,Tuberville,Thomas H,Purchase,RACE,Ferrari N.V. Common Shares,"$1,001 - $15,000",,,
10/05/2022,11/10/2022,Tuberville,Thomas H,Sale (Full),RMD,ResMed Inc. Common Stock,"$1,001 - $15,000",,,
10/05/2022,11/10/2022,Tuberville,Thomas H,Purchase,AMT,American Tower Corporation (REIT) Common Stock,"$1,001 - $15,000",,,
10/05/2022,11/10/2022,Tuberville,Thomas H,Sale (Full),IT,"Gartner, Inc. Common Stock","$1,001 - $15,000",,,
10/05/2022,11/10/2022,Tuberville,Thomas H,Sale (Full),SEIC,SEI Investments Company - Common Stock,"$1,001 - $15,000",,,
10/05/2022,11/10/2022,Tuberville,Thomas H,Sale (Full),DHI,"D.R. Horton, Inc. Common Stock","$1,001 - $15,000",,,
10/05/2022,11/10/2022,Tuberville,Thomas H,Sale (Full),CHD,"Church & Dwight Company, Inc. Common Stock","$1,001 - $15,000",,,
10/05/2022,11/10/2022,Tuberville,Thomas H,Sale (Full),HON,Honeywell International Inc. - Common Stock,"$1,001 - $15,000",,,
10/05/2022,11/03/2022,Carper,Thomas R,Sale (Full),PSQ,ProShares Short QQQ,"$1,001 - $15,000",,,
10/05/2022,11/10/2022,Tuberville,Thomas H,Sale (Full),FAST,Fastenal Company - Common Stock,"$1,001 - $15,000",,,
10/05/2022,11/10/2022,Tuberville,Thomas H,Sale (Full),AMAT,"Applied Materials, Inc. - Common Stock","$1,001 - $15,000",,,
10/05/2022,11/10/2022,Tuberville,Thomas H,Sale (Partial),MSFT,Microsoft Corporation - Common Stock,"$100,001 - $250,000",,,
10/05/2022,11/10/2022,Tuberville,Thomas H,Sale (Full),APD,"Air Products and Chemicals, Inc. Common Stock","$1,001 - $15,000",,,
10/05/2022,11/10/2022,Tuberville,Thomas H,Sale (Full),ALGN,"Align Technology, Inc. - Common Stock","$1,001 - $15,000",,,
10/05/2022,11/10/2022,Tuberville,Thomas H,Sale (Full),--,Brown-Forman Corp Class B,"$1,001 - $15,000",,,
10/05/2022,11/03/2022,Carper,Thomas R,Sale (Full),SH,ProShares Short S&P500,"$1,001 - $15,000",,,
10/05/2022,11/10/2022,Tuberville,Thomas H,Sale (Full),MASI,Masimo Corporation - Common Stock,"$1,001 - $15,000",,,
10/05/2022,11/10/2022,Tuberville,Thomas H,Sale (Full),TROW,"T. Rowe Price Group, Inc. - Common Stock","$1,001 - $15,000",,,
10/05/2022,11/10/2022,Tuberville,Thomas H,Sale (Full),GGG,Graco Inc. Common Stock,"$1,001 - $15,000",,,
10/05/2022,11/10/2022,Tuberville,Thomas H,Sale (Full),MNST,Monster Beverage Corporation - Common Stock,"$1,001 - $15,000",,,
10/05/2022,11/10/2022,Tuberville,Thomas H,Sale (Full),MKTX,"MarketAxess Holdings, Inc. - Common Stock","$1,001 - $15,000",,,
10/05/2022,11/03/2022,Carper,Thomas R,Purchase,HDGE,Ranger Equity Bear Bear ETF,"$1,001 - $15,000",,,
10/05/2022,11/10/2022,Tuberville,Thomas H,Sale (Full),IDXX,"IDEXX Laboratories, Inc. - Common Stock","$1,001 - $15,000",,,
10/05/2022,11/03/2022,Carper,Thomas R,Sale (Full),PSQ,ProShares Short QQQ,"$15,001 - $50,000",,,
10/05/2022,11/10/2022,Tuberville,Thomas H,Sale (Full),NVDA,NVIDIA Corporation - Common Stock,"$1,001 - $15,000",,,
10/05/2022,11/10/2022,Tuberville,Thomas H,Sale (Full),NOC,Northrop Grumman Corporation Common Stock,"$1,001 - $15,000",,,
10/05/2022,11/10/2022,Tuberville,Thomas H,Sale (Full),GRMN,Garmin Ltd. - Common Stock,"$1,001 - $15,000",,,
10/05/2022,11/10/2022,Tuberville,Thomas H,Sale (Full),ZTS,Zoetis Inc. Class A Common Stock,"$1,001 - $15,000",,,
10/05/2022,11/10/2022,Tuberville,Thomas H,Sale (Full),WIT,Wipro Limited Common Stock,"$1,001 - $15,000",,,
10/05/2022,11/10/2022,Tuberville,Thomas H,Sale (Full),EL,"Estee Lauder Companies, Inc. (The) Common Stock","$1,001 - $15,000",,,
10/04/2022,11/03/2022,Carper,Thomas R,Sale (Full),SBIO,Alps Medical Breakthroughs ETF,"$1,001 - $15,000",,,
10/04/2022,11/03/2022,Carper,Thomas R,Sale (Full),HQL,TeklaLife Sciences Investors Common Stock,"$1,001 - $15,000",,,
10/04/2022,11/03/2022,Carper,Thomas R,Sale (Full),NID,Nuveen Intermediate Duration Municipal Term Fund C,"$15,001 - $50,000",,,
10/04/2022,11/10/2022,Tuberville,Thomas H,Sale (Full),MRO,Marathon Oil Corporation Common Stock                                                                                                                                                                    Option Type: Short Sale Strike price: $23.00                                                Expires: 04/21/2023,"$1,001 - $15,000",,,
10/04/2022,11/10/2022,Tuberville,Thomas H,Purchase,OXY,Occidental Petroleum Corporation Common Stock                                                                                                                                                                    Option Type: Short Sale Strike price: $60.00                                                Expires: 05/19/2023,"$1,001 - $15,000",,,
10/04/2022,11/10/2022,Tuberville,Thomas H,Sale (Full),OXY,Occidental Petroleum Corporation Common Stock                                                                                                                                                                    Option Type: Short Sale Strike price: $60.00                                                Expires: 05/19/2023,"$1,001 - $15,000",,,
09/23/2022,10/17/2022,Smith,Tina,Purchase,AORT,"Artivion, Inc. Common Stock","$50,001 - $100,000",,,
09/20/2022,10/12/2022,Tuberville,Thomas H,Sale (Partial),X,United States Steel Corporation Common Stock                                                                                                                                                                    Option Type: Short Sale Strike price: $24.00                                                Expires: 04/21/2023,"$1,001 - $15,000",,,
09/20/2022,10/12/2022,Tuberville,Thomas H,Sale (Partial),MSFT,Microsoft Corporation - Common Stock                                                                                                                                                                    Option Type: Short Sale Strike price: $265.00                                                Expires: 04/21/2023,"$1,001 - $15,000",,,
09/19/2022,10/12/2022,Tuberville,Thomas H,Purchase,X,United States Steel Corporation Common Stock,"$100,001 - $250,000",,,
09/19/2022,10/12/2022,Tuberville,Thomas H,Purchase,ARKK,Ark Innovation ETF,"$1,001 - $15,000",,,
09/19/2022,10/04/2022,Carper,Thomas R,Sale (Full),SH,ProShares Short S&P500,"$1,001 - $15,000",,,
09/19/2022,10/12/2022,Tuberville,Thomas H,Purchase,MSFT,Microsoft Corporation - Common Stock,"$250,001 - $500,000",,,
09/19/2022,10/04/2022,Carper,Thomas R,Sale (Full),SH,ProShares Short S&P500,"$15,001 - $50,000",,,
09/12/2022,10/12/2022,Tuberville,Thomas H,Purchase,F,Ford Motor Company Common Stock,"$1,001 - $15,000",Put,17.00,09/16/2022
09/12/2022,10/12/2022,Tuberville,Thomas H,Sale (Full),F,Ford Motor Company Common Stock                                                                                                                                                                    Option Type: Short Sale Strike price: $17.00                                                Expires: 06/16/2023,"$15,001 - $50,000",,,
09/08/2022,10/04/2022,Carper,Thomas R,Sale (Full),SQM,Sociedad Quimica y Minera S.A. Common Stock,"$1,001 - $15,000",,,
09/07/2022,10/12/2022,Tuberville,Thomas H,Sale (Full),ECOM,ChannelAdvisor Corporation Common Stock,"$500,001 - $1,000,000",,,
09/07/2022,10/12/2022,Tuberville,Thomas H,Purchase,ARKK,Ark Innovation ETF,"$50,001 - $100,000",,,
09/06/2022,09/26/2022,"McConnell, Jr.",A. Mitchell,Purchase,WFC,Wells Fargo & Company Common Stock,"$1,001 - $15,000",,,
09/06/2022,10/12/2022,Tuberville,Thomas H,Purchase,NU,Nu Holdings Ltd. Class A Ordinary Shares,"$1,001 - $15,000",,,
08/30/2022,07/15/2023,Tillis,Thomas R,Sale (Full),KD,"Kyndryl Holdings, Inc. Common Stock","$1,001 - $15,000",,,
08/30/2022,11/03/2022,Sullivan,Daniel S,Sale (Full),FIVE,"Five Below, Inc. - Common Stock","$1,001 - $15,000",,,
08/26/2022,09/15/2022,Tuberville,Thomas H,Sale (Full),SSYS,"Stratasys, Ltd. - Common Stock","$50,001 - $100,000",,,
08/25/2022,09/15/2022,Tuberville,Thomas H,Purchase,ARKK,Ark Innovation ETF,"$50,001 - $100,000",,,
08/19/2022,09/02/2022,"Hagerty, IV",William F,Sale (Full),BKEPP,Blueknight Energy Partners L.P. - Series A Preferr,"$15,001 - $50,000",,,
08/18/2022,09/02/2022,Carper,Thomas R,Purchase,SQM,Sociedad Quimica y Minera S.A. Common Stock,"$1,001 - $15,000",,,
08/18/2022,09/15/2022,Tuberville,Thomas H,Purchase,MRO,Marathon Oil Corporation Common Stock,"$1,001 - $15,000",Put,20.00,09/16/2022
08/18/2022,09/02/2022,Carper,Thomas R,Sale (Full),FAST,Fastenal Company - Common Stock,"$1,001 - $15,000",,,
08/12/2022,09/15/2022,Tuberville,Thomas H,Purchase,X,United States Steel Corporation Common Stock,"$1,001 - $15,000",Put,20.00,09/16/2022
08/11/2022,08/19/2022,Hickenlooper,John W,Sale (Partial),FWONK,Liberty Media Corporation - Series C Liberty Formu,"$50,001 - $100,000",,,
08/11/2022,09/15/2022,Tuberville,Thomas H,Sale (Partial),--,"PayPal Holdings, Inc. - Common Stock","$100,001 - $250,000",,,
08/10/2022,09/02/2022,Carper,Thomas R,Sale (Partial),WIW,Western Asset Inflation-Linked Opportunities & Inc,"$1,001 - $15,000",,,
08/10/2022,09/02/2022,Carper,Thomas R,Purchase,MBXIX,Catalyst/Millburn Hedge Strategy Fund Class I,"$1,001 - $15,000",,,
08/10/2022,09/02/2022,Carper,Thomas R,Sale (Full),GLD,SPDR Gold Trust,"$1,001 - $15,000",,,
08/10/2022,09/02/2022,Carper,Thomas R,Sale (Partial),GNR,SPDR S&P Global Natural Resources ETF,"$1,001 - $15,000",,,
08/10/2022,09/02/2022,Carper,Thomas R,Purchase,PRF,Invesco FTSE RAFI US 1000 ETF,"$1,001 - $15,000",,,
08/10/2022,09/02/2022,Carper,Thomas R,Purchase,GSIMX,Goldman Sachs Gqg Partners International Opportu,"$1,001 - $15,000",,,
08/10/2022,09/02/2022,Carper,Thomas R,Sale (Full),FCPIX,Fidelity Advisor International Capital Appreciat,"$1,001 - $15,000",,,
08/10/2022,09/02/2022,Carper,Thomas R,Purchase,EFAD,ProShares Trust ProShares MSCI EAFE Dividend Growe,"$1,001 - $15,000",,,
08/10/2022,09/02/2022,Carper,Thomas R,Sale (Full),FINX,Global X FinTech ETF,"$1,001 - $15,000",,,
08/10/2022,09/02/2022,Carper,Thomas R,Sale (Full),GDXJ,VanEck Vectors Junior Gold Miners ETF,"$1,001 - $15,000",,,
08/10/2022,09/02/2022,Carper,Thomas R,Sale (Full),DGRS,WisdomTree U.S. SmallCap Quality Dividend Growth F,"$1,001 - $15,000",,,
08/10/2022,09/02/2022,Carper,Thomas R,Purchase,FQAL,Fidelity Quality Factor ETF,"$1,001 - $15,000",,,
08/10/2022,09/02/2022,Carper,Thomas R,Sale (Full),IJS,iShares S&P SmallCap 600 Value ETF,"$1,001 - $15,000",,,
08/10/2022,09/02/2022,Carper,Thomas R,Sale (Partial),LDP,Cohen & Steers Limited Duration Preferred and Inco,"$1,001 - $15,000",,,
08/10/2022,09/02/2022,Carper,Thomas R,Sale (Partial),SRVR,Pacer Benchmark Data & Infrastructure Real Estate,"$1,001 - $15,000",,,
08/10/2022,09/02/2022,Carper,Thomas R,Sale (Partial),MOO,VanEck Agribusiness ETF,"$1,001 - $15,000",,,
08/10/2022,09/02/2022,Carper,Thomas R,Purchase,EELV,S&P Emerging Markets Low Vol Invesco ETF,"$1,001 - $15,000",,,
08/10/2022,09/02/2022,Carper,Thomas R,Sale (Partial),CEF,Sprott Physical Gold & Silver Trust,"$1,001 - $15,000",,,
08/10/2022,09/02/2022,Carper,Thomas R,Purchase,FDRR,Fidelity Dividend ETF For Rising Rates,"$1,001 - $15,000",,,
08/10/2022,09/02/2022,Carper,Thomas R,Sale (Partial),LGI,Lazard Global Total Return and Income Fund Common,"$1,001 - $15,000",,,
08/10/2022,09/02/2022,Carper,Thomas R,Purchase,GSSC,GS Activebeta U.S. Small Cap Equity ETF,"$1,001 - $15,000",,,
08/10/2022,09/02/2022,Carper,Thomas R,Purchase,JHMM,John Hancock Multifactor Mid Cap ETF,"$1,001 - $15,000",,,
08/10/2022,09/02/2022,Carper,Thomas R,Purchase,SMDV,ProShares Russell 2000 Dividend Growers ETF,"$1,001 - $15,000",,,
08/10/2022,09/02/2022,Carper,Thomas R,Purchase,LUBYX,Lord Abbett Ultra Short Bond Fund - Class I,"$1,001 - $15,000",,,
08/10/2022,09/02/2022,Carper,Thomas R,Sale (Partial),CIBR,First Trust Nasdaq Cybersecurity ETF,"$1,001 - $15,000",,,
08/10/2022,09/02/2022,Carper,Thomas R,Purchase,JHEM,John Hancock Multifactor Emerging Markets ETF,"$1,001 - $15,000",,,
08/10/2022,09/02/2022,Carper,Thomas R,Sale (Full),IVV,iShares Core S&P 500,"$1,001 - $15,000",,,
08/10/2022,09/02/2022,Carper,Thomas R,Sale (Full),KRE,SPDR S&P Regional Banking ETF,"$1,001 - $15,000",,,
08/10/2022,09/02/2022,Carper,Thomas R,Purchase,CDL,VictoryShares US Large Cap High Div Volatility Wtd,"$1,001 - $15,000",,,
08/10/2022,09/02/2022,Carper,Thomas R,Sale (Full),GSMYX,Goldman Sachs Small/Mid-Cap Growth Fund Inst Cl,"$1,001 - $15,000",,,
08/10/2022,09/02/2022,Carper,Thomas R,Sale (Full),QTEC,First Trust NASDAQ-100-Technology Sector Index Fun,"$1,001 - $15,000",,,
08/10/2022,09/02/2022,Carper,Thomas R,Sale (Partial),CFA,VictoryShares US 500 Volatility Wtd ETF,"$1,001 - $15,000",,,
08/10/2022,09/02/2022,Carper,Thomas R,Purchase,SPGP,Invesco S&P 500 GARP ETF,"$1,001 - $15,000",,,
08/09/2022,08/19/2022,Hickenlooper,John W,Purchase,FWONK,Liberty Media Corporation - Series C Liberty Formu,"$15,001 - $50,000",,,
08/09/2022,09/02/2022,Carper,Thomas R,Sale (Full),FIASX,Fidelity Advisor International Small Cap Class A,"$15,001 - $50,000",,,
08/05/2022,09/15/2022,Tuberville,Thomas H,Purchase,INTC,Intel Corporation - Common Stock,"$1,001 - $15,000",,,
08/05/2022,09/15/2022,Tuberville,Thomas H,Purchase,INTC,Intel Corporation - Common Stock,"$100,001 - $250,000",,,
08/03/2022,09/15/2022,Tuberville,Thomas H,Sale (Full),PYPL,"PayPal Holdings, Inc. - Common Stock                                                                                                                                                                    Option Type: Short Sale Strike price: $125.00                                                Expires: 06/16/2023","$15,001 - $50,000",,,
08/03/2022,09/15/2022,Tuberville,Thomas H,Sale (Full),CLF,Cleveland-Cliffs Inc. Common Stock                                                                                                                                                                    Option Type: Short Sale Strike price: $22.00                                                Expires: 06/16/2023,"$1,001 - $15,000",,,
08/02/2022,11/03/2022,Sullivan,Daniel S,Sale (Full),--,MOWI,"$15,001 - $50,000",,,
08/01/2022,09/15/2022,Tuberville,Thomas H,Sale (Full),XLC,The Communication Services Select Sector SPDR Fund,"$15,001 - $50,000",,,
08/01/2022,09/15/2022,Tuberville,Thomas H,Sale (Full),PCNNX,Pimco Investment Grade Credit Bond Fund Class I-,"$15,001 - $50,000",,,
08/01/2022,09/15/2022,Tuberville,Thomas H,Sale (Full),IVV,iShares Core S&P 500 ETF,"$15,001 - $50,000",,,
08/01/2022,09/15/2022,Tuberville,Thomas H,Sale (Full),EFAV,iShares MSCI EAFE Min Vol Factor ETF,"$15,001 - $50,000",,,
08/01/2022,09/15/2022,Tuberville,Thomas H,Sale (Full),VTRS,Viatris Inc. - Common Stock,"$1,001 - $15,000",,,
08/01/2022,09/15/2022,Tuberville,Thomas H,Sale (Full),TSCO,Tractor Supply Company - Common Stock,"$1,001 - $15,000",,,
08/01/2022,09/15/2022,Tuberville,Thomas H,Purchase,RSP,Invesco S&P 500 Equal Weight ETF,"$15,001 - $50,000",,,
08/01/2022,09/15/2022,Tuberville,Thomas H,Purchase,IDV,iShares International Select Dividend ETF,"$15,001 - $50,000",,,
08/01/2022,09/15/2022,Tuberville,Thomas H,Purchase,MUB,iShares National Muni Bond ETF,"$50,001 - $100,000",,,
08/01/2022,09/15/2022,Tuberville,Thomas H,Sale (Full),JHCBX,John Hancock Bond Fund Cl C,"$15,001 - $50,000",,,
08/01/2022,09/15/2022,Tuberville,Thomas H,Sale (Full),ORCL,Oracle Corporation Common Stock,"$1,001 - $15,000",,,
08/01/2022,09/15/2022,Tuberville,Thomas H,Purchase,OC,Owens Corning Inc Common Stock New,"$15,001 - $50,000",,,
08/01/2022,09/15/2022,Tuberville,Thomas H,Purchase,DHS,Wisdomtree U.S. High Dividend Fund,"$15,001 - $50,000",,,
08/01/2022,09/15/2022,Tuberville,Thomas H,Sale (Full),XLY,SPDR Select Sector Fund - Consumer Discretionary,"$15,001 - $50,000",,,
08/01/2022,09/15/2022,Tuberville,Thomas H,Purchase,ABNFX,The Bond Fd of America Class F-2 Shares,"$15,001 - $50,000",,,
07/20/2022,08/22/2022,Peters,Gary C,Exchange,--                                                                                                                            HR,HEALTHCARE REALTY TR INC (Exchanged)                                                                                        Healthcare Realty Trust Incorporated Common Stock (Received),"$1,001 - $15,000",,,
07/18/2022,08/15/2022,Tuberville,Thomas H,Purchase,CLF,Cleveland-Cliffs Inc. Common Stock,"$50,001 - $100,000",,,
07/14/2022,08/15/2022,Tuberville,Thomas H,Purchase,ECOM,ChannelAdvisor Corporation Common Stock,"$100,001 - $250,000",,,
07/11/2022,08/10/2022,Capito,Shelley M,Purchase,GWW,"W.W. Grainger, Inc. Common Stock","$1,001 - $15,000",,,
07/01/2022,08/10/2022,Capito,Shelley M,Purchase,COST,Costco Wholesale Corporation - Common Stock,"$1,001 - $15,000",,,
06/30/2022,07/13/2022,Graham,Lindsey,Purchase,IBDO,iShares iBonds Dec 2023 Term Corporate ETF,"$1,001 - $15,000",,,
06/30/2022,07/13/2022,Graham,Lindsey,Sale (Full),VTIP,Vanguard Short-Term Inflation-Protected Securities,"$15,001 - $50,000",,,
06/30/2022,07/15/2022,Capito,Shelley M,Sale (Full),MMM,3M Company Common Stock,"$1,001 - $15,000",,,
06/30/2022,07/13/2022,Graham,Lindsey,Purchase,IBDQ,iShares iBonds Dec 2025 Term Corporate ETF,"$15,001 - $50,000",,,
06/29/2022,07/13/2022,Tuberville,Thomas H,Purchase,PYPL,"PayPal Holdings, Inc. - Common Stock","$50,001 - $100,000",,,
06/28/2022,07/13/2022,Tuberville,Thomas H,Sale (Partial),QCOM,QUALCOMM Incorporated - Common Stock,"$250,001 - $500,000",,,
06/28/2022,07/13/2022,Tuberville,Thomas H,Sale (Partial),QCOM,QUALCOMM Incorporated - Common Stock                                                                                                                                                                    Option Type: Short Sale Strike price: $135.00                                                Expires: 06/16/2023,"$50,001 - $100,000",,,
06/23/2022,07/20/2022,Fischer,Debra S,Sale (Full),CSCO,"Cisco Systems, Inc. - Common Stock","$1,001 - $15,000",,,
06/23/2022,07/20/2022,Fischer,Debra S,Sale (Full),LMT,Lockheed Martin Corporation Common Stock,"$50,001 - $100,000",,,
06/23/2022,07/20/2022,Fischer,Debra S,Sale (Full),KO,Coca-Cola Company (The) Common Stock,"$1,001 - $15,000",,,
06/23/2022,07/20/2022,Fischer,Debra S,Sale (Full),CAT,"Caterpillar, Inc. Common Stock","$50,001 - $100,000",,,
06/22/2022,07/13/2022,Tuberville,Thomas H,Sale (Partial),X,United States Steel Corporation Common Stock                                                                                                                                                                    Option Type: Short Sale Strike price: $22.00                                                Expires: 09/16/2022,"$1,001 - $15,000",,,
06/22/2022,07/13/2022,Tuberville,Thomas H,Purchase,GOLD,Barrick Gold Corporation Common Stock (BC),"$1,001 - $15,000",Call,27.00,01/20/2023
06/22/2022,07/13/2022,Tuberville,Thomas H,Sale (Full),GOLD,Barrick Gold Corporation Common Stock (BC),"$50,001 - $100,000",,,
06/21/2022,07/13/2022,Tuberville,Thomas H,Purchase,INTC,Intel Corporation - Common Stock,"$50,001 - $100,000",,,
06/21/2022,07/14/2022,Sullivan,Daniel S,Sale (Partial),RPM,RPM International Inc. Common Stock,"$15,001 - $50,000",,,
06/21/2022,07/13/2022,Tuberville,Thomas H,Purchase,SSYS,"Stratasys, Ltd. - Common Stock","$1,001 - $15,000",,,
06/21/2022,07/13/2022,Tuberville,Thomas H,Purchase,X,United States Steel Corporation Common Stock,"$100,001 - $250,000",,,
06/17/2022,07/13/2022,Tuberville,Thomas H,Sale (Full),CVX,Chevron Corporation Common Stock,"$1,001 - $15,000",,,
06/17/2022,07/15/2022,Capito,Shelley M,Sale (Partial),BMY,Bristol-Myers Squibb Company Common Stock,"$1,001 - $15,000",,,
06/17/2022,07/15/2022,Capito,Shelley M,Sale (Partial),KO,Coca-Cola Company (The) Common Stock,"$1,001 - $15,000",,,
06/17/2022,07/13/2022,Tuberville,Thomas H,Sale (Full),BRK.B,Berkshire Hathaway Inc. New Common Stock,"$100,001 - $250,000",,,
06/17/2022,07/13/2022,Tuberville,Thomas H,Sale (Full),EVT,Eaton Vance Tax Advantaged Dividend Income Fund Co,"$50,001 - $100,000",,,
06/17/2022,07/15/2022,Capito,Shelley M,Sale (Partial),MSFT,Microsoft Corporation - Common Stock,"$1,001 - $15,000",,,
06/17/2022,07/15/2022,Capito,Shelley M,Sale (Partial),IBM,International Business Machines Corporat,"$1,001 - $15,000",,,
06/17/2022,07/13/2022,Tuberville,Thomas H,Purchase,PYPL,"PayPal Holdings, Inc. - Common Stock","$100,001 - $250,000",,,
06/17/2022,07/15/2022,Capito,Shelley M,Sale (Partial),INTC,Intel Corporation - Common Stock,"$1,001 - $15,000",,,
06/17/2022,07/13/2022,Tuberville,Thomas H,Sale (Full),SCCO,Southern Copper Corporation Common Stock,"$100,001 - $250,000",,,
06/16/2022,07/13/2022,Tuberville,Thomas H,Purchase,PYPL,"PayPal Holdings, Inc. - Common Stock","$1,001 - $15,000",,,
06/16/2022,07/13/2022,Tuberville,Thomas H,Purchase,QCOM,QUALCOMM Incorporated - Common Stock,"$250,001 - $500,000",,,
06/16/2022,07/15/2022,Capito,Shelley M,Sale (Full),F,Ford Motor Company Common Stock,"$1,001 - $15,000",,,
06/16/2022,07/15/2022,Capito,Shelley M,Sale (Full),INTC,Intel Corporation - Common Stock,"$15,001 - $50,000",,,
06/15/2022,07/13/2022,Tuberville,Thomas H,Purchase,QCOM,QUALCOMM Incorporated - Common Stock,"$1,001 - $15,000",Put,130.00,06/17/2022
06/15/2022,07/13/2022,Tuberville,Thomas H,Sale (Full),PYPL,"PayPal Holdings, Inc. - Common Stock                                                                                                                                                                    Option Type: Short Sale Strike price: $150.00                                                Expires: 09/15/2023","$50,001 - $100,000",,,
06/15/2022,07/13/2022,Tuberville,Thomas H,Sale (Full),NVDA,NVIDIA Corporation - Common Stock                                                                                                                                                                    Option Type: Short Sale Strike price: $150.00                                                Expires: 03/17/2023,"$15,001 - $50,000",,,
06/15/2022,07/13/2022,Tuberville,Thomas H,Purchase,NVDA,NVIDIA Corporation - Common Stock,"$15,001 - $50,000",Put,180.00,06/17/2022
06/15/2022,07/13/2022,Tuberville,Thomas H,Purchase,PYPL,"PayPal Holdings, Inc. - Common Stock","$50,001 - $100,000",Put,220.00,06/17/2022
06/14/2022,07/13/2022,Tuberville,Thomas H,Purchase,SSYS,"Stratasys, Ltd. - Common Stock","$1,001 - $15,000",,,
06/09/2022,07/13/2022,Tuberville,Thomas H,Purchase,INTC,Intel Corporation - Common Stock,"$15,001 - $50,000",,,
06/09/2022,07/13/2022,Tuberville,Thomas H,Purchase,SSYS,"Stratasys, Ltd. - Common Stock","$15,001 - $50,000",,,
06/08/2022,07/13/2022,Tuberville,Thomas H,Purchase,NVDA,NVIDIA Corporation - Common Stock                                                                                                                                                                    Option Type: Short Sale Strike price: $150.00                                                Expires: 12/16/2022,"$1,001 - $15,000",,,
06/06/2022,07/13/2022,Tuberville,Thomas H,Purchase,EVT,Eaton Vance Tax Advantaged Dividend Income Fund Co,"$15,001 - $50,000",,,
06/06/2022,06/12/2022,Blunt,Roy,Sale (Full),--,KH,"$15,001 - $50,000",,,
06/06/2022,06/12/2022,Blunt,Roy,Purchase,AMBP,Ardagh Metal Packaging S.A. Ordinary Shares,"$50,001 - $100,000",,,
06/03/2022,06/13/2022,"McConnell, Jr.",A. Mitchell,Purchase,WFC,Wells Fargo & Company Common Stock,"$1,001 - $15,000",,,
06/01/2022,07/15/2022,Capito,Shelley M,Purchase,CMS,CMS Energy Corporation Common Stock,"$1,001 - $15,000",,,
06/01/2022,07/13/2022,Tuberville,Thomas H,Purchase,ECOM,ChannelAdvisor Corporation Common Stock,"$1,001 - $15,000",,,
05/31/2022,06/13/2022,Tuberville,Thomas H,Sale (Full),X,United States Steel Corporation Common Stock,"$15,001 - $50,000",Call,30.00,01/20/2023
05/31/2022,06/13/2022,Tuberville,Thomas H,Purchase,X,United States Steel Corporation Common Stock,"$100,001 - $250,000",,,
05/31/2022,06/13/2022,Tuberville,Thomas H,Sale (Partial),X,United States Steel Corporation Common Stock,"$15,001 - $50,000",Put,23.00,01/20/2023
05/26/2022,06/12/2022,Capito,Shelley M,Sale (Partial),NEE,"NextEra Energy, Inc. Common Stock","$1,001 - $15,000",,,
05/25/2022,06/12/2022,Capito,Shelley M,Sale (Partial),WEC,"WEC Energy Group, Inc. Common Stock","$1,001 - $15,000",,,
05/20/2022,06/13/2022,Tuberville,Thomas H,Purchase,PYPL,"PayPal Holdings, Inc. - Common Stock","$50,001 - $100,000",,,
05/19/2022,06/13/2022,Tuberville,Thomas H,Purchase,PYPL,"PayPal Holdings, Inc. - Common Stock","$250,001 - $500,000",,,
05/19/2022,06/13/2022,Hickenlooper,John W,Sale (Partial),CMG,"Chipotle Mexican Grill, Inc. Common Stock","$50,001 - $100,000",,,
05/16/2022,06/03/2022,Carper,Thomas R,Sale (Partial),FCPIX,Fidelity Advisor International Capital Appreciat,"$1,001 - $15,000",,,
05/16/2022,06/03/2022,Carper,Thomas R,Purchase,ABYIX,Abbey Capital Futures Strategy Fund- Class I Sha,"$1,001 - $15,000",,,
05/16/2022,06/03/2022,Carper,Thomas R,Sale (Full),JCI,Johnson Controls International plc Ordinary Share,"$1,001 - $15,000",,,
05/16/2022,06/03/2022,Carper,Thomas R,Sale (Partial),GSMYX,Goldman Sachs Small/Mid-Cap Growth Fund Inst Cl,"$1,001 - $15,000",,,
05/13/2022,06/13/2022,Hickenlooper,John W,Purchase,LBRDK,Liberty Broadband Corporation - Class C Common Sto,"$15,001 - $50,000",,,
05/13/2022,06/13/2022,Hickenlooper,John W,Sale (Partial),FWONK,Liberty Media Corporation - Series C Liberty Formu,"$50,001 - $100,000",,,
05/13/2022,06/13/2022,Hickenlooper,John W,Purchase,FWONK,Liberty Media Corporation - Series C Liberty Formu,"$15,001 - $50,000",,,
05/13/2022,06/13/2022,Hickenlooper,John W,Purchase,FWONA,Liberty Media Corporation - Series A Liberty Formu,"$1,001 - $15,000",,,
05/13/2022,06/13/2022,Hickenlooper,John W,Sale (Partial),FWONA,Liberty Media Corporation - Series A Liberty Formu,"$50,001 - $100,000",,,
05/13/2022,06/13/2022,Hickenlooper,John W,Sale (Partial),LBRDA,Liberty Broadband Corporation - Class A Common Sto,"$15,001 - $50,000",,,
05/13/2022,06/13/2022,Hickenlooper,John W,Sale (Partial),LBRDK,Liberty Broadband Corporation - Class C Common Sto,"$15,001 - $50,000",,,
05/13/2022,06/13/2022,Hickenlooper,John W,Purchase,LBRDA,Liberty Broadband Corporation - Class A Common Sto,"$1,001 - $15,000",,,
05/10/2022,06/03/2022,Carper,Thomas R,Sale (Partial),FDN,First Trust DJ Internet Index Fund,"$1,001 - $15,000",,,
05/10/2022,06/03/2022,Carper,Thomas R,Sale (Partial),NXTG,First Trust Indxx Nextg ETF,"$1,001 - $15,000",,,
05/10/2022,06/03/2022,Carper,Thomas R,Sale (Partial),RTH,VanEck Vectors Retail ETF,"$1,001 - $15,000",,,
05/10/2022,06/03/2022,Carper,Thomas R,Sale (Partial),IVV,iShares Core S&P 500 ETF,"$1,001 - $15,000",,,
05/10/2022,06/03/2022,Carper,Thomas R,Sale (Partial),LUBYX,Lord Abbett Ultra Short Bond Fund - Class I,"$1,001 - $15,000",,,
05/10/2022,06/03/2022,Carper,Thomas R,Sale (Partial),FINX,Global X FinTech ETF,"$1,001 - $15,000",,,
05/10/2022,06/03/2022,Carper,Thomas R,Sale (Partial),QTEC,First Trust NASDAQ-100-Technology Sector Index Fun,"$1,001 - $15,000",,,
05/10/2022,06/03/2022,Carper,Thomas R,Sale (Partial),CIBR,First Trust Nasdaq Cybersecurity ETF,"$1,001 - $15,000",,,
05/10/2022,06/03/2022,Carper,Thomas R,Purchase,GNR,SPDR S&P Global Natural Resources ETF,"$1,001 - $15,000",,,
05/10/2022,06/03/2022,Carper,Thomas R,Sale (Partial),GSMYX,Goldman Sachs Small/Mid-Cap Growth Fund Inst Cl,"$1,001 - $15,000",,,
05/10/2022,06/03/2022,Carper,Thomas R,Sale (Partial),GLD,SPDR Gold Trust,"$1,001 - $15,000",,,
05/10/2022,06/03/2022,Carper,Thomas R,Purchase,ABYIX,Abbey Capital Futures Strategy Fund- Class I Sha,"$1,001 - $15,000",,,
05/06/2022,05/16/2022,"Hagerty, IV",William F,Sale (Partial),LMND,"Lemonade, Inc. Common Stock","$1,001 - $15,000",,,
05/05/2022,05/12/2022,Thune,John R,Sale (Full),IRT,"Independence Realty Trust, Inc. Common Stock","$15,001 - $50,000",,,
04/28/2022,05/13/2022,Tuberville,Thomas H,Purchase,PYPL,"PayPal Holdings, Inc. - Common Stock","$1,001 - $15,000",Call,135.00,09/16/2022
04/28/2022,05/13/2022,Tuberville,Thomas H,Sale (Full),PYPL,"PayPal Holdings, Inc. - Common Stock                                                                                                                                                                    Option Type: Short Sale Strike price: $125.00                                                Expires: 06/16/2023","$50,001 - $100,000",,,
04/28/2022,05/13/2022,Tuberville,Thomas H,Sale (Full),PYPL,"PayPal Holdings, Inc. - Common Stock","$50,001 - $100,000",,,
04/21/2022,05/13/2022,Tuberville,Thomas H,Purchase,ECOM,ChannelAdvisor Corporation Common Stock,"$100,001 - $250,000",,,
04/11/2022,05/13/2022,Tuberville,Thomas H,Sale (Full),SQ,"Block, Inc. Class A Common Stock,","$1,001 - $15,000",,,
04/11/2022,05/24/2022,Whitehouse,Sheldon,Exchange,TWBD,"AT&T Inc. (Exchanged)                                                                                        Warner Bros. Discovery, Inc. - Series A Common Sto (Received)","$1,001 - $15,000",,,
04/11/2022,05/13/2022,Tuberville,Thomas H,Purchase,PYPL,"PayPal Holdings, Inc. - Common Stock","$15,001 - $50,000",,,
04/08/2022,05/11/2022,Peters,Gary C,Exchange,--                                                                                                                            WBD,"WarnerMedia Spinco (Exchanged)                                                                                        Warner Bros. Discovery, Inc. - Series A Common Sto (Received)","$1,001 - $15,000",,,
04/08/2022,04/21/2022,Rosen,Jacklyn S,Exchange,TWBD,"AT&T Inc. (Exchanged)                                                                                        Warner Bros. Discovery, Inc. - Series A Common Sto (Received)","$1,001 - $15,000",,,
04/03/2022,05/11/2023,Tuberville,Thomas H,Purchase,A,"Agilent Technologies, Inc. Common Stock","$1,001 - $15,000",,,
04/01/2022,04/21/2022,Rosen,Jacklyn S,Exchange,BDXEMBC,"Becton, Dickinson and Company Common Stock (Exchanged)                                                                                        Embecta Corp. - Common Stock (Received)","$1,001 - $15,000",,,
03/30/2022,04/08/2022,Tuberville,Thomas H,Purchase,HON,Honeywell International Inc. - Common Stock,"$1,001 - $15,000",,,
03/30/2022,04/08/2022,Tuberville,Thomas H,Sale (Full),CP,Canadian Pacific Railway Ltd,"$1,001 - $15,000",,,
03/30/2022,04/08/2022,Tuberville,Thomas H,Sale (Full),BIO,"Bio-Rad Laboratories, Inc. Class A Common Stock","$1,001 - $15,000",,,
03/30/2022,04/08/2022,Tuberville,Thomas H,Purchase,BMO,Bank of Montreal,"$1,001 - $15,000",,,
03/30/2022,04/08/2022,Tuberville,Thomas H,Purchase,NDAQ,"Nasdaq, Inc. - Common Stock","$1,001 - $15,000",,,
03/30/2022,04/08/2022,Tuberville,Thomas H,Purchase,NOC,Northrop Grumman Corporation Common Stock,"$1,001 - $15,000",,,
03/30/2022,04/08/2022,Tuberville,Thomas H,Sale (Full),CE,Celanese Corporation Celanese Corporation Common S,"$1,001 - $15,000",,,
03/30/2022,04/08/2022,Tuberville,Thomas H,Purchase,TMO,Thermo Fisher Scientific Inc Common Stock,"$1,001 - $15,000",,,
03/30/2022,04/08/2022,Tuberville,Thomas H,Sale (Full),CABO,"Cable One, Inc. Common Stock","$1,001 - $15,000",,,
03/30/2022,04/08/2022,Tuberville,Thomas H,Purchase,MASI,Masimo Corporation - Common Stock,"$1,001 - $15,000",,,
03/30/2022,04/08/2022,Tuberville,Thomas H,Purchase,HUMA,"Humacyte, Inc. - Common Stock","$15,001 - $50,000",,,
03/30/2022,04/08/2022,Tuberville,Thomas H,Purchase,MMC,"Marsh & McLennan Companies, Inc. Common Stock","$1,001 - $15,000",,,
03/30/2022,04/08/2022,Tuberville,Thomas H,Purchase,RMD,ResMed Inc. Common Stock,"$1,001 - $15,000",,,
03/30/2022,04/08/2022,Tuberville,Thomas H,Purchase,RF,Regions Financial Corporation Common Stock,"$1,001 - $15,000",,,
03/30/2022,04/08/2022,Tuberville,Thomas H,Sale (Full),DEO,Diageo plc Common Stock,"$1,001 - $15,000",,,
03/30/2022,04/08/2022,Tuberville,Thomas H,Purchase,MRK,"Merck & Company, Inc. Common Stock (new)","$1,001 - $15,000",,,
03/30/2022,04/08/2022,Tuberville,Thomas H,Sale (Full),GNRC,Generac Holdlings Inc. Common Stock,"$1,001 - $15,000",,,
03/30/2022,04/08/2022,Tuberville,Thomas H,Sale (Full),EXP,Eagle Materials Inc Common Stock,"$1,001 - $15,000",,,
03/30/2022,04/08/2022,Tuberville,Thomas H,Purchase,MKSI,"MKS Instruments, Inc. - Common Stock","$1,001 - $15,000",,,
03/30/2022,04/08/2022,Tuberville,Thomas H,Purchase,GFI,Gold Fields Limited American Depositary Shares,"$1,001 - $15,000",,,
03/30/2022,04/08/2022,Tuberville,Thomas H,Sale (Full),VMW,"Vmware, Inc. Common stock, Class A","$1,001 - $15,000",,,
03/30/2022,04/08/2022,Tuberville,Thomas H,Purchase,DHI,"D.R. Horton, Inc. Common Stock","$1,001 - $15,000",,,
03/30/2022,04/08/2022,Tuberville,Thomas H,Purchase,ABBV,AbbVie Inc. Common Stock,"$1,001 - $15,000",,,
03/30/2022,04/08/2022,Tuberville,Thomas H,Sale (Full),WST,"West Pharmaceutical Services, Inc. Common Stock","$1,001 - $15,000",,,
03/30/2022,04/08/2022,Tuberville,Thomas H,Purchase,GOOG,Alphabet Inc. - Class C Capital Stock,"$1,001 - $15,000",,,
03/30/2022,04/08/2022,Tuberville,Thomas H,Purchase,IT,"Gartner, Inc. Common Stock","$1,001 - $15,000",,,
03/30/2022,04/08/2022,Tuberville,Thomas H,Purchase,FGBI,"First Guaranty Bancshares, Inc. - Common Stock","$1,001 - $15,000",,,
03/30/2022,04/08/2022,Tuberville,Thomas H,Purchase,CDNS,"Cadence Design Systems, Inc. - Common Stock","$1,001 - $15,000",,,
03/30/2022,04/08/2022,Tuberville,Thomas H,Sale (Full),REGN,"Regeneron Pharmaceuticals, Inc. - Common Stock","$1,001 - $15,000",,,
03/30/2022,04/08/2022,Tuberville,Thomas H,Sale (Full),VEEV,Veeva Systems Inc. Class A Common Stock,"$1,001 - $15,000",,,
03/30/2022,04/08/2022,Tuberville,Thomas H,Purchase,CFG,"Citizens Financial Group, Inc. Common Stock","$1,001 - $15,000",,,
03/30/2022,04/08/2022,Tuberville,Thomas H,Sale (Full),SIVB,SVB Financial Group - Common Stock,"$1,001 - $15,000",,,
03/30/2022,04/08/2022,Tuberville,Thomas H,Sale (Full),BKE,"Buckle, Inc. (The) Common Stock","$1,001 - $15,000",,,
03/30/2022,04/08/2022,Tuberville,Thomas H,Sale (Full),NFLX,"Netflix, Inc. - Common Stock","$1,001 - $15,000",,,
03/30/2022,04/08/2022,Tuberville,Thomas H,Sale (Full),SPGI,S&P Global Inc. Common Stock,"$1,001 - $15,000",,,
03/30/2022,04/08/2022,Tuberville,Thomas H,Purchase,LMST,"Limestone Bancorp, Inc. - Common Stock","$1,001 - $15,000",,,
03/30/2022,04/08/2022,Tuberville,Thomas H,Sale (Full),ROK,"Rockwell Automation, Inc. Common Stock","$1,001 - $15,000",,,
03/30/2022,04/08/2022,Tuberville,Thomas H,Purchase,AME,"AMETEK, Inc.","$1,001 - $15,000",,,
03/30/2022,04/08/2022,Tuberville,Thomas H,Sale (Full),INTU,Intuit Inc. - Common Stock,"$1,001 - $15,000",,,
03/30/2022,04/08/2022,Tuberville,Thomas H,Purchase,KEY,KeyCorp Common Stock,"$1,001 - $15,000",,,
03/30/2022,04/08/2022,Tuberville,Thomas H,Purchase,FITB,Fifth Third Bancorp - Common Stock,"$1,001 - $15,000",,,
03/30/2022,04/08/2022,Tuberville,Thomas H,Sale (Full),SNA,Snap-On Incorporated Common Stock,"$1,001 - $15,000",,,
03/23/2022,04/08/2022,Tuberville,Thomas H,Sale (Full),GOLD,Barrick Gold Corporation Common Stock (BC)                                                                                                                                                                    Option Type: Short Sale Strike price: $23.00                                                Expires: 01/20/2023,"$1,001 - $15,000",,,
03/23/2022,04/08/2022,Tuberville,Thomas H,Sale (Full),GOLD,Barrick Gold Corporation Common Stock (BC)                                                                                                                                                                    Option Type: Short Sale Strike price: $27.00                                                Expires: 01/20/2023,"$1,001 - $15,000",,,
03/22/2022,04/08/2022,Tuberville,Thomas H,Purchase,NU,Nu Holdings Ltd. Class A Ordinary Shares                                                                                                                                                                    Option Type: Short Sale Strike price: $9.00                                                Expires: 12/16/22,"$1,001 - $15,000",,,
03/22/2022,04/08/2022,Tuberville,Thomas H,Purchase,SCCO,Southern Copper Corporation Common Stock,"$1,001 - $15,000",Put,55.00,06/17/2022
03/22/2022,04/08/2022,Tuberville,Thomas H,Sale (Full),MSFT,Microsoft Corporation - Common Stock                                                                                                                                                                    Option Type: Short Sale Strike price: $265.00                                                Expires: 10/21/2022,"$15,001 - $50,000",,,
03/21/2022,04/08/2022,Tuberville,Thomas H,Purchase,ECOM,ChannelAdvisor Corporation Common Stock,"$15,001 - $50,000",,,
03/21/2022,04/08/2022,Tuberville,Thomas H,Purchase,NU,Nu Holdings Ltd. Class A Ordinary Shares,"$15,001 - $50,000",,,
03/17/2022,04/05/2022,Carper,Thomas R,Sale (Full),KWEB,KS Trust KS CSI China Internet ETF,"$1,001 - $15,000",,,
03/16/2022,06/13/2022,Hickenlooper,John W,Sale (Partial),LBRDK,Liberty Broadband Corporation - Class C Common Sto,"$50,001 - $100,000",,,
03/16/2022,06/13/2022,Hickenlooper,John W,Sale (Partial),FWONK,Liberty Media Corporation - Series C Liberty Formu,"$50,001 - $100,000",,,
03/16/2022,06/13/2022,Hickenlooper,John W,Sale (Partial),LSXMK,Liberty Media Corporation - Series C Liberty Siriu,"$15,001 - $50,000",,,
03/15/2022,04/05/2022,Carper,Thomas R,Purchase,PSQ,ProShares Short QQQ,"$1,001 - $15,000",,,
03/15/2022,04/05/2022,Carper,Thomas R,Purchase,SH,ProShares Short S&P500,"$1,001 - $15,000",,,
03/14/2022,06/13/2022,Hickenlooper,John W,Sale (Partial),BATRK,Liberty Media Corporation - Series C Liberty Brave,"$15,001 - $50,000",,,
03/14/2022,06/13/2022,Hickenlooper,John W,Purchase,BATRK,Liberty Media Corporation - Series C Liberty Brave,"$1,001 - $15,000",,,
03/14/2022,04/05/2022,Carper,Thomas R,Purchase,PSQ,ProShares Short QQQ,"$1,001 - $15,000",,,
03/14/2022,04/05/2022,Carper,Thomas R,Purchase,PSQ,ProShares Short QQQ,"$15,001 - $50,000",,,
03/14/2022,04/05/2022,Carper,Thomas R,Purchase,SH,ProShares Short S&P500,"$1,001 - $15,000",,,
03/14/2022,04/05/2022,Carper,Thomas R,Purchase,SH,ProShares Short S&P500,"$15,001 - $50,000",,,
03/09/2022,08/14/2023,"Hagerty, IV",William F,Sale (Full),TACO,"Del Taco Restaurants, Inc. - Common Stock","$15,001 - $50,000",,,
03/09/2022,04/13/2022,"Hagerty, IV",William F,Sale (Partial),TACO,"Del Taco Restaurants, Inc. - Common Stock","$15,001 - $50,000",,,
03/08/2022,04/08/2022,Tuberville,Thomas H,Purchase,ECOM,ChannelAdvisor Corporation Common Stock,"$50,001 - $100,000",,,
03/07/2022,04/05/2022,Carper,Thomas R,Purchase,GNR,SPDR S&P Global Natural Resources ETF,"$1,001 - $15,000",,,
03/07/2022,04/05/2022,Carper,Thomas R,Purchase,GLD,SPDR Gold Trust,"$1,001 - $15,000",,,
03/07/2022,04/05/2022,Carper,Thomas R,Sale (Partial),MAXR,Maxar Technologies Inc,"$1,001 - $15,000",,,
03/07/2022,04/05/2022,Carper,Thomas R,Sale (Partial),CFA,VictoryShares US 500 Volatility Wtd ETF,"$1,001 - $15,000",,,
03/07/2022,04/05/2022,Carper,Thomas R,Sale (Partial),NXTG,First Trust Indxx Nextg ETF,"$1,001 - $15,000",,,
03/07/2022,04/05/2022,Carper,Thomas R,Sale (Partial),FCPIX,Fidelity Advisor International Capital Appreciat,"$1,001 - $15,000",,,
03/07/2022,04/05/2022,Carper,Thomas R,Purchase,MOO,VanEck Vectors Agribusiness ETF,"$1,001 - $15,000",,,
03/07/2022,04/05/2022,Carper,Thomas R,Sale (Partial),DGRS,WisdomTree U.S. SmallCap Quality Dividend Growth F,"$1,001 - $15,000",,,
03/07/2022,04/05/2022,Carper,Thomas R,Sale (Partial),SBIO,Alps Medical Breakthroughs ETF,"$1,001 - $15,000",,,
03/07/2022,04/05/2022,Carper,Thomas R,Purchase,GDXJ,VanEck Junior Gold Miners ETF,"$1,001 - $15,000",,,
03/04/2022,04/07/2022,Sullivan,Daniel S,Sale (Partial),RPM,RPM International Inc. Common Stock,"$1,001 - $15,000",,,
03/03/2022,03/14/2022,"McConnell, Jr.",A. Mitchell,Purchase,WFC,Wells Fargo & Company Common Stock,"$1,001 - $15,000",,,
02/24/2022,03/23/2022,Wyden,Ron L,Purchase,AAPL,Apple Inc. - Common Stock,"$50,001 - $100,000",,,
02/24/2022,03/11/2022,Capito,Shelley M,Sale (Partial),MSFT,Microsoft Corporation - Common Stock,"$1,001 - $15,000",,,
02/24/2022,03/23/2022,Wyden,Ron L,Sale (Partial),AAPL,Apple Inc. - Common Stock,"$50,001 - $100,000",,,
02/24/2022,03/11/2022,Capito,Shelley M,Sale (Partial),LOW,"Lowe's Companies, Inc. Common Stock","$1,001 - $15,000",,,
02/24/2022,03/11/2022,Capito,Shelley M,Sale (Partial),AAPL,Apple Inc. - Common Stock,"$1,001 - $15,000",,,
02/24/2022,03/11/2022,Capito,Shelley M,Sale (Partial),LHX,"L3Harris Technologies, Inc. Common Stock","$1,001 - $15,000",,,
02/24/2022,03/11/2022,Capito,Shelley M,Sale (Partial),NEE,"NextEra Energy, Inc. Common Stock","$1,001 - $15,000",,,
02/22/2022,03/11/2022,Tuberville,Thomas H,Sale (Partial),OXY,Occidental Petroleum Corporation Common Stock,"$50,001 - $100,000",,,
02/18/2022,04/16/2022,Blunt,Roy,Sale (Full),KHC,The Kraft Heinz Company - Common Stock,"$15,001 - $50,000",Neither,32.54,02/23/2022
02/18/2022,03/04/2022,Toomey,Patrick J,Sale (Full),--,PHLD - Phillips Edison Grocery Center REIT I,"$15,001 - $50,000",,,
02/17/2022,03/11/2022,Tuberville,Thomas H,Sale (Full),ARKK,Ark Innovation ETF                                                                                                                                                                    Option Type: Short Sale Strike price: $65.00                                                Expires: 09/16/2022,"$1,001 - $15,000",,,
02/10/2022,03/11/2022,Tuberville,Thomas H,Purchase,X,United States Steel Corporation Common Stock,"$100,001 - $250,000",,,
02/10/2022,03/11/2022,Tuberville,Thomas H,Sale (Full),X,United States Steel Corporation Common Stock                                                                                                                                                                    Option Type: Short Sale Strike price: $22.00                                                Expires: 09/16/2022,"$1,001 - $15,000",,,
02/10/2022,03/11/2022,Tuberville,Thomas H,Sale (Full),X,United States Steel Corporation Common Stock                                                                                                                                                                    Option Type: Short Sale Strike price: $27.00                                                Expires: 09/16/2022,"$1,001 - $15,000",,,
02/09/2022,03/11/2022,Tuberville,Thomas H,Sale (Full),PYPL,"PayPal Holdings, Inc. - Common Stock                                                                                                                                                                    Option Type: Short Sale Strike price: $135.00                                                Expires: 09/16/2022","$1,001 - $15,000",,,
02/09/2022,03/11/2022,Tuberville,Thomas H,Purchase,PYPL,"PayPal Holdings, Inc. - Common Stock","$15,001 - $50,000",,,
02/09/2022,03/11/2022,Tuberville,Thomas H,Sale (Full),PYPL,"PayPal Holdings, Inc. - Common Stock                                                                                                                                                                    Option Type: Short Sale Strike price: $140.00                                                Expires: 09/16/2022","$1,001 - $15,000",,,
02/07/2022,03/11/2022,Tuberville,Thomas H,Sale (Full),ECOM,ChannelAdvisor Corporation Common Stock                                                                                                                                                                    Option Type: Short Sale Strike price: $22.50                                                Expires: 09/16/2022,"$1,001 - $15,000",,,
02/07/2022,03/11/2022,Tuberville,Thomas H,Purchase,PYPL,"PayPal Holdings, Inc. - Common Stock","$50,001 - $100,000",,,
02/01/2022,03/11/2022,Tuberville,Thomas H,Sale (Full),MSFT,Microsoft Corporation - Common Stock                                                                                                                                                                    Option Type: Short Sale Strike price: $265.00                                                Expires: 09/16/2022,"$15,001 - $50,000",,,
02/01/2022,03/11/2022,Tuberville,Thomas H,Sale (Full),F,Ford Motor Company Common Stock                                                                                                                                                                    Option Type: Short Sale Strike price: $20.00                                                Expires: 01/20/2023,"$15,001 - $50,000",,,
02/01/2022,03/11/2022,Tuberville,Thomas H,Sale (Full),X,United States Steel Corporation Common Stock                                                                                                                                                                    Option Type: Short Sale Strike price: $20.00                                                Expires: 09/16/2022,"$1,001 - $15,000",,,
02/01/2022,03/11/2022,Tuberville,Thomas H,Sale (Full),CLF,Cleveland-Cliffs Inc. Common Stock                                                                                                                                                                    Option Type: Short Sale Strike price: $22.00                                                Expires: 01/20/2023,"$15,001 - $50,000",,,
02/01/2022,03/11/2022,Tuberville,Thomas H,Sale (Full),MRO,Marathon Oil Corporation Common Stock                                                                                                                                                                    Option Type: Short Sale Strike price: $20.00                                                Expires: 09/16/2022,"$1,001 - $15,000",,,
01/31/2022,02/03/2022,Carper,Thomas R,Purchase,JHMM,John Hancock Multifactor Mid Cap ETF,"$1,001 - $15,000",,,
01/31/2022,02/03/2022,Carper,Thomas R,Purchase,ITA,iShares U.S. Aerospace & Defense ETF,"$1,001 - $15,000",,,
01/31/2022,02/18/2022,Warner,Mark R,Sale (Full),ROAD,"Construction Partners, Inc. - Common Stock","$100,001 - $250,000",,,
01/31/2022,02/03/2022,Carper,Thomas R,Purchase,NVDA,NVIDIA Corporation - Common Stock,"$1,001 - $15,000",,,
01/31/2022,02/03/2022,Carper,Thomas R,Sale (Full),XAR,SPDR S&P Aerospace & Defense ETF,"$1,001 - $15,000",,,
01/31/2022,02/03/2022,Carper,Thomas R,Sale (Full),PTMC,Pacer Trendpilot US Mid Cap ETF,"$1,001 - $15,000",,,
01/31/2022,02/03/2022,Carper,Thomas R,Purchase,GNR,SPDR S&P Global Natural Resources ETF,"$1,001 - $15,000",,,
01/31/2022,02/03/2022,Carper,Thomas R,Sale (Full),GEMIX,Goldman Sachs Emerging Markets Equity Fund Insti,"$1,001 - $15,000",,,
01/31/2022,02/03/2022,Carper,Thomas R,Sale (Full),CEF,Sprott Physical Gold & Silver Trust,"$1,001 - $15,000",,,
01/31/2022,02/03/2022,Carper,Thomas R,Purchase,SI,Silvergate Capital Corporation Class A Common Stoc,"$1,001 - $15,000",,,
01/31/2022,02/03/2022,Carper,Thomas R,Purchase,WIW,Western Asset Inflation-Linked Opportunities & Inc,"$1,001 - $15,000",,,
01/31/2022,02/03/2022,Carper,Thomas R,Sale (Partial),LUBFX,Lord Abbett Ultra Short Bond Fund - Class F,"$1,001 - $15,000",,,
01/31/2022,02/03/2022,Carper,Thomas R,Sale (Partial),FIMKX,Fidelity Advisor Emerging Markets Fund,"$1,001 - $15,000",,,
01/31/2022,02/03/2022,Carper,Thomas R,Purchase,MOO,Vaneck Agribusiness ETF,"$1,001 - $15,000",,,
01/28/2022,03/16/2022,Whitehouse,Sheldon,Purchase,TGT,Target Corporation Common Stock,"$15,001 - $50,000",,,
01/28/2022,03/16/2022,Whitehouse,Sheldon,Purchase,TSLA,"Tesla, Inc.  - Common Stock","$15,001 - $50,000",,,
01/26/2022,02/03/2022,Carper,Thomas R,Sale (Partial),CIBR,First Trust Nasdaq Cybersecurity ETF,"$1,001 - $15,000",,,
01/26/2022,02/03/2022,Carper,Thomas R,Purchase,SRVR,Pacer Benchmark & Infrastructure Real Estate ETF,"$1,001 - $15,000",,,
01/26/2022,02/03/2022,Carper,Thomas R,Sale (Full),XAR,SPDR S&P Aerospace & Defense ETF,"$1,001 - $15,000",,,
01/26/2022,02/03/2022,Carper,Thomas R,Purchase,ITA,iShares U.S. Aerospace & Defense ETF,"$1,001 - $15,000",,,
01/26/2022,02/03/2022,Carper,Thomas R,Sale (Partial),GBIL,Goldman Sachs Access Treasury 0-1 Year ETF,"$1,001 - $15,000",,,
01/26/2022,02/03/2022,Carper,Thomas R,Sale (Partial),FDN,First Trust Dow Jones Internet ETF,"$1,001 - $15,000",,,
01/26/2022,02/03/2022,Carper,Thomas R,Sale (Full),GEMIX,Goldman Sachs Emerging Markets Equity Fund Insti,"$1,001 - $15,000",,,
01/26/2022,02/03/2022,Carper,Thomas R,Sale (Partial),IVOO,Vanguard S&P Mid-Cap 400 ETF,"$1,001 - $15,000",,,
01/26/2022,02/03/2022,Carper,Thomas R,Sale (Full),KBA,KraneShares Bosera MSCI China A ETF,"$1,001 - $15,000",,,
01/26/2022,02/03/2022,Carper,Thomas R,Purchase,MOO,Vaneck Agribusiness ETF,"$1,001 - $15,000",,,
01/26/2022,02/03/2022,Carper,Thomas R,Sale (Partial),GLD,SPDR Gold Trust,"$1,001 - $15,000",,,
01/26/2022,02/03/2022,Carper,Thomas R,Purchase,KRE,S&P Regional Banking ETF SPDR,"$1,001 - $15,000",,,
01/26/2022,02/03/2022,Carper,Thomas R,Purchase,WIW,Western Asset Inflation-Linked Opportunities & Inc,"$1,001 - $15,000",,,
01/26/2022,02/03/2022,Carper,Thomas R,Purchase,JHMM,John Hancock Multifactor Mid Cap ETF,"$1,001 - $15,000",,,
01/26/2022,02/03/2022,Carper,Thomas R,Purchase,FIMKX,Fidelity Advisor Emerging Markets Fund,"$1,001 - $15,000",,,
01/25/2022,02/04/2022,Cruz,Rafael E,Purchase,BTC,Bitcoin                                                                                                                            Exchange/Platform: River,"$15,001 - $50,000",,,
01/24/2022,02/14/2022,Tuberville,Thomas H,Purchase,GOLD,Barrick Gold Corporation Common Stock (BC),"$50,001 - $100,000",,,
01/21/2022,02/17/2022,Collins,Susan M,Sale (Full),UL,Unilever PLC Common Stock,"$15,001 - $50,000",,,
01/21/2022,02/17/2022,Collins,Susan M,Purchase,HSY,The Hershey Company Common Stock,"$15,001 - $50,000",,,
01/21/2022,02/14/2022,Tuberville,Thomas H,Sale (Full),ABBV,AbbVie Inc. Common Stock,"$1,001 - $15,000",,,
01/21/2022,02/14/2022,Tuberville,Thomas H,Sale (Full),PM,Philip Morris International Inc Common Stock,"$15,001 - $50,000",,,
01/21/2022,02/14/2022,Tuberville,Thomas H,Sale (Full),MDT,Medtronic plc. Ordinary Shares,"$15,001 - $50,000",,,
01/21/2022,02/14/2022,Tuberville,Thomas H,Sale (Full),PG,Procter & Gamble Company (The) Common Stock,"$15,001 - $50,000",,,
01/21/2022,02/14/2022,Tuberville,Thomas H,Sale (Full),ABC,AmerisourceBergen Corporation Common Stock,"$15,001 - $50,000",,,
01/21/2022,02/14/2022,Tuberville,Thomas H,Sale (Full),PEP,"PepsiCo, Inc. - Common Stock","$1,001 - $15,000",,,
01/21/2022,02/14/2022,Tuberville,Thomas H,Sale (Full),CTAS,Cintas Corporation - Common Stock,"$15,001 - $50,000",,,
01/21/2022,02/14/2022,Tuberville,Thomas H,Sale (Full),TSN,"Tyson Foods, Inc. Common Stock","$15,001 - $50,000",,,
01/21/2022,02/14/2022,Tuberville,Thomas H,Sale (Full),XEL,Xcel Energy Inc. - Common Stock,"$15,001 - $50,000",,,
01/21/2022,02/14/2022,Tuberville,Thomas H,Sale (Full),LMT,Lockheed Martin Corporation Common Stock,"$15,001 - $50,000",,,
01/21/2022,02/14/2022,Tuberville,Thomas H,Sale (Full),PONCX,Pimco Income Fund Class C,"$15,001 - $50,000",,,
01/21/2022,02/14/2022,Tuberville,Thomas H,Sale (Full),DUK,Duke Energy Corporation (Holding Company) Common S,"$15,001 - $50,000",,,
01/20/2022,03/04/2022,Toomey,Patrick J,Sale (Partial),--,PHLD - Phillips Edison Grocery Center REIT I,"$15,001 - $50,000",,,
01/19/2022,03/28/2023,Carper,Thomas R,Sale (Partial),TSM,Taiwan Semiconductor Manufacturing Company Ltd.,"$1,001 - $15,000",,,
01/18/2022,02/03/2022,Carper,Thomas R,Sale (Partial),IWN,iShares Russell 2000 Value ETF,"$1,001 - $15,000",,,
01/18/2022,02/03/2022,Carper,Thomas R,Purchase,KBE,SPDR S&P Bank ETF,"$1,001 - $15,000",,,
01/18/2022,02/03/2022,Carper,Thomas R,Sale (Partial),AAPL,Apple Inc. - Common Stock,"$1,001 - $15,000",,,
01/18/2022,02/03/2022,Carper,Thomas R,Sale (Partial),INTC,Intel Corporation - Common Stock,"$1,001 - $15,000",,,
01/18/2022,02/03/2022,Carper,Thomas R,Sale (Partial),GLW,Corning Incorporated Common Stock,"$1,001 - $15,000",,,
01/18/2022,02/03/2022,Carper,Thomas R,Sale (Partial),CSCO,"Cisco Systems, Inc. - Common Stock","$1,001 - $15,000",,,
01/18/2022,02/03/2022,Carper,Thomas R,Purchase,DLR,"Digital Realty Trust, Inc. Common Stock","$1,001 - $15,000",,,
01/18/2022,02/03/2022,Carper,Thomas R,Sale (Partial),FIMKX,Fidelity Advisor Emerging Markets Fund,"$15,001 - $50,000",,,
01/18/2022,02/03/2022,Carper,Thomas R,Sale (Partial),LHX,"L3Harris Technologies, Inc. Common Stock","$1,001 - $15,000",,,
01/18/2022,02/03/2022,Carper,Thomas R,Purchase,JNJ,Johnson & Johnson Common Stock,"$1,001 - $15,000",,,
01/18/2022,02/03/2022,Carper,Thomas R,Sale (Full),XAR,SPDR S&P Aerospace & Defense ETF,"$1,001 - $15,000",,,
01/18/2022,02/03/2022,Carper,Thomas R,Sale (Partial),HASI,Hannon Armstrong Sustainable Infrastructure Capita,"$1,001 - $15,000",,,
01/18/2022,02/03/2022,Carper,Thomas R,Purchase,VFH,Vanguard Financials ETF,"$1,001 - $15,000",,,
01/18/2022,02/03/2022,Carper,Thomas R,Sale (Partial),MET,"MetLife, Inc. Common Stock","$1,001 - $15,000",,,
01/18/2022,02/03/2022,Carper,Thomas R,Purchase,VZ,Verizon Communications Inc. Common Stock,"$1,001 - $15,000",,,
01/18/2022,02/03/2022,Carper,Thomas R,Purchase,AMT,American Tower Corporation (REIT) Common Stock,"$1,001 - $15,000",,,
01/18/2022,02/03/2022,Carper,Thomas R,Sale (Partial),APO,"Apollo Global Management, Inc. Class A Common Stoc","$1,001 - $15,000",,,
01/18/2022,02/03/2022,Carper,Thomas R,Sale (Full),GBIL,Goldman Sachs Access Treasury 0-1 Year ETF,"$15,001 - $50,000",,,
01/18/2022,02/03/2022,Carper,Thomas R,Sale (Partial),RTX,Raytheon Technologies Corporation Common Stock,"$1,001 - $15,000",,,
01/18/2022,02/03/2022,Carper,Thomas R,Sale (Partial),GLAD,Gladstone Capital Corporation - Common Stock,"$1,001 - $15,000",,,
01/18/2022,02/03/2022,Carper,Thomas R,Sale (Partial),AXS,Axis Capital Holdings Limited Common Stock,"$1,001 - $15,000",,,
01/18/2022,02/03/2022,Carper,Thomas R,Sale (Partial),IRM,Iron Mountain Incorporated (Delaware)Common Stock,"$1,001 - $15,000",,,
01/18/2022,02/03/2022,Carper,Thomas R,Purchase,RIO,Rio Tinto Plc Common Stock,"$1,001 - $15,000",,,
01/18/2022,02/03/2022,Carper,Thomas R,Purchase,V,Visa Inc.,"$1,001 - $15,000",,,
01/18/2022,02/03/2022,Carper,Thomas R,Purchase,AY,Atlantica Sustainable Infrastructure plc - Ordinar,"$1,001 - $15,000",,,
01/18/2022,02/03/2022,Carper,Thomas R,Purchase,WIW,Western Asset Inflation-Linked Opportunities & Inc,"$1,001 - $15,000",,,
01/18/2022,02/03/2022,Carper,Thomas R,Sale (Full),FXI,iShares China Large-Cap ETF,"$1,001 - $15,000",,,
01/18/2022,02/03/2022,Carper,Thomas R,Purchase,PTMC,Pacer Trendpilot US Mid Cap ETF,"$1,001 - $15,000",,,
01/18/2022,02/03/2022,Carper,Thomas R,Purchase,SRVR,Pacer Benchmark & Infrastructure Real Estate ETF,"$1,001 - $15,000",,,
01/18/2022,02/03/2022,Carper,Thomas R,Sale (Partial),NVDA,NVIDIA Corporation - Common Stock,"$1,001 - $15,000",,,
01/18/2022,02/03/2022,Carper,Thomas R,Sale (Partial),ABBV,AbbVie Inc. Common Stock,"$1,001 - $15,000",,,
01/18/2022,02/03/2022,Carper,Thomas R,Purchase,JCI,Johnson Controls International plc Ordinary Share,"$1,001 - $15,000",,,
01/18/2022,02/03/2022,Carper,Thomas R,Sale (Full),C,"Citigroup, Inc. Common Stock","$1,001 - $15,000",,,
01/18/2022,02/03/2022,Carper,Thomas R,Sale (Partial),TTE,TotalEnergies SE,"$1,001 - $15,000",,,
01/18/2022,02/03/2022,Carper,Thomas R,Sale (Partial),CVS,CVS Health Corporation Common Stock,"$1,001 - $15,000",,,
01/18/2022,02/03/2022,Carper,Thomas R,Sale (Full),LMT,Lockheed Martin Corporation Common Stock,"$1,001 - $15,000",,,
01/18/2022,02/03/2022,Carper,Thomas R,Sale (Partial),ARCC,Ares Capital Corporation - Closed End Fund,"$1,001 - $15,000",,,
01/18/2022,02/03/2022,Carper,Thomas R,Sale (Partial),QCOM,QUALCOMM Incorporated - Common Stock,"$1,001 - $15,000",,,
01/18/2022,02/03/2022,Carper,Thomas R,Purchase,PTNQ,Pacer Trendpilot 100 ETF,"$1,001 - $15,000",,,
01/18/2022,02/03/2022,Carper,Thomas R,Purchase,FCPIX,Fidelity Advisor International Capital Appreciat,"$1,001 - $15,000",,,
01/18/2022,02/03/2022,Carper,Thomas R,Purchase,GLD,SPDR Gold Trust,"$1,001 - $15,000",,,
01/18/2022,02/03/2022,Carper,Thomas R,Purchase,LDP,Cohen & Steers Limited Duration Preferred and Inco,"$1,001 - $15,000",,,
01/18/2022,02/03/2022,Carper,Thomas R,Purchase,MOS,Mosaic Company (The) Common Stock,"$1,001 - $15,000",,,
01/18/2022,02/03/2022,Carper,Thomas R,Sale (Partial),ETN,"Eaton Corporation, PLC Ordinary Shares","$1,001 - $15,000",,,
01/18/2022,02/03/2022,Carper,Thomas R,Purchase,IGHG,ProShares Investment Grade-Interest Rate Hedged,"$15,001 - $50,000",,,
01/18/2022,02/03/2022,Carper,Thomas R,Purchase,AQN,Algonquin Power and Utilities Corp,"$1,001 - $15,000",,,
01/18/2022,02/03/2022,Carper,Thomas R,Purchase,DIS,Walt Disney Company (The) Common Stock,"$1,001 - $15,000",,,
01/18/2022,02/03/2022,Carper,Thomas R,Purchase,GMRE,Global Medical REIT Inc. Common Stock,"$1,001 - $15,000",,,
01/18/2022,02/03/2022,Carper,Thomas R,Purchase,CEF,Sprott Physical Gold & Silver Trust,"$1,001 - $15,000",,,
01/18/2022,02/03/2022,Carper,Thomas R,Purchase,ITA,iShares U.S. Aerospace & Defense ETF,"$1,001 - $15,000",,,
01/18/2022,02/03/2022,Carper,Thomas R,Purchase,BMY,Bristol-Myers Squibb Company Common Stock,"$1,001 - $15,000",,,
01/14/2022,02/14/2022,Tuberville,Thomas H,Sale (Full),QCOM,QUALCOMM Incorporated - Common Stock                                                                                                                                                                    Option Type: Short Sale Strike price: $165.00                                                Expires: 01/20/2023,"$15,001 - $50,000",,,
01/14/2022,02/14/2022,Tuberville,Thomas H,Sale (Full),LLY,Eli Lilly and Company Common Stock,"$15,001 - $50,000",,,
01/14/2022,02/14/2022,Tuberville,Thomas H,Purchase,CLF,Cleveland-Cliffs Inc. Common Stock,"$1,001 - $15,000",Call,23.00,01/21/2022
01/14/2022,02/14/2022,Tuberville,Thomas H,Sale (Full),AWK,"American Water Works Company, Inc. Common Stock","$15,001 - $50,000",,,
01/14/2022,02/14/2022,Tuberville,Thomas H,Sale (Full),RTX,Raytheon Technologies Corporation Common Stock,"$1,001 - $15,000",,,
01/14/2022,02/14/2022,Tuberville,Thomas H,Purchase,BABA,Alibaba Group Holding Limited American Depositary,"$15,001 - $50,000",Put,245.00,01/21/2022
01/14/2022,02/14/2022,Tuberville,Thomas H,Sale (Full),QCOM,QUALCOMM Incorporated - Common Stock                                                                                                                                                                    Option Type: Short Sale Strike price: $170.00                                                Expires: 07/15/2022,"$15,001 - $50,000",,,
01/14/2022,02/14/2022,Tuberville,Thomas H,Purchase,BABA,Alibaba Group Holding Limited American Depositary,"$50,001 - $100,000",Put,230.00,09/16/2022
01/14/2022,02/14/2022,Tuberville,Thomas H,Sale (Full),MSFT,Microsoft Corporation - Common Stock,"$15,001 - $50,000",,,
01/14/2022,02/14/2022,Tuberville,Thomas H,Sale (Full),CLF,Cleveland-Cliffs Inc. Common Stock,"$1,001 - $15,000",Call,23.00,07/15/2022
01/14/2022,02/14/2022,Tuberville,Thomas H,Sale (Full),WMT,Walmart Inc. Common Stock,"$1,001 - $15,000",,,
01/14/2022,02/14/2022,Tuberville,Thomas H,Sale (Full),NEE,"NextEra Energy, Inc. Common Stock","$15,001 - $50,000",,,
01/14/2022,02/14/2022,Tuberville,Thomas H,Sale (Full),AAPL,Apple Inc. - Common Stock,"$15,001 - $50,000",,,
01/14/2022,02/14/2022,Tuberville,Thomas H,Sale (Full),ACN,Accenture plc Class A Ordinary Shares (Ireland),"$15,001 - $50,000",,,
01/14/2022,02/14/2022,Tuberville,Thomas H,Sale (Full),MA,Mastercard Incorporated Common Stock,"$1,001 - $15,000",,,
01/14/2022,02/14/2022,Tuberville,Thomas H,Purchase,BABA,Alibaba Group Holding Limited American Depositary,"$15,001 - $50,000",Put,230.00,09/16/2022
01/14/2022,02/14/2022,Tuberville,Thomas H,Sale (Full),ADBE,Adobe Inc. - Common Stock,"$15,001 - $50,000",,,
01/14/2022,02/14/2022,Tuberville,Thomas H,Sale (Full),CTAS,Cintas Corporation - Common Stock,"$15,001 - $50,000",,,
01/13/2022,02/14/2022,Tuberville,Thomas H,Sale (Full),CLOU,Global X Cloud Computing ETF,"$15,001 - $50,000",,,
01/13/2022,02/14/2022,Tuberville,Thomas H,Sale (Full),FUN,"Cedar Fair, L.P. Common Stock","$15,001 - $50,000",,,
01/13/2022,02/14/2022,Tuberville,Thomas H,Sale (Full),FGSCX,Federated Mdt Mid Cap Growth Fund - C Shares,"$15,001 - $50,000",,,
01/13/2022,02/14/2022,Tuberville,Thomas H,Sale (Full),X,United States Steel Corporation Common Stock                                                                                                                                                                    Option Type: Short Sale Strike price: $25.00                                                Expires: 06/17/2022,"$15,001 - $50,000",,,
01/13/2022,02/14/2022,Tuberville,Thomas H,Sale (Full),NWL,Newell Brands Inc. - Common Stock,"$15,001 - $50,000",,,
01/13/2022,02/14/2022,Tuberville,Thomas H,Sale (Full),PEGA,Pegasystems Inc. - Common Stock,"$15,001 - $50,000",,,
01/13/2022,02/14/2022,Tuberville,Thomas H,Sale (Full),ABQCX,Ab Bond Fund Inc. - Ab Total Return Bond Portfo,"$15,001 - $50,000",,,
01/13/2022,02/14/2022,Tuberville,Thomas H,Sale (Full),CRWD,"CrowdStrike Holdings, Inc. - Class A Common Stock","$15,001 - $50,000",,,
01/13/2022,02/14/2022,Tuberville,Thomas H,Sale (Full),VTRS,Viatris Inc. - Common Stock,"$1,001 - $15,000",,,
01/13/2022,02/14/2022,Tuberville,Thomas H,Sale (Full),GILD,"Gilead Sciences, Inc. - Common Stock","$1,001 - $15,000",,,
01/12/2022,02/14/2022,Tuberville,Thomas H,Purchase,DOW,Dow Inc. Common Stock,"$1,001 - $15,000",,,
01/12/2022,02/14/2022,Tuberville,Thomas H,Purchase,PFE,"Pfizer, Inc. Common Stock","$1,001 - $15,000",,,
01/12/2022,02/14/2022,Tuberville,Thomas H,Purchase,VZ,Verizon Communications Inc. Common Stock,"$1,001 - $15,000",,,
01/12/2022,02/14/2022,Tuberville,Thomas H,Purchase,KO,Coca-Cola Company (The) Common Stock,"$1,001 - $15,000",,,
01/12/2022,02/14/2022,Tuberville,Thomas H,Purchase,WBA,"Walgreens Boots Alliance, Inc. - Common Stock","$1,001 - $15,000",,,
01/12/2022,02/14/2022,Tuberville,Thomas H,Purchase,INTC,Intel Corporation - Common Stock                                                                                                                                                                    Option Type: Short Sale Strike price: $55.00                                                Expires: 01/20/2023,"$15,001 - $50,000",,,
01/12/2022,02/14/2022,Tuberville,Thomas H,Purchase,CSCO,"Cisco Systems, Inc. - Common Stock","$1,001 - $15,000",,,
01/12/2022,02/14/2022,Tuberville,Thomas H,Purchase,INTC,Intel Corporation - Common Stock,"$1,001 - $15,000",,,
01/12/2022,02/14/2022,Tuberville,Thomas H,Purchase,IBM,International Business Machines Corporat,"$1,001 - $15,000",,,
01/12/2022,02/14/2022,Tuberville,Thomas H,Purchase,MMM,3M Company Common Stock,"$1,001 - $15,000",,,
01/12/2022,02/14/2022,Tuberville,Thomas H,Purchase,AMGN,Amgen Inc. - Common Stock,"$1,001 - $15,000",,,
01/12/2022,02/14/2022,Tuberville,Thomas H,Purchase,CVX,Chevron Corporation Common Stock,"$1,001 - $15,000",,,
01/06/2022,02/17/2022,Collins,Susan M,Sale (Full),HSIC,"Henry Schein, Inc. - Common Stock","$15,001 - $50,000",,,
01/06/2022,02/17/2022,Collins,Susan M,Purchase,LIN,Linde plc Ordinary Share,"$15,001 - $50,000",,,
01/06/2022,02/17/2022,Collins,Susan M,Sale (Full),CARR,Carrier Global Corporation Common Stock,"$1,001 - $15,000",,,
01/06/2022,02/17/2022,Collins,Susan M,Sale (Full),VFC,V.F. Corporation Common Stock,"$1,001 - $15,000",,,
01/06/2022,02/17/2022,Collins,Susan M,Purchase,NVDA,NVIDIA Corporation - Common Stock,"$15,001 - $50,000",,,
01/06/2022,02/17/2022,Collins,Susan M,Sale (Full),OTIS,Otis Worldwide Corporation Common Stock,"$1,001 - $15,000",,,
01/06/2022,02/17/2022,Collins,Susan M,Purchase,AMZN,"Amazon.com, Inc. - Common Stock","$15,001 - $50,000",,,
01/06/2022,02/17/2022,Collins,Susan M,Sale (Full),MMM,3M Company Common Stock,"$15,001 - $50,000",,,
01/06/2022,02/17/2022,Collins,Susan M,Sale (Full),WEX,WEX Inc. common stock,"$15,001 - $50,000",,,
01/05/2022,02/14/2022,Tuberville,Thomas H,Sale (Full),INTC,Intel Corporation - Common Stock                                                                                                                                                                    Option Type: Short Sale Strike price: $52.50                                                Expires: 09/16/2022,"$1,001 - $15,000",,,
01/04/2022,02/14/2022,Tuberville,Thomas H,Sale (Full),CLF,Cleveland-Cliffs Inc. Common Stock                                                                                                                                                                    Option Type: Short Sale Strike price: $22.00                                                Expires: 07/15/2022,"$1,001 - $15,000",,,
01/03/2022,02/14/2022,Tuberville,Thomas H,Sale (Full),SSYS,"Stratasys, Ltd. - Common Stock                                                                                                                                                                    Option Type: Short Sale Strike price: $25.00                                                Expires: 06/17/2022","$1,001 - $15,000",,,
01/03/2022,01/08/2022,Peters,Gary C,Purchase,IBM,International Business Machines Corporation Common,"$1,001 - $15,000",,,
12/31/2021,01/04/2022,Carper,Thomas R,Sale (Partial),SBIO,ALPS Medical Breakthroughs ETF,"$1,001 - $15,000",,,
12/29/2021,01/10/2022,"Hagerty, IV",William F,Sale (Full),CLDT,Chatham Lodging Trust (REIT) Common Shares of Bene,"$1,001 - $15,000",,,
12/29/2021,01/10/2022,"Hagerty, IV",William F,Sale (Full),NS,Nustar Energy L.P.  Common Units,"$50,001 - $100,000",,,
12/29/2021,01/10/2022,"Hagerty, IV",William F,Sale (Full),BKEP,"Blueknight Energy Partners L.P., L.L.C. - Common U","$15,001 - $50,000",,,
12/29/2021,01/10/2022,"Hagerty, IV",William F,Sale (Full),CCEP,Coca-Cola Europacific Partners plc - Ordinary Shar,"$50,001 - $100,000",,,
12/29/2021,01/10/2022,"Hagerty, IV",William F,Sale (Partial),PNFP,"Pinnacle Financial Partners, Inc. - Common Stock","$100,001 - $250,000",,,
12/29/2021,01/12/2022,Tuberville,Thomas H,Sale (Full),PYPL,"PayPal Holdings, Inc. - Common Stock                                                                                                                                                                    Option Type: Short Sale Strike price: $185.00                                                Expires: 09/16/2022","$15,001 - $50,000",,,
12/29/2021,01/10/2022,"Hagerty, IV",William F,Sale (Full),ENVA,"Enova International, Inc. Common Stock","$15,001 - $50,000",,,
12/29/2021,01/12/2022,Tuberville,Thomas H,Purchase,QQQ,"Invesco QQQ Trust, Series 1","$1,001 - $15,000",Put,285.00,03/18/2022
12/28/2021,01/21/2022,Capito,Shelley M,Sale (Partial),SMFG,Sumitomo Mitsui Financial Group Inc Unsponsored Am,"$1,001 - $15,000",,,
12/28/2021,01/10/2022,"Hagerty, IV",William F,Sale (Full),DDOG,"Datadog, Inc. - Class A Common Stock","$15,001 - $50,000",,,
12/28/2021,01/15/2022,Capito,Shelley M,Sale (Partial),SMFG,Sumitomo Mitsui Financial Group Inc Unsponsored Am,"$1,001 - $15,000",,,
12/28/2021,01/21/2022,Capito,Shelley M,Sale (Partial),VZ,Verizon Communications Inc. Common Stock,"$1,001 - $15,000",,,
12/28/2021,07/20/2022,"Hagerty, IV",William F,Sale (Full),SBNY,Signature Bank - Common Stock,"$15,001 - $50,000",,,
12/28/2021,01/10/2022,"Hagerty, IV",William F,Sale (Partial),RNR,RenaissanceRe Holdings Ltd. Common Stock,"$250,001 - $500,000",,,
12/27/2021,01/12/2022,Tuberville,Thomas H,Sale (Full),ECOM,ChannelAdvisor Corporation Common Stock                                                                                                                                                                    Option Type: Short Sale Strike price: $25.00                                                Expires: 06/17/2022,"$15,001 - $50,000",,,
12/23/2021,01/12/2022,Tuberville,Thomas H,Purchase,CLF,Cleveland-Cliffs Inc. Common Stock,"$1,001 - $15,000",Put,17.00,01/21/2022
12/23/2021,01/12/2022,Tuberville,Thomas H,Sale (Full),ECOM,ChannelAdvisor Corporation Common Stock                                                                                                                                                                    Option Type: Short Sale Strike price: $25.00                                                Expires: 06/17/2022,"$15,001 - $50,000",,,
12/23/2021,01/12/2022,Tuberville,Thomas H,Sale (Full),ECOM,ChannelAdvisor Corporation Common Stock                                                                                                                                                                    Option Type: Short Sale Strike price: $25.00                                                Expires: 06/17/2022,"$1,001 - $15,000",,,
12/23/2021,01/12/2022,Tuberville,Thomas H,Sale (Partial),BABA,Alibaba Group Holding Limited American Depositary,"$50,001 - $100,000",,,
12/23/2021,01/10/2022,"Hagerty, IV",William F,Sale (Partial),RHP,"Ryman Hospitality Properties, Inc. (REIT)","$15,001 - $50,000",,,
12/23/2021,01/10/2022,"Hagerty, IV",William F,Sale (Partial),RNR,RenaissanceRe Holdings Ltd. Common Stock,"$250,001 - $500,000",,,
12/23/2021,01/10/2022,"Hagerty, IV",William F,Sale (Full),RHP,"Ryman Hospitality Properties, Inc. (REIT)","$100,001 - $250,000",,,
12/22/2021,01/12/2022,Tuberville,Thomas H,Sale (Partial),AAPL,Apple Inc. - Common Stock,"$50,001 - $100,000",,,
12/21/2021,01/21/2022,"Moran,  ",Jerry,Purchase,PFE,"Pfizer, Inc. Common Stock","$1,001 - $15,000",,,
12/21/2021,01/21/2022,"Moran,  ",Jerry,Purchase,CI,Cigna Corporation Common Stock,"$1,001 - $15,000",,,
12/21/2021,01/21/2022,"Moran,  ",Jerry,Purchase,VZ,Verizon Communications Inc. Common Stock,"$1,001 - $15,000",,,
12/21/2021,01/12/2022,Tuberville,Thomas H,Purchase,BABA,Alibaba Group Holding Limited American Depositary,"$15,001 - $50,000",,,
12/21/2021,01/21/2022,"Moran,  ",Jerry,Sale (Partial),CVS,CVS Health Corporation Common Stock,"$1,001 - $15,000",,,
12/21/2021,01/21/2022,"Moran,  ",Jerry,Sale (Partial),USB,U.S. Bancorp Common Stock,"$1,001 - $15,000",,,
12/21/2021,01/21/2022,"Moran,  ",Jerry,Purchase,CMCSA,Comcast Corporation - Class A Common Stock,"$1,001 - $15,000",,,
12/21/2021,01/21/2022,"Moran,  ",Jerry,Sale (Partial),DVA,DaVita Inc. Common Stock,"$1,001 - $15,000",,,
12/21/2021,01/21/2022,"Moran,  ",Jerry,Sale (Partial),BRK.B,Berkshire Hathaway Inc. New Common Stock,"$1,001 - $15,000",,,
12/21/2021,01/04/2022,Carper,Thomas R,Sale (Full),CEM,ClearBridge MLP and Midstream Fund Inc. Common Sto,"$1,001 - $15,000",,,
12/21/2021,01/21/2022,"Moran,  ",Jerry,Sale (Partial),FB,"Facebook, Inc. - Class A Common Stock","$1,001 - $15,000",,,
12/21/2021,01/21/2022,"Moran,  ",Jerry,Purchase,BK,The Bank of New York Mellon Corporation Common Sto,"$1,001 - $15,000",,,
12/21/2021,01/21/2022,"Moran,  ",Jerry,Purchase,KMB,Kimberly-Clark Corporation Common Stock,"$1,001 - $15,000",,,
12/21/2021,01/21/2022,"Moran,  ",Jerry,Sale (Partial),BAC,Bank of America Corporation Common Stock,"$1,001 - $15,000",,,
12/21/2021,01/21/2022,"Moran,  ",Jerry,Sale (Partial),AAPL,Apple Inc. - Common Stock,"$1,001 - $15,000",,,
12/21/2021,01/21/2022,"Moran,  ",Jerry,Sale (Partial),XOM,Exxon Mobil Corporation Common Stock,"$1,001 - $15,000",,,
12/21/2021,01/21/2022,"Moran,  ",Jerry,Sale (Partial),KR,Kroger Company (The) Common Stock,"$1,001 - $15,000",,,
12/21/2021,01/21/2022,"Moran,  ",Jerry,Sale (Full),GILD,"Gilead Sciences, Inc. - Common Stock","$1,001 - $15,000",,,
12/21/2021,01/21/2022,"Moran,  ",Jerry,Purchase,PII,Polaris Inc. Common Stock,"$1,001 - $15,000",,,
12/21/2021,01/21/2022,"Moran,  ",Jerry,Sale (Partial),GOOG,Alphabet Inc. - Class C Capital Stock,"$1,001 - $15,000",,,
12/21/2021,01/21/2022,"Moran,  ",Jerry,Purchase,CSCO,"Cisco Systems, Inc. - Common Stock","$1,001 - $15,000",,,
12/21/2021,01/21/2022,"Moran,  ",Jerry,Sale (Partial),MSFT,Microsoft Corporation - Common Stock,"$1,001 - $15,000",,,
12/17/2021,01/15/2022,Capito,Shelley M,Sale (Partial),C,"Citigroup, Inc. Common Stock","$1,001 - $15,000",,,
12/17/2021,01/15/2022,Capito,Shelley M,Sale (Partial),MSFT,Microsoft Corporation - Common Stock,"$1,001 - $15,000",,,
12/17/2021,01/21/2022,Capito,Shelley M,Sale (Partial),MSFT,Microsoft Corporation - Common Stock,"$1,001 - $15,000",,,
12/16/2021,12/22/2021,"Hagerty, IV",William F,Sale (Full),VRM,"Vroom, Inc. - Common Stock","$1,001 - $15,000",,,
12/16/2021,01/14/2022,Thune,John R,Exchange,--                                                                                                                            IRT,"Steadfast Income REIT (Exchanged)                                                                                        Independence Realty Trust, Inc. Common Stock (Received)","$15,001 - $50,000",,,
12/15/2021,01/15/2022,Capito,Shelley M,Purchase,--,UnitedHealth Group Incorporated Common Stock (DE),"$1,001 - $15,000",,,
12/15/2021,01/15/2022,Capito,Shelley M,Purchase,AMGN,Amgen Inc. - Common Stock,"$1,001 - $15,000",,,
12/15/2021,01/21/2022,Capito,Shelley M,Purchase,AMGN,Amgen Inc. - Common Stock,"$1,001 - $15,000",,,
12/15/2021,01/12/2022,Tuberville,Thomas H,Purchase,BABA,Alibaba Group Holding Limited American Depositary,"$50,001 - $100,000",,,
12/15/2021,01/21/2022,Capito,Shelley M,Sale (Full),NVS,Novartis AG Common Stock,"$1,001 - $15,000",,,
12/15/2021,01/21/2022,Capito,Shelley M,Purchase,--,UnitedHealth Group Incorporated Common Stock (DE),"$1,001 - $15,000",,,
12/14/2021,01/12/2022,Tuberville,Thomas H,Purchase,BABA,Alibaba Group Holding Limited American Depositary,"$50,001 - $100,000",,,
12/13/2021,01/12/2022,Tuberville,Thomas H,Purchase,SSYS,"Stratasys, Ltd. - Common Stock","$15,001 - $50,000",,,
12/07/2021,01/08/2022,Peters,Gary C,Purchase,HBAN,Huntington Bancshares Incorporated - Common Stock,"$1,001 - $15,000",,,
12/03/2021,12/16/2021,"McConnell, Jr.",A. Mitchell,Purchase,WFC,Wells Fargo & Company Common Stock,"$1,001 - $15,000",,,
12/01/2021,12/22/2021,"Hagerty, IV",William F,Sale (Full),CTAA,Qwest Corporation 7% Notes due 2056                                                                                                                                                                    Rate/Coupon: 6.75 Matures: 12/01/2021,"$50,001 - $100,000",,,
11/29/2021,12/04/2021,Carper,Thomas R,Purchase,SBIO,Alps Medical Breakthroughs ETF,"$1,001 - $15,000",,,
11/29/2021,12/07/2021,Peters,Gary C,Purchase,CAG,"ConAgra Brands, Inc. Common Stock","$1,001 - $15,000",,,
11/29/2021,12/04/2021,Carper,Thomas R,Purchase,BMY,Bristol-Myers Squibb Company Common Stock,"$1,001 - $15,000",,,
11/29/2021,12/07/2021,Peters,Gary C,Purchase,OFC,Corporate Office Properties Trust Common Stock,"$1,001 - $15,000",,,
11/26/2021,12/04/2021,Carper,Thomas R,Purchase,GLPI,"Gaming and Leisure Properties, Inc. - Common Stock","$1,001 - $15,000",,,
11/26/2021,12/04/2021,Carper,Thomas R,Purchase,LITE,Lumentum Holdings Inc. - Common Stock,"$1,001 - $15,000",,,
11/26/2021,12/04/2021,Carper,Thomas R,Sale (Full),CONE,CyrusOne Inc - Common Stock,"$1,001 - $15,000",,,
11/26/2021,05/04/2022,Carper,Thomas R,Sale (Full),GOLD,Barrick Gold Corporation Common Stock (BC),"$1,001 - $15,000",,,
11/26/2021,12/04/2021,Carper,Thomas R,Sale (Full),QS,QuantumScape Corporation Class A Common Stock,"$1,001 - $15,000",,,
11/24/2021,11/25/2021,Blunt,Roy,Sale (Full),--,PM,"$15,001 - $50,000",,,
11/24/2021,11/08/2022,Blunt,Roy,Sale (Partial),--,PMI,"$15,001 - $50,000",,,
11/22/2021,12/10/2021,Tuberville,Thomas H,Purchase,MSFT,Microsoft Corporation - Common Stock,"$1,001 - $15,000",Put,210.00,03/18/2022
11/22/2021,12/10/2021,Tuberville,Thomas H,Purchase,ECOM,ChannelAdvisor Corporation Common Stock                                                                                                                                                                    Option Type: Short Sale Strike price: $25.00                                                Expires: 06/17/2022,"$1,001 - $15,000",,,
11/22/2021,12/10/2021,Tuberville,Thomas H,Sale (Full),OXY,Occidental Petroleum Corporation Common Stock                                                                                                                                                                    Option Type: Short Sale Strike price: $29.00                                                Expires: 06/17/2022,"$1,001 - $15,000",,,
11/22/2021,12/10/2021,Tuberville,Thomas H,Purchase,AAPL,Apple Inc. - Common Stock,"$1,001 - $15,000",Put,102.50,06/17/2022
11/22/2021,12/10/2021,Tuberville,Thomas H,Sale (Full),OXY,Occidental Petroleum Corporation Common Stock,"$50,001 - $100,000",,,
11/17/2021,12/10/2021,Tuberville,Thomas H,Sale (Partial),PYPL,"PayPal Holdings, Inc. - Common Stock                                                                                                                                                                    Option Type: Short Sale Strike price: $185.00                                                Expires: 01/20/2023","$1,001 - $15,000",,,
11/17/2021,12/10/2021,Tuberville,Thomas H,Sale (Full),PYPL,"PayPal Holdings, Inc. - Common Stock                                                                                                                                                                    Option Type: Short Sale Strike price: $185.00                                                Expires: 01/20/2023","$1,001 - $15,000",,,
11/16/2021,12/04/2021,Carper,Thomas R,Sale (Full),COR,CoreSite Realty Corporation Common Stock,"$1,001 - $15,000",,,
11/16/2021,12/04/2021,Carper,Thomas R,Purchase,GLPI,"Gaming and Leisure Properties, Inc. - Common Stock","$1,001 - $15,000",,,
11/16/2021,12/04/2021,Carper,Thomas R,Sale (Full),CONE,CyrusOne Inc - Common Stock,"$1,001 - $15,000",,,
11/12/2021,05/16/2022,Hickenlooper,John W,Sale (Partial),LSXMK,Liberty Media Corporation - Series C Liberty Siriu,"$250,001 - $500,000",,,
11/12/2021,06/13/2022,Hickenlooper,John W,Purchase,LSXMK,Liberty Media Corporation - Series C Liberty Siriu,"$100,001 - $250,000",,,
11/12/2021,12/10/2021,Tuberville,Thomas H,Purchase,ADBE,Adobe Inc. - Common Stock,"$1,001 - $15,000",Put,400.00,01/21/2022
11/09/2021,12/07/2021,Peters,Gary C,Purchase,--,VZ,"$1,001 - $15,000",,,
11/08/2021,12/10/2021,Hickenlooper,John W,Sale (Partial),TTD,"The Trade Desk, Inc. - Class A Common Stock","$15,001 - $50,000",,,
11/08/2021,12/10/2021,Tuberville,Thomas H,Sale (Full),CLF,Cleveland-Cliffs Inc. Common Stock,"$15,001 - $50,000",Call,27.00,01/20/2023
11/08/2021,11/23/2021,"Hagerty, IV",William F,Sale (Partial),DDOG,"Datadog, Inc. - Class A Common Stock","$1,000,001 - $5,000,000",,,
11/08/2021,12/10/2021,Tuberville,Thomas H,Sale (Full),CLF,Cleveland-Cliffs Inc. Common Stock,"$1,001 - $15,000",Call,27.00,01/20/2023
11/08/2021,12/10/2021,Tuberville,Thomas H,Sale (Full),CLF,Cleveland-Cliffs Inc. Common Stock                                                                                                                                                                    Option Type: Short Sale Strike price: $22.00                                                Expires: 01/20/2023,"$15,001 - $50,000",,,
11/08/2021,12/10/2021,Tuberville,Thomas H,Purchase,CLF,Cleveland-Cliffs Inc. Common Stock,"$100,001 - $250,000",,,
11/05/2021,12/10/2021,Tuberville,Thomas H,Purchase,F,Ford Motor Company Common Stock                                                                                                                                                                    Option Type: Short Sale Strike price: $17.00                                                Expires: 09/16/2022,"$1,001 - $15,000",,,
11/04/2021,12/10/2021,Tuberville,Thomas H,Sale (Full),SSYS,"Stratasys, Ltd. - Common Stock                                                                                                                                                                    Option Type: Short Sale Strike price: $40.00                                                Expires: 03/18/2022","$1,001 - $15,000",,,
11/02/2021,12/10/2021,Tuberville,Thomas H,Purchase,SCCO,Southern Copper Corporation Common Stock,"$100,001 - $250,000",,,
11/02/2021,12/10/2021,Tuberville,Thomas H,Sale (Full),SCCO,Southern Copper Corporation Common Stock,"$1,001 - $15,000",Call,65.00,06/17/2022
11/02/2021,12/10/2021,Tuberville,Thomas H,Purchase,SCCO,Southern Copper Corporation Common Stock                                                                                                                                                                    Option Type: Short Sale Strike price: $55.00                                                Expires: 06/17/2022,"$1,001 - $15,000",,,
11/02/2021,12/10/2021,Tuberville,Thomas H,Sale (Full),SCCO,Southern Copper Corporation Common Stock                                                                                                                                                                    Option Type: Short Sale Strike price: $55.00                                                Expires: 06/17/2022,"$1,001 - $15,000",,,
11/01/2021,12/10/2021,Hickenlooper,John W,Sale (Full),GOOGL,Alphabet Inc. - Class A Common Stock,"$250,001 - $500,000",,,
11/01/2021,12/10/2021,Hickenlooper,John W,Sale (Full),NVDA,NVIDIA Corporation - Common Stock,"$500,001 - $1,000,000",,,
11/01/2021,12/09/2021,Rosen,Jacklyn S,Exchange,DELLVMW,"Dell Technologies Inc. Class C Common Stock (Exchanged)                                                                                        Vmware, Inc. Common stock, Class A (Received)","$1,001 - $15,000",,,
11/01/2021,12/10/2021,Hickenlooper,John W,Sale (Full),MSFT,Microsoft Corporation - Common Stock,"$250,001 - $500,000",,,
11/01/2021,12/10/2021,Hickenlooper,John W,Sale (Full),PYPL,"PayPal Holdings, Inc. - Common Stock","$250,001 - $500,000",,,
10/29/2021,12/10/2021,Hickenlooper,John W,Sale (Full),AAPL,Apple Inc. - Common Stock,"$250,001 - $500,000",,,
10/29/2021,12/10/2021,Hickenlooper,John W,Sale (Full),AMZN,"Amazon.com, Inc. - Common Stock","$250,001 - $500,000",,,
10/28/2021,11/19/2021,Hickenlooper,John W,Sale (Full),CVX,Chevron Corporation Common Stock,"$100,001 - $250,000",,,
10/27/2021,12/10/2021,Hickenlooper,John W,Sale (Full),FB,"Facebook, Inc. - Class A Common Stock","$250,001 - $500,000",,,
10/26/2021,11/10/2021,Tuberville,Thomas H,Sale (Full),RMD,ResMed Inc. Common Stock,"$1,001 - $15,000",,,
10/26/2021,11/10/2021,Tuberville,Thomas H,Sale (Full),APAM,Artisan Partners Asset Management Inc. Class A Com,"$1,001 - $15,000",,,
10/26/2021,11/10/2021,Tuberville,Thomas H,Sale (Full),AON,Aon plc Class A Ordinary Shares (Ireland),"$1,001 - $15,000",,,
10/26/2021,11/10/2021,Tuberville,Thomas H,Sale (Full),QCOM,QUALCOMM Incorporated - Common Stock,"$1,001 - $15,000",Put,130.00,06/17/2022
10/22/2021,11/02/2021,Carper,Thomas R,Purchase,SNOW,Snowflake Inc. Class A Common Stock,"$1,001 - $15,000",,,
10/21/2021,11/10/2021,Tuberville,Thomas H,Sale (Full),X,United States Steel Corporation Common Stock,"$1,001 - $15,000",Put,22.00,06/17/2022
10/18/2021,11/10/2021,Tuberville,Thomas H,Purchase,X,United States Steel Corporation Common Stock,"$100,001 - $250,000",,,
10/18/2021,11/10/2021,Tuberville,Thomas H,Sale (Full),UA,"Under Armour, Inc. Class C Common Stock","$15,001 - $50,000",,,
10/18/2021,11/10/2021,Tuberville,Thomas H,Sale (Full),UAA,"Under Armour, Inc. Class A Common Stock","$15,001 - $50,000",,,
10/18/2021,11/10/2021,Tuberville,Thomas H,Sale (Full),GD,General Dynamics Corporation Common Stock,"$15,001 - $50,000",,,
10/18/2021,11/10/2021,Tuberville,Thomas H,Purchase,CALX,"Calix, Inc Common Stock","$1,001 - $15,000",Put,55.00,11/18/2022
10/18/2021,11/10/2021,Tuberville,Thomas H,Sale (Full),DOW,Dow Inc. Common Stock,"$1,001 - $15,000",,,
10/18/2021,11/10/2021,Tuberville,Thomas H,Sale (Full),D,"Dominion Energy, Inc. Common Stock","$15,001 - $50,000",,,
10/18/2021,11/10/2021,Tuberville,Thomas H,Sale (Full),GE,General Electric Company Common Stock,"$15,001 - $50,000",,,
10/18/2021,11/10/2021,Tuberville,Thomas H,Purchase,INTC,Intel Corporation - Common Stock,"$50,001 - $100,000",,,
10/18/2021,11/10/2021,Tuberville,Thomas H,Sale (Full),CALX,"Calix, Inc Common Stock","$1,001 - $15,000",Put,55.00,11/18/2022
10/18/2021,11/10/2021,Tuberville,Thomas H,Sale (Full),X,United States Steel Corporation Common Stock,"$1,001 - $15,000",Call,25.00,06/17/2022
10/18/2021,11/10/2021,Tuberville,Thomas H,Sale (Full),INTC,Intel Corporation - Common Stock,"$1,001 - $15,000",Call,60.00,06/17/2022
10/18/2021,11/10/2021,Tuberville,Thomas H,Sale (Full),BDX,"Becton, Dickinson and Company Common Stock","$15,001 - $50,000",,,
10/18/2021,11/10/2021,Tuberville,Thomas H,Sale (Full),AA,Alcoa Corporation Common Stock,"$100,001 - $250,000",,,
10/15/2021,11/15/2021,Toomey,Patrick J,Purchase,SPG,"Simon Property Group, Inc. Common Stock","$1,001 - $15,000",,,
10/15/2021,11/10/2021,Tuberville,Thomas H,Sale (Full),AA,Alcoa Corporation Common Stock,"$1,001 - $15,000",,,
10/15/2021,11/10/2021,Tuberville,Thomas H,Purchase,INTC,Intel Corporation - Common Stock,"$15,001 - $50,000",,,
10/14/2021,11/17/2021,Warner,Mark R,Sale (Full),ROAD,"Construction Partners, Inc. - Common Stock","$50,001 - $100,000",,,
10/13/2021,11/12/2021,Capito,Shelley M,Purchase,PPG,"PPG Industries, Inc. Common Stock","$1,001 - $15,000",,,
09/30/2021,10/15/2021,Tuberville,Thomas H,Purchase,KLAC,KLA Corporation  - Common Stock,"$1,001 - $15,000",,,
09/30/2021,10/15/2021,Tuberville,Thomas H,Purchase,INTU,Intuit Inc. - Common Stock,"$1,001 - $15,000",,,
09/30/2021,10/15/2021,Tuberville,Thomas H,Purchase,MPWR,"Monolithic Power Systems, Inc. - Common Stock","$1,001 - $15,000",,,
09/30/2021,10/15/2021,Tuberville,Thomas H,Purchase,PG,Procter & Gamble Company (The) Common Stock,"$1,001 - $15,000",,,
09/30/2021,10/15/2021,Tuberville,Thomas H,Purchase,KEYS,Keysight Technologies Inc. Common Stock,"$1,001 - $15,000",,,
09/30/2021,10/15/2021,Tuberville,Thomas H,Purchase,EXP,Eagle Materials Inc Common Stock,"$1,001 - $15,000",,,
09/30/2021,10/15/2021,Tuberville,Thomas H,Purchase,DEO,Diageo plc Common Stock,"$1,001 - $15,000",,,
09/30/2021,10/15/2021,Tuberville,Thomas H,Purchase,CTAS,Cintas Corporation - Common Stock,"$1,001 - $15,000",,,
09/30/2021,10/15/2021,Tuberville,Thomas H,Purchase,BKE,"Buckle, Inc. (The) Common Stock","$1,001 - $15,000",,,
09/30/2021,10/15/2021,Tuberville,Thomas H,Purchase,NFLX,"Netflix, Inc. - Common Stock","$1,001 - $15,000",,,
09/30/2021,10/15/2021,Tuberville,Thomas H,Purchase,APD,"Air Products and Chemicals, Inc. Common Stock","$1,001 - $15,000",,,
09/30/2021,10/15/2021,Tuberville,Thomas H,Purchase,EL,"Estee Lauder Companies, Inc. (The) Common Stock","$1,001 - $15,000",,,
09/30/2021,10/15/2021,Tuberville,Thomas H,Purchase,ALLE,Allegion plc Ordinary Shares,"$1,001 - $15,000",,,
09/30/2021,10/15/2021,Tuberville,Thomas H,Purchase,CABO,"Cable One, Inc. Common Stock","$1,001 - $15,000",,,
09/30/2021,10/15/2021,Tuberville,Thomas H,Purchase,JNJ,Johnson & Johnson Common Stock,"$1,001 - $15,000",,,
09/30/2021,10/15/2021,Tuberville,Thomas H,Purchase,GNRC,Generac Holdlings Inc. Common Stock,"$1,001 - $15,000",,,
09/29/2021,10/15/2021,Tuberville,Thomas H,Sale (Full),MMM,3M Company Common Stock,"$1,001 - $15,000",,,
09/29/2021,10/15/2021,Tuberville,Thomas H,Sale (Full),WAL,Western Alliance Bancorporation Common Stock (DE),"$1,001 - $15,000",,,
09/29/2021,10/15/2021,Tuberville,Thomas H,Sale (Full),ATHM,"Autohome Inc. American Depositary Shares, each rep","$1,001 - $15,000",,,
09/29/2021,10/15/2021,Tuberville,Thomas H,Sale (Full),--,Quest Diagnostics Incorporated Common Stock,"$1,001 - $15,000",,,
09/29/2021,10/15/2021,Tuberville,Thomas H,Sale (Full),CLX,Clorox Company (The) Common Stock,"$1,001 - $15,000",,,
09/29/2021,10/15/2021,Tuberville,Thomas H,Sale (Full),BHP,Bhp Group Plc,"$1,001 - $15,000",,,
09/29/2021,10/15/2021,Tuberville,Thomas H,Sale (Full),DECK,Deckers Outdoor Corporation Common Stock,"$1,001 - $15,000",,,
09/29/2021,10/15/2021,Tuberville,Thomas H,Sale (Full),AME,"AMETEK, Inc.","$1,001 - $15,000",,,
09/29/2021,10/15/2021,Tuberville,Thomas H,Sale (Full),CHE,Chemed Corp,"$1,001 - $15,000",,,
09/28/2021,10/04/2021,Carper,Thomas R,Sale (Partial),GOOG,Alphabet Inc. - Class C Capital Stock,"$1,001 - $15,000",,,
09/28/2021,10/04/2021,Carper,Thomas R,Sale (Partial),AAPL,Apple Inc. - Common Stock,"$15,001 - $50,000",,,
09/27/2021,09/28/2021,Blunt,Roy,Purchase,NRDY,Nerdy Inc. Class A Common Stock,"$1,001 - $15,000",,,
09/20/2021,10/15/2021,Tuberville,Thomas H,Sale (Full),X,United States Steel Corporation Common Stock,"$15,001 - $50,000",Call,25.00,06/17/2022
09/20/2021,10/15/2021,Tuberville,Thomas H,Purchase,SSYS,"Stratasys, Ltd. - Common Stock","$50,001 - $100,000",,,
09/13/2021,10/15/2021,Tuberville,Thomas H,Sale (Full),BABA,Alibaba Group Holding Limited American Depositary                                                                                                                                                                    Option Type: Short Sale Strike price: $230.00                                                Expires: 09/16/2022,"$15,001 - $50,000",,,
09/13/2021,10/15/2021,Tuberville,Thomas H,Purchase,BABA,Alibaba Group Holding Limited American Depositary,"$50,001 - $100,000",Put,230.00,09/17/2021
09/13/2021,10/15/2021,Tuberville,Thomas H,Sale (Full),BABA,Alibaba Group Holding Limited American Depositary                                                                                                                                                                    Option Type: Short Sale Strike price: $230.00                                                Expires: 09/16/2022,"$1,001 - $15,000",,,
09/03/2021,10/07/2021,Lummis,Cynthia M,Purchase,J,Jacobs Engineering Group Inc. Common Stock,"$1,001 - $15,000",,,
09/03/2021,10/15/2021,Tuberville,Thomas H,Purchase,ECOM,ChannelAdvisor Corporation Common Stock,"$1,001 - $15,000",Put,25.00,09/17/2021
09/03/2021,09/15/2021,"McConnell, Jr.",A. Mitchell,Purchase,--,WFC - Wells Fargo & Company,"$1,001 - $15,000",,,
09/01/2021,06/13/2022,Hickenlooper,John W,Purchase,LBRDK,Liberty Broadband Corporation - Class C Common Sto,"$15,001 - $50,000",,,
09/01/2021,05/16/2022,Hickenlooper,John W,Sale (Partial),LBRDK,Liberty Broadband Corporation - Class C Common Sto,"$100,001 - $250,000",,,
08/30/2021,09/13/2021,Whitehouse,Sheldon,Sale (Full),BABA,Alibaba Group Holding Limited American Depositary,"$1,001 - $15,000",,,
08/30/2021,09/08/2021,Tuberville,Thomas H,Sale (Full),CALX,"Calix, Inc Common Stock","$1,001 - $15,000",Put,40.00,11/18/2022
08/30/2021,09/08/2021,Tuberville,Thomas H,Sale (Full),ECOM,ChannelAdvisor Corporation Common Stock,"$1,001 - $15,000",Put,25.00,03/18/2022
08/30/2021,09/13/2021,Whitehouse,Sheldon,Sale (Full),MCHP,Microchip Technology Incorporated - Common Stock,"$15,001 - $50,000",,,
08/30/2021,09/13/2021,Whitehouse,Sheldon,Sale (Full),T,AT&T Inc.,"$15,001 - $50,000",,,
08/27/2021,09/08/2021,Tuberville,Thomas H,Purchase,CALX,"Calix, Inc Common Stock","$1,001 - $15,000",Put,40.00,10/15/2021
08/27/2021,05/16/2022,Peters,Gary C,Purchase,FSK,FS KKR Capital Corp. Common Stock,"$1,001 - $15,000",,,
08/25/2021,09/15/2021,Capito,Shelley M,Purchase,AAPL,Apple Inc. - Common Stock,"$1,001 - $15,000",,,
08/23/2021,09/01/2021,Carper,Thomas R,Sale (Full),LMRK,Landmark Infrastructure Partners LP - Common Units,"$1,001 - $15,000",,,
08/18/2021,09/08/2021,Tuberville,Thomas H,Purchase,SSYS,"Stratasys, Ltd. - Common Stock","$1,001 - $15,000",,,
08/17/2021,09/15/2021,Capito,Shelley M,Sale (Partial),AAPL,Apple Inc. - Common Stock,"$1,001 - $15,000",,,
08/17/2021,09/15/2021,Capito,Shelley M,Sale (Partial),MSFT,Microsoft Corporation - Common Stock,"$1,001 - $15,000",,,
08/16/2021,10/07/2021,Lummis,Cynthia M,Purchase,BTC,Bitcoin                                                                                                                            Exchange/Platform: River,"$50,001 - $100,000",,,
08/12/2021,09/08/2021,Tuberville,Thomas H,Purchase,SSBK,"Southern States Bancshares, Inc. - Common Stock","$50,001 - $100,000",,,
08/11/2021,09/01/2021,Carper,Thomas R,Purchase,WW,"WW International, Inc.  - Common Stock","$1,001 - $15,000",,,
08/10/2021,09/08/2021,Tuberville,Thomas H,Sale (Full),INTC,Intel Corporation - Common Stock,"$1,001 - $15,000",Put,52.50,06/17/2022
08/04/2021,09/01/2021,Carper,Thomas R,Purchase,COR,CoreSite Realty Corporation Common Stock,"$1,001 - $15,000",,,
08/04/2021,09/01/2021,Carper,Thomas R,Sale (Partial),ARE,"Alexandria Real Estate Equities, Inc. Common Stock","$1,001 - $15,000",,,
08/02/2021,09/08/2021,Tuberville,Thomas H,Sale (Full),OXY,Occidental Petroleum Corporation Common Stock,"$1,001 - $15,000",Put,25.00,02/18/2022
08/02/2021,09/08/2021,Tuberville,Thomas H,Sale (Full),OXY,Occidental Petroleum Corporation Common Stock,"$1,001 - $15,000",Call,31.00,02/18/2022
07/30/2021,08/13/2021,Tuberville,Thomas H,Sale (Full),F,Ford Motor Company Common Stock,"$15,001 - $50,000",Put,15.00,03/18/2022
07/30/2021,08/09/2021,Hickenlooper,John W,Purchase,PINS,"Pinterest, Inc. Class A Common Stock","$15,001 - $50,000",,,
07/29/2021,08/13/2021,Tuberville,Thomas H,Purchase,AA,Alcoa Corporation Common Stock,"$1,001 - $15,000",Put,25.00,10/15/2021
07/28/2021,08/13/2021,Tuberville,Thomas H,Sale (Full),NVDA,NVIDIA Corporation - Common Stock,"$15,001 - $50,000",Put,180.00,06/17/2022
07/27/2021,08/09/2021,Hickenlooper,John W,Sale (Partial),SNAP,Snap Inc. Class A Common Stock,"$15,001 - $50,000",,,
07/26/2021,08/02/2021,Carper,Thomas R,Purchase,NXTG,First Trust Indxx Nextg ETF,"$1,001 - $15,000",,,
07/26/2021,08/02/2021,Carper,Thomas R,Purchase,FINX,Global X FinTech ETF,"$1,001 - $15,000",,,
07/26/2021,08/02/2021,Carper,Thomas R,Sale (Partial),FIMKX,Fidelity Advisor Emerging Markets Fund,"$1,001 - $15,000",,,
07/26/2021,08/02/2021,Carper,Thomas R,Purchase,LUBFX,Lord Abbett Ultra Short Bond Fund - Class F,"$1,001 - $15,000",,,
07/26/2021,08/02/2021,Carper,Thomas R,Purchase,DGRS,WisdomTree U.S. SmallCap Quality Dividend Growth F,"$1,001 - $15,000",,,
07/26/2021,08/02/2021,Carper,Thomas R,Sale (Partial),GEMIX,Goldman Sachs Emerging Markets Equity Fund Insti,"$1,001 - $15,000",,,
07/26/2021,08/02/2021,Carper,Thomas R,Purchase,FCPIX,Fidelity Advisor International Capital Appreciat,"$1,001 - $15,000",,,
07/26/2021,08/11/2021,Capito,Shelley M,Sale (Partial),MSFT,Microsoft Corporation - Common Stock,"$1,001 - $15,000",,,
07/26/2021,08/02/2021,Carper,Thomas R,Sale (Partial),CFA,VictoryShares US 500 Volatility Wtd ETF,"$1,001 - $15,000",,,
07/26/2021,08/02/2021,Carper,Thomas R,Purchase,GBIL,GS Treasuryaccess 0-1 Year ETF,"$1,001 - $15,000",,,
07/26/2021,08/02/2021,Carper,Thomas R,Purchase,ABYIX,Abbey Capital Futures Strategy Fund- Class I Sha,"$1,001 - $15,000",,,
07/26/2021,08/02/2021,Carper,Thomas R,Sale (Partial),IVV,S&P 500 Ishares Core ETF,"$1,001 - $15,000",,,
07/26/2021,08/11/2021,Capito,Shelley M,Sale (Partial),INTC,Intel Corporation - Common Stock,"$1,001 - $15,000",,,
07/26/2021,08/11/2021,Capito,Shelley M,Sale (Partial),RDSA,Royal Dutch Shell Plc,"$1,001 - $15,000",,,
07/26/2021,08/02/2021,Carper,Thomas R,Purchase,GLD,SPDR Gold Trust,"$1,001 - $15,000",,,
07/26/2021,08/11/2021,Capito,Shelley M,Sale (Partial),C,"Citigroup, Inc. Common Stock","$1,001 - $15,000",,,
07/26/2021,08/02/2021,Carper,Thomas R,Sale (Partial),FDN,First Trust Dow Jones Internet ETF,"$1,001 - $15,000",,,
07/26/2021,08/02/2021,Carper,Thomas R,Sale (Partial),IJS,S&P Small-Cap 600 Value Ishares ETF,"$1,001 - $15,000",,,
07/26/2021,08/11/2021,Capito,Shelley M,Sale (Partial),IBM,International Business Machines Corporat,"$1,001 - $15,000",,,
07/21/2021,08/03/2021,Peters,Gary C,Purchase,O,Realty Income Corporation Common Stock,"$15,001 - $50,000",,,
07/21/2021,08/13/2021,Tuberville,Thomas H,Sale (Full),CLF,Cleveland-Cliffs Inc. Common Stock,"$15,001 - $50,000",Call,23.00,01/21/2022
07/21/2021,08/13/2021,Tuberville,Thomas H,Purchase,CLF,Cleveland-Cliffs Inc. Common Stock,"$100,001 - $250,000",,,
07/21/2021,08/13/2021,Tuberville,Thomas H,Sale (Full),CLF,Cleveland-Cliffs Inc. Common Stock,"$1,001 - $15,000",Put,20.00,01/21/2022
07/20/2021,08/13/2021,Tuberville,Thomas H,Sale (Full),CLF,Cleveland-Cliffs Inc. Common Stock,"$1,001 - $15,000",Call,20.00,01/21/2022
07/19/2021,08/13/2021,Tuberville,Thomas H,Sale (Full),CLF,Cleveland-Cliffs Inc. Common Stock,"$50,001 - $100,000",,,
07/19/2021,08/13/2021,Tuberville,Thomas H,Sale (Full),AA,Alcoa Corporation Common Stock,"$50,001 - $100,000",,,
07/16/2021,08/13/2021,Tuberville,Thomas H,Purchase,NWL,Newell Brands Inc. - Common Stock,"$15,001 - $50,000",,,
07/16/2021,08/13/2021,Tuberville,Thomas H,Purchase,DTD,Wisdomtree U.S. Total Dividend Fund,"$15,001 - $50,000",,,
07/16/2021,08/13/2021,Tuberville,Thomas H,Purchase,SQ,"Square, Inc. Class A Common Stock","$15,001 - $50,000",,,
07/16/2021,08/13/2021,Tuberville,Thomas H,Purchase,CRWD,"CrowdStrike Holdings, Inc. - Class A Common Stock","$15,001 - $50,000",,,
07/16/2021,08/13/2021,Tuberville,Thomas H,Purchase,XLY,SPDR Select Sector Fund - Consumer Discretionary,"$15,001 - $50,000",,,
07/16/2021,08/13/2021,Tuberville,Thomas H,Purchase,MTUM,iShares MSCI USA Momentum Factor ETF,"$15,001 - $50,000",,,
07/16/2021,08/13/2021,Tuberville,Thomas H,Purchase,--,Bristol-Myers Squibb Company Common Stock,"$15,001 - $50,000",,,
07/16/2021,08/13/2021,Tuberville,Thomas H,Purchase,PEGA,Pegasystems Inc. - Common Stock,"$15,001 - $50,000",,,
07/16/2021,08/13/2021,Tuberville,Thomas H,Purchase,PEP,"PepsiCo, Inc. - Common Stock","$15,001 - $50,000",,,
07/14/2021,08/13/2021,Tuberville,Thomas H,Purchase,BABA,Alibaba Group Holding Limited American Depositary,"$15,001 - $50,000",Put,250.00,07/16/2021
07/14/2021,08/13/2021,Tuberville,Thomas H,Sale (Full),BABA,Alibaba Group Holding Limited American Depositary,"$15,001 - $50,000",Put,245.00,01/21/2022
07/08/2021,08/02/2021,Carper,Thomas R,Purchase,FAST,Fastenal Company - Common Stock,"$1,001 - $15,000",,,
07/08/2021,08/02/2021,Carper,Thomas R,Purchase,JCI,Johnson Controls International plc Ordinary Share,"$1,001 - $15,000",,,
07/06/2021,08/13/2021,Tuberville,Thomas H,Purchase,QQQ,"Invesco QQQ Trust, Series 1","$1,001 - $15,000",Put,262.00,09/17/2021
07/01/2021,08/13/2021,Tuberville,Thomas H,Sale (Full),INTC,Intel Corporation - Common Stock,"$1,001 - $15,000",Put,55.00,01/21/2022
06/30/2021,07/16/2021,Tuberville,Thomas H,Purchase,ADP,"Automatic Data Processing, Inc.","$1,001 - $15,000",Put,175.00,08/20/2021
06/29/2021,07/06/2021,Carper,Thomas R,Purchase,VSH,"Vishay Intertechnology, Inc.","$1,001 - $15,000",,,
06/29/2021,07/06/2021,Carper,Thomas R,Sale (Full),TRIT,"Triterras, Inc.","$1,001 - $15,000",,,
06/29/2021,07/06/2021,Carper,Thomas R,Purchase,RAMP,"LiveRamp Holdings, Inc.","$1,001 - $15,000",,,
06/28/2021,07/09/2021,Hickenlooper,John W,Sale (Full),OGN,Organon & Co.,"$1,001 - $15,000",,,
06/25/2021,07/16/2021,Tuberville,Thomas H,Purchase,OXY,Occidental Petroleum Corporation,"$1,001 - $15,000",Put,25.00,08/20/2021
06/24/2021,07/28/2021,"King, Jr.",Angus S,Purchase,TMO,Thermo Fisher Scientific Inc.,"$1,001 - $15,000",,,
06/24/2021,07/28/2021,"King, Jr.",Angus S,Purchase,ADBE,Adobe Inc.,"$1,001 - $15,000",,,
06/24/2021,07/16/2021,Capito,Shelley M,Purchase,USB,U.S. Bancorp,"$1,001 - $15,000",,,
06/23/2021,07/16/2021,Capito,Shelley M,Purchase,JPM,JPMorgan Chase & Co.,"$1,001 - $15,000",,,
06/23/2021,07/16/2021,Tuberville,Thomas H,Sale (Full),AAPL,Apple Inc.,"$1,001 - $15,000",Put,102.50,06/17/2022
06/23/2021,07/16/2021,Capito,Shelley M,Purchase,AAPL,Apple Inc.,"$1,001 - $15,000",,,
06/23/2021,07/16/2021,Tuberville,Thomas H,Sale (Full),MSFT,Microsoft Corporation,"$1,001 - $15,000",Put,210.00,03/18/2022
06/21/2021,07/16/2021,Capito,Shelley M,Sale (Full),--,Wells Fargo & Company,"$1,001 - $15,000",,,
06/15/2021,07/07/2021,Toomey,Patrick J,Purchase,GBTC,Grayscale Bitcoin Trust (BTC)                                                                                                                            Exchange/Platform: OTC,"$1,001 - $15,000",,,
06/14/2021,07/07/2021,Toomey,Patrick J,Purchase,ETHE,Grayscale Ethereum Trust (ETH)                                                                                                                            Exchange/Platform: OTC,"$1,001 - $15,000",,,
06/09/2021,05/16/2022,Smith,Tina,Exchange,TCFHBAN,TCF Financial Corporation - Common Stock (Exchanged)                                                                                        Huntington Bancshares Incorporated - Common Stock (Received),"$100,001 - $250,000",,,
06/08/2021,07/08/2021,"Hagerty, IV",William F,Purchase,BA,The Boeing Company,"$1,001 - $15,000",,,
06/07/2021,07/06/2021,Peters,Gary C,Purchase,JNPR,"Juniper Networks, Inc.","$1,001 - $15,000",,,
06/04/2021,07/06/2021,Carper,Thomas R,Sale (Partial),LHX,"L3Harris Technologies, Inc.","$1,001 - $15,000",,,
06/04/2021,07/06/2021,Carper,Thomas R,Purchase,TTE,TotalEnergies SE,"$1,001 - $15,000",,,
06/04/2021,07/06/2021,Carper,Thomas R,Sale (Full),MANT,ManTech International Corporation,"$1,001 - $15,000",,,
06/04/2021,07/06/2021,Carper,Thomas R,Sale (Partial),ETN,Eaton Corporation plc,"$1,001 - $15,000",,,
06/04/2021,07/06/2021,Carper,Thomas R,Sale (Partial),SBUX,Starbucks Corporation,"$1,001 - $15,000",,,
06/04/2021,07/06/2021,Carper,Thomas R,Purchase,LMRK,Landmark Infrastructure Partners LP,"$1,001 - $15,000",,,
06/04/2021,07/06/2021,Carper,Thomas R,Sale (Partial),IRM,Iron Mountain Incorporated,"$1,001 - $15,000",,,
06/04/2021,07/06/2021,Carper,Thomas R,Sale (Partial),AXS,AXIS Capital Holdings Limited,"$1,001 - $15,000",,,
06/04/2021,07/06/2021,Carper,Thomas R,Sale (Partial),MCD,McDonald's Corporation,"$1,001 - $15,000",,,
06/04/2021,07/06/2021,Carper,Thomas R,Sale (Partial),NVDA,NVIDIA Corporation,"$1,001 - $15,000",,,
06/04/2021,07/06/2021,Carper,Thomas R,Purchase,APO,"Apollo Global Management, Inc.","$1,001 - $15,000",,,
06/04/2021,07/06/2021,Carper,Thomas R,Sale (Partial),DEO,Diageo plc,"$1,001 - $15,000",,,
06/03/2021,06/07/2021,"McConnell, Jr.",A. Mitchell,Purchase,WFC,Wells Fargo & Company,"$1,001 - $15,000",,,
06/03/2021,07/09/2021,Hickenlooper,John W,Purchase,NOK,Nokia Corporation,"$1,001 - $15,000",,,
06/02/2021,07/09/2021,Hickenlooper,John W,Exchange,MRKOGN,"Merck & Co., Inc. (Exchanged)                                                                                        Organon & Co. (Received)","$1,001 - $15,000",,,
06/01/2021,07/16/2021,Tuberville,Thomas H,Sale (Full),QCOM,QUALCOMM Incorporated,"$15,001 - $50,000",Put,130.00,06/17/2022
05/25/2021,06/08/2021,Capito,Shelley M,Sale (Full),T,AT&T Inc.,"$1,001 - $15,000",,,
05/25/2021,07/06/2021,Peters,Gary C,Purchase,SPG,"Simon Property Group, Inc.","$1,001 - $15,000",,,
05/24/2021,07/23/2021,Tuberville,Thomas H,Sale (Full),FCX,Freeport-McMoRan Inc.,"$1,001 - $15,000",,,
05/19/2021,06/03/2021,Hickenlooper,John W,Sale (Partial),CMG,"Chipotle Mexican Grill, Inc.","$100,001 - $250,000",,,
05/18/2021,07/23/2021,Tuberville,Thomas H,Sale (Full),FDSWX,AIG Focused Dividend Strategy Fund Class W,"$1,001 - $15,000",,,
05/17/2021,06/08/2021,"Hagerty, IV",William F,Exchange,FL4.SGTDY,FLIR SYSTEMS INC. Registered Sh (Exchanged)                                                                                        Teledyne Technologies Incorporated (Received),"$15,001 - $50,000",,,
05/10/2021,07/23/2021,Tuberville,Thomas H,Sale (Full),FCX,Freeport-McMoRan Inc.,"$1,001 - $15,000",,,
05/10/2021,06/13/2022,Hickenlooper,John W,Purchase,QRTEA,"Qurate Retail, Inc. - Series A Common Stock","$250,001 - $500,000",,,
05/10/2021,06/03/2021,Hickenlooper,John W,Purchase,TTD,"The Trade Desk, Inc.","$15,001 - $50,000",,,
05/10/2021,06/03/2021,Hickenlooper,John W,Sale (Full),QRTEA,"Qurate Retail, Inc.","$100,001 - $250,000",,,
05/10/2021,06/08/2021,Capito,Shelley M,Sale (Partial),WFC,Wells Fargo & Company,"$1,001 - $15,000",,,
05/06/2021,07/23/2021,Tuberville,Thomas H,Sale (Full),X,United States Steel Corporation,"$1,001 - $15,000",Call,29.00,10/15/2021
05/06/2021,07/23/2021,Tuberville,Thomas H,Sale (Full),X,United States Steel Corporation,"$15,001 - $50,000",Put,24.00,10/15/2021
05/06/2021,07/23/2021,Tuberville,Thomas H,Purchase,X,United States Steel Corporation,"$100,001 - $250,000",,,
05/04/2021,06/03/2021,Hickenlooper,John W,Purchase,PTON,"Peloton Interactive, Inc.","$1,001 - $15,000",,,
04/28/2021,06/06/2021,Whitehouse,Sheldon,Sale (Full),INTC,Intel Corporation,"$15,001 - $50,000",,,
04/27/2021,07/23/2021,Tuberville,Thomas H,Sale (Full),CALX,"Calix, Inc.","$1,001 - $15,000",Put,40.00,01/21/2022
04/26/2021,05/19/2021,Capito,Shelley M,Sale (Partial),WFC,Wells Fargo & Company,"$1,001 - $15,000",,,
04/26/2021,07/23/2021,Tuberville,Thomas H,Sale (Full),QQQ,Invesco QQQ Trust,"$1,001 - $15,000",Put,285.00,03/18/2022
04/21/2021,07/23/2021,Tuberville,Thomas H,Purchase,CSX,CSX Corporation,"$1,001 - $15,000",Put,80.00,08/20/2021
04/21/2021,07/23/2021,Tuberville,Thomas H,Sale (Full),ECOM,ChannelAdvisor Corporation,"$1,001 - $15,000",Call,30.00,12/17/2021
04/20/2021,07/23/2021,Tuberville,Thomas H,Purchase,MSFT,Microsoft Corporation,"$1,001 - $15,000",Put,205.00,07/16/2021
04/20/2021,07/23/2021,Tuberville,Thomas H,Purchase,FB,"Facebook, Inc.","$1,001 - $15,000",Put,225.00,07/16/2021
04/20/2021,05/04/2021,"Hagerty, IV",William F,Sale (Partial),NTRA,"Natera, Inc.","$1,001 - $15,000",,,
04/19/2021,07/23/2021,Tuberville,Thomas H,Sale (Full),CLF,Cleveland-Cliffs Inc.,"$15,001 - $50,000",Call,20.00,01/21/2022
04/19/2021,07/23/2021,Tuberville,Thomas H,Sale (Full),CLF,Cleveland-Cliffs Inc.,"$15,001 - $50,000",Put,17.00,01/21/2022
04/19/2021,07/23/2021,Tuberville,Thomas H,Sale (Full),AA,Alcoa Corporation,"$50,001 - $100,000",,,
04/19/2021,07/23/2021,Tuberville,Thomas H,Purchase,CLF,Cleveland-Cliffs Inc.,"$50,001 - $100,000",,,
04/19/2021,07/23/2021,Tuberville,Thomas H,Sale (Full),ECOM,ChannelAdvisor Corporation,"$1,001 - $15,000",Put,25.00,09/17/2021
04/16/2021,07/23/2021,Tuberville,Thomas H,Purchase,ECOM,ChannelAdvisor Corporation,"$15,001 - $50,000",,,
04/16/2021,04/30/2021,Wyden,Ron L,Sale (Full),AMAT,"Applied Materials, Inc.","$50,001 - $100,000",,,
04/16/2021,04/30/2021,Wyden,Ron L,Sale (Full),KLAC,KLA Corporation,"$50,001 - $100,000",,,
04/16/2021,07/23/2021,Tuberville,Thomas H,Sale (Full),ECOM,ChannelAdvisor Corporation,"$1,001 - $15,000",Call,30.00,12/17/2021
04/15/2021,04/22/2021,Peters,Gary C,Purchase,VPU,Vanguard Utilities Index Fund ETF Shares,"$1,001 - $15,000",,,
04/14/2021,07/23/2021,Tuberville,Thomas H,Sale (Full),ADBE,Adobe Inc.,"$1,001 - $15,000",Put,400.00,01/21/2022
04/14/2021,07/23/2021,Tuberville,Thomas H,Sale (Full),FCX,Freeport-McMoRan Inc.,"$15,001 - $50,000",,,
04/13/2021,05/03/2021,Carper,Thomas R,Sale (Full),NUAN,"Nuance Communications, Inc.","$1,001 - $15,000",,,
04/13/2021,05/03/2021,Carper,Thomas R,Sale (Full),GAN,GAN Limited,"$1,001 - $15,000",,,
04/13/2021,05/03/2021,Carper,Thomas R,Purchase,TRIT,"Triterras, Inc.","$1,001 - $15,000",,,
04/12/2021,07/23/2021,Tuberville,Thomas H,Sale (Full),SSYS,Stratasys Ltd.,"$1,001 - $15,000",Put,22.50,01/21/2022
04/08/2021,07/23/2021,Tuberville,Thomas H,Sale (Full),CALX,"Calix, Inc.","$1,001 - $15,000",Put,40.00,01/21/2022
04/07/2021,07/23/2021,Tuberville,Thomas H,Sale (Full),CALX,"Calix, Inc.","$1,001 - $15,000",Put,40.00,10/15/2021
04/07/2021,07/23/2021,Tuberville,Thomas H,Purchase,OXY,Occidental Petroleum Corporation,"$50,001 - $100,000",,,
04/07/2021,07/23/2021,Tuberville,Thomas H,Sale (Full),OXY,Occidental Petroleum Corporation,"$1,001 - $15,000",Put,25.00,11/19/2021
04/07/2021,07/23/2021,Tuberville,Thomas H,Sale (Full),OXY,Occidental Petroleum Corporation,"$1,001 - $15,000",Call,29.00,11/19/2021
04/06/2021,04/09/2021,Wyden,Ron L,Sale (Full),INTC,Intel Corporation,"$15,001 - $50,000",,,
04/06/2021,04/09/2021,Wyden,Ron L,Sale (Full),AVGO,Broadcom Inc.,"$100,001 - $250,000",,,
04/06/2021,04/09/2021,Wyden,Ron L,Sale (Full),STZ,"Constellation Brands, Inc.","$100,001 - $250,000",,,
04/06/2021,04/09/2021,Wyden,Ron L,Sale (Partial),AMAT,"Applied Materials, Inc.","$100,001 - $250,000",,,
04/06/2021,04/09/2021,Wyden,Ron L,Sale (Full),KLAC,KLA Corporation,"$1,001 - $15,000",,,
04/06/2021,04/09/2021,Wyden,Ron L,Sale (Partial),KLAC,KLA Corporation,"$100,001 - $250,000",,,
04/05/2021,07/23/2021,Tuberville,Thomas H,Purchase,INTC,Intel Corporation,"$1,001 - $15,000",Put,50.00,07/16/2021
04/05/2021,05/03/2021,Carper,Thomas R,Purchase,CWEN,"Clearway Energy, Inc.","$1,001 - $15,000",,,
04/05/2021,07/23/2021,Tuberville,Thomas H,Sale (Full),INTC,Intel Corporation,"$1,001 - $15,000",Put,60.00,10/15/2021
04/05/2021,04/16/2021,Duckworth,Ladda Tammy,Sale (Full),VZ,Verizon Communications Inc.,"$15,001 - $50,000",,,
04/05/2021,07/23/2021,Tuberville,Thomas H,Purchase,EA,Electronic Arts Inc.,"$1,001 - $15,000",Put,115.00,06/18/2021
04/05/2021,04/16/2021,Duckworth,Ladda Tammy,Sale (Partial),ITW,Illinois Tool Works Inc.,"$1,001 - $15,000",,,
04/05/2021,04/16/2021,Duckworth,Ladda Tammy,Sale (Full),DIS,The Walt Disney Company,"$1,001 - $15,000",,,
04/01/2021,07/23/2021,Tuberville,Thomas H,Sale (Full),PYPL,"PayPal Holdings, Inc.","$1,001 - $15,000",Put,220.00,06/17/2022
04/01/2021,04/30/2021,Wyden,Ron L,Purchase,MTCH,"Match Group, Inc.","$15,001 - $50,000",,,
03/30/2021,04/02/2021,Wyden,Ron L,Sale (Partial),AVGO,Broadcom Inc.,"$1,001 - $15,000",,,
03/29/2021,07/23/2021,Tuberville,Thomas H,Purchase,EW,Edwards Lifesciences Corporation,"$1,001 - $15,000",,,
03/29/2021,07/23/2021,Tuberville,Thomas H,Purchase,SWKS,"Skyworks Solutions, Inc.","$1,001 - $15,000",,,
03/29/2021,07/23/2021,Tuberville,Thomas H,Purchase,WAL,Western Alliance Bancorporation,"$1,001 - $15,000",,,
03/29/2021,07/23/2021,Tuberville,Thomas H,Sale (Full),FTNT,"Fortinet, Inc.","$1,001 - $15,000",,,
03/29/2021,07/23/2021,Tuberville,Thomas H,Purchase,VMW,"VMware, Inc.","$1,001 - $15,000",,,
03/29/2021,07/23/2021,Tuberville,Thomas H,Purchase,GGG,Graco Inc.,"$1,001 - $15,000",,,
03/29/2021,07/23/2021,Tuberville,Thomas H,Purchase,GOOGL,Alphabet Inc.,"$1,001 - $15,000",,,
03/29/2021,07/23/2021,Tuberville,Thomas H,Purchase,BHP,BHP Group,"$1,001 - $15,000",,,
03/29/2021,07/23/2021,Tuberville,Thomas H,Purchase,BIO,"Bio-Rad Laboratories, Inc.","$1,001 - $15,000",,,
03/29/2021,07/23/2021,Tuberville,Thomas H,Purchase,CHE,Chemed Corporation,"$1,001 - $15,000",,,
03/29/2021,07/23/2021,Tuberville,Thomas H,Purchase,CE,Celanese Corporation,"$1,001 - $15,000",,,
03/29/2021,07/23/2021,Tuberville,Thomas H,Purchase,HSY,The Hershey Company,"$1,001 - $15,000",,,
03/29/2021,07/23/2021,Tuberville,Thomas H,Purchase,CLX,The Clorox Company,"$1,001 - $15,000",,,
03/29/2021,07/23/2021,Tuberville,Thomas H,Purchase,WAT,Waters Corporation,"$1,001 - $15,000",,,
03/29/2021,07/23/2021,Tuberville,Thomas H,Purchase,AME,"AMETEK, Inc.","$1,001 - $15,000",,,
03/29/2021,07/23/2021,Tuberville,Thomas H,Purchase,ATHM,Autohome Inc.,"$1,001 - $15,000",,,
03/29/2021,07/23/2021,Tuberville,Thomas H,Sale (Full),HON,Honeywell International Inc.,"$1,001 - $15,000",,,
03/29/2021,07/23/2021,Tuberville,Thomas H,Purchase,IEX,IDEX Corporation,"$1,001 - $15,000",,,
03/29/2021,07/23/2021,Tuberville,Thomas H,Purchase,IDXX,"IDEXX Laboratories, Inc.","$1,001 - $15,000",,,
03/29/2021,07/23/2021,Tuberville,Thomas H,Purchase,GNTX,Gentex Corporation,"$1,001 - $15,000",,,
03/29/2021,07/23/2021,Tuberville,Thomas H,Purchase,DGX,Quest Diagnostics Incorporated,"$1,001 - $15,000",,,
03/29/2021,07/23/2021,Tuberville,Thomas H,Sale (Full),CL,Colgate-Palmolive Company,"$1,001 - $15,000",,,
03/29/2021,07/23/2021,Tuberville,Thomas H,Purchase,WST,"West Pharmaceutical Services, Inc.","$1,001 - $15,000",,,
03/29/2021,07/23/2021,Tuberville,Thomas H,Purchase,ROK,"Rockwell Automation, Inc.","$1,001 - $15,000",,,
03/29/2021,07/23/2021,Tuberville,Thomas H,Sale (Full),JNJ,Johnson & Johnson,"$1,001 - $15,000",,,
03/29/2021,07/23/2021,Tuberville,Thomas H,Purchase,DECK,Deckers Outdoor Corporation,"$1,001 - $15,000",,,
03/29/2021,07/23/2021,Tuberville,Thomas H,Sale (Full),EA,Electronic Arts Inc.,"$1,001 - $15,000",,,
03/29/2021,07/23/2021,Tuberville,Thomas H,Purchase,CNR,"Cornerstone Building Brands, Inc.","$1,001 - $15,000",,,
03/29/2021,07/23/2021,Tuberville,Thomas H,Purchase,SNA,Snap-on Incorporated,"$1,001 - $15,000",,,
03/29/2021,07/23/2021,Tuberville,Thomas H,Purchase,TER,"Teradyne, Inc.","$1,001 - $15,000",,,
03/29/2021,07/23/2021,Tuberville,Thomas H,Purchase,SIVB,SVB Financial Group,"$1,001 - $15,000",,,
03/29/2021,07/23/2021,Tuberville,Thomas H,Purchase,SEIC,SEI Investments Company,"$1,001 - $15,000",,,
03/29/2021,07/23/2021,Tuberville,Thomas H,Sale (Full),EBAY,eBay Inc.,"$1,001 - $15,000",,,
03/29/2021,07/23/2021,Tuberville,Thomas H,Sale (Full),INTU,Intuit Inc.,"$1,001 - $15,000",,,
03/29/2021,07/23/2021,Tuberville,Thomas H,Purchase,MMM,3M Company,"$1,001 - $15,000",,,
03/29/2021,07/23/2021,Tuberville,Thomas H,Sale (Full),NTES,"NetEase, Inc.","$1,001 - $15,000",,,
03/29/2021,07/23/2021,Tuberville,Thomas H,Sale (Full),NDSN,Nordson Corporation,"$1,001 - $15,000",,,
03/29/2021,07/23/2021,Tuberville,Thomas H,Purchase,ODFL,"Old Dominion Freight Line, Inc.","$1,001 - $15,000",,,
03/29/2021,07/23/2021,Tuberville,Thomas H,Purchase,PYPL,"PayPal Holdings, Inc.","$1,001 - $15,000",,,
03/29/2021,07/23/2021,Tuberville,Thomas H,Purchase,QCOM,QUALCOMM Incorporated,"$1,001 - $15,000",,,
03/29/2021,07/23/2021,Tuberville,Thomas H,Purchase,REGN,"Regeneron Pharmaceuticals, Inc.","$1,001 - $15,000",,,
03/29/2021,07/23/2021,Tuberville,Thomas H,Purchase,ALGN,"Align Technology, Inc.","$1,001 - $15,000",,,
03/29/2021,07/23/2021,Tuberville,Thomas H,Sale (Full),MRK,"Merck & Co., Inc.","$1,001 - $15,000",,,
03/26/2021,04/08/2021,"Hagerty, IV",William F,Purchase,QRTEP,"Qurate Retail, Inc.","$15,001 - $50,000",,,
03/25/2021,04/12/2021,Capito,Shelley M,Sale (Partial),C,Citigroup Inc.,"$1,001 - $15,000",,,
03/24/2021,04/12/2021,Capito,Shelley M,Purchase,WFC,Wells Fargo & Company,"$15,001 - $50,000",,,
03/22/2021,04/22/2021,Peters,Gary C,Exchange,--,OAKTREE STRATEGIC INCOME CORP (Exchanged)                                                                                        OAKTREE SPECIALTY LENDING CORP  (Received),"$1,001 - $15,000",,,
03/16/2021,07/23/2021,Tuberville,Thomas H,Sale (Full),AA,Alcoa Corporation,"$15,001 - $50,000",Put,25.00,10/15/2021
03/16/2021,07/23/2021,Tuberville,Thomas H,Purchase,AA,Alcoa Corporation,"$100,001 - $250,000",,,
03/16/2021,07/23/2021,Tuberville,Thomas H,Purchase,AA,Alcoa Corporation,"$1,001 - $15,000",,,
03/16/2021,07/23/2021,Tuberville,Thomas H,Sale (Full),AA,Alcoa Corporation,"$15,001 - $50,000",Call,26.00,10/15/2021
03/15/2021,06/13/2022,Hickenlooper,John W,Purchase,LBRDK,Liberty Broadband Corporation - Class C Common Sto,"$50,001 - $100,000",,,
03/15/2021,05/16/2022,Hickenlooper,John W,Sale (Partial),LSXMK,Liberty Media Corporation - Series C Liberty Siriu,"$100,001 - $250,000",,,
03/15/2021,06/13/2022,Hickenlooper,John W,Purchase,LSXMK,Liberty Media Corporation - Series C Liberty Siriu,"$100,001 - $250,000",,,
03/15/2021,05/16/2022,Hickenlooper,John W,Sale (Partial),LBRDK,Liberty Broadband Corporation - Class C Common Sto,"$100,001 - $250,000",,,
03/12/2021,07/23/2021,Tuberville,Thomas H,Sale (Full),CLF,Cleveland-Cliffs Inc.,"$1,001 - $15,000",Call,20.00,07/16/2021
03/12/2021,07/23/2021,Tuberville,Thomas H,Purchase,CLF,Cleveland-Cliffs Inc.,"$15,001 - $50,000",,,
03/12/2021,07/23/2021,Tuberville,Thomas H,Sale (Full),CLF,Cleveland-Cliffs Inc.,"$1,001 - $15,000",Put,16.00,07/16/2021
03/11/2021,07/23/2021,Tuberville,Thomas H,Sale (Full),ADP,"Automatic Data Processing, Inc.","$1,001 - $15,000",Put,175.00,08/20/2021
03/09/2021,04/12/2021,Capito,Shelley M,Purchase,USB,U.S. Bancorp,"$1,001 - $15,000",,,
03/09/2021,04/12/2021,Capito,Shelley M,Purchase,JPM,JPMorgan Chase & Co.,"$1,001 - $15,000",,,
03/09/2021,04/12/2021,Capito,Shelley M,Purchase,BLK,"BlackRock, Inc.","$1,001 - $15,000",,,
03/05/2021,04/02/2021,Wyden,Ron L,Purchase,STX,Seagate Technology plc,"$1,001 - $15,000",,,
03/05/2021,04/13/2021,Sullivan,Daniel S,Sale (Partial),RPM,RPM International Inc.,"$15,001 - $50,000",,,
03/04/2021,04/02/2021,Wyden,Ron L,Purchase,STX,Seagate Technology plc,"$1,001 - $15,000",,,
03/04/2021,04/02/2021,Wyden,Ron L,Purchase,AVGO,Broadcom Inc.,"$1,001 - $15,000",,,
03/03/2021,03/16/2021,"McConnell, Jr.",A. Mitchell,Purchase,WFC,Wells Fargo & Company,"$1,001 - $15,000",,,
03/03/2021,04/12/2021,Capito,Shelley M,Purchase,UBSI,"United Bankshares, Inc.","$100,001 - $250,000",,,
02/26/2021,03/23/2021,Wyden,Ron L,Purchase,AMAT,"Applied Materials, Inc.","$1,001 - $15,000",,,
02/26/2021,03/23/2021,Wyden,Ron L,Purchase,KLAC,KLA Corporation,"$1,001 - $15,000",,,
02/26/2021,03/23/2021,Wyden,Ron L,Purchase,STX,Seagate Technology plc,"$1,001 - $15,000",,,
02/23/2021,03/14/2021,Capito,Shelley M,Sale (Full),--,EV - Eaton Vance Corp,"$1,001 - $15,000",,,
02/23/2021,03/14/2021,Capito,Shelley M,Purchase,UBSI,"United Bankshares, Inc.","$50,001 - $100,000",,,
02/19/2021,07/23/2021,Tuberville,Thomas H,Sale (Full),ADBE,Adobe Inc.,"$1,001 - $15,000",Put,405.00,06/18/2021
02/18/2021,04/01/2021,Hickenlooper,John W,Purchase,DGNR,Dragoneer Growth Opportunities Corp.,"$1,001 - $15,000",,,
02/16/2021,07/23/2021,Tuberville,Thomas H,Purchase,OXY,Occidental Petroleum Corporation,"$15,001 - $50,000",,,
02/16/2021,03/03/2021,Carper,Thomas R,Purchase,INTC,Intel Corporation,"$1,001 - $15,000",,,
02/16/2021,04/28/2022,Carper,Thomas R,Purchase,INTC,Intel Corporation,"$1,001 - $15,000",,,
02/16/2021,07/23/2021,Tuberville,Thomas H,Sale (Full),OXY,Occidental Petroleum Corporation,"$1,001 - $15,000",Call,30.00,08/20/2021
02/16/2021,07/23/2021,Tuberville,Thomas H,Sale (Full),OXY,Occidental Petroleum Corporation,"$1,001 - $15,000",Put,25.00,08/20/2021
02/16/2021,02/19/2021,"Hagerty, IV",William F,Sale (Full),CTAA,Qwest Corp. NT 7% 2056,"$15,001 - $50,000",,,
02/12/2021,04/01/2021,Hickenlooper,John W,Purchase,CARG,"CarGurus, Inc.","$1,001 - $15,000",,,
02/12/2021,03/03/2021,Carper,Thomas R,Purchase,FIMKX,Fidelity Advisor Focused Emerging Markets Fund Cla,"$1,001 - $15,000",,,
02/12/2021,03/03/2021,Carper,Thomas R,Purchase,GEMIX,Goldman Sachs Emerging Markets Equity Fund Institu,"$1,001 - $15,000",,,
02/12/2021,03/03/2021,Carper,Thomas R,Sale (Full),GGSM,Gold and GemStone Mining Inc.,"$1,001 - $15,000",,,
02/12/2021,03/03/2021,Carper,Thomas R,Sale (Full),FEMS,First Trust Emerging Markets Small Cap AlphaDEX Fu,"$1,001 - $15,000",,,
02/12/2021,03/03/2021,Carper,Thomas R,Sale (Full),EEM,iShares MSCI Emerging Markets ETF,"$1,001 - $15,000",,,
02/12/2021,04/28/2022,Carper,Thomas R,Purchase,FIMKX,Fidelity Advisor Focused Emerging Markets Fund Cla,"$1,001 - $15,000",,,
02/12/2021,04/28/2022,Carper,Thomas R,Sale (Full),FEMS,First Trust Emerging Markets Small Cap AlphaDEX Fu,"$1,001 - $15,000",,,
02/12/2021,04/28/2022,Carper,Thomas R,Purchase,GEMIX,Goldman Sachs Emerging Markets Equity Fund Institu,"$1,001 - $15,000",,,
02/12/2021,04/28/2022,Carper,Thomas R,Sale (Full),EEM,iShares MSCI Emerging Markets ETF,"$1,001 - $15,000",,,
02/12/2021,04/28/2022,Carper,Thomas R,Sale (Full),GEM,GS Activebeta Emerging Markets Equity ETF,"$1,001 - $15,000",,,
02/11/2021,07/23/2021,Tuberville,Thomas H,Sale (Full),ECOM,ChannelAdvisor Corporation,"$1,001 - $15,000",Call,30.00,09/17/2021
02/10/2021,07/23/2021,Tuberville,Thomas H,Sale (Full),ECOM,ChannelAdvisor Corporation,"$1,001 - $15,000",Call,30.00,09/17/2021
02/10/2021,07/23/2021,Tuberville,Thomas H,Purchase,ECOM,ChannelAdvisor Corporation,"$15,001 - $50,000",,,
02/10/2021,07/23/2021,Tuberville,Thomas H,Sale (Full),ECOM,ChannelAdvisor Corporation,"$1,001 - $15,000",Put,25.00,09/17/2021
02/10/2021,07/23/2021,Tuberville,Thomas H,Purchase,ECOM,ChannelAdvisor Corporation,"$1,001 - $15,000",,,
02/09/2021,03/09/2021,Toomey,Patrick J,Purchase,PENN,"Penn National Gaming, Inc.","$1,001 - $15,000",,,
02/09/2021,07/23/2021,Tuberville,Thomas H,Purchase,VEEV,Veeva Systems Inc.,"$1,001 - $15,000",Put,240.00,03/19/2021
02/08/2021,07/23/2021,Tuberville,Thomas H,Sale (Full),F,Ford Motor Company,"$1,001 - $15,000",Put,11.00,09/17/2021
02/08/2021,03/14/2021,Capito,Shelley M,Sale (Partial),CSCO,"Cisco Systems, Inc.","$1,001 - $15,000",,,
02/05/2021,04/28/2022,Carper,Thomas R,Exchange,DDIFF,"DuPont de Nemours, Inc. (Exchanged)                                                                                        International Flavors & Fragrances Inc. (Received)","$1,001 - $15,000",,,
02/05/2021,03/03/2021,Carper,Thomas R,Exchange,DDIFF,"DuPont de Nemours, Inc. (Exchanged)                                                                                        International Flavors & Fragrances Inc. (Received)","$1,001 - $15,000",,,
02/04/2021,07/23/2021,Tuberville,Thomas H,Sale (Full),SSYS,Stratasys Ltd.,"$1,001 - $15,000",Put,45.00,09/17/2021
02/03/2021,07/23/2021,Tuberville,Thomas H,Purchase,BRK-B,Berkshire Hathaway Inc.,"$50,001 - $100,000",,,
02/03/2021,07/23/2021,Tuberville,Thomas H,Purchase,MSFT,Microsoft Corporation,"$1,001 - $15,000",Put,185.00,04/16/2021
02/02/2021,07/23/2021,Tuberville,Thomas H,Sale (Full),CSX,CSX Corporation,"$1,001 - $15,000",Put,80.00,08/20/2021
01/29/2021,02/01/2021,Carper,Thomas R,Purchase,XCAPX,ACAP Strategic Fund,"$15,001 - $50,000",,,
01/28/2021,02/08/2021,Toomey,Patrick J,Sale (Full),GME,GameStop Corp.,"$1,001 - $15,000",,,
01/27/2021,02/08/2021,Toomey,Patrick J,Purchase,GME,GameStop Corp.,"$1,001 - $15,000",,,
01/27/2021,02/01/2021,Carper,Thomas R,Sale (Partial),DD,"DuPont de Nemours, Inc.","$15,001 - $50,000",,,
01/27/2021,02/08/2021,Toomey,Patrick J,Sale (Full),TSLA,"Tesla, Inc.","$1,001 - $15,000",,,
01/27/2021,02/08/2021,Toomey,Patrick J,Sale (Full),SHOP,Shopify Inc.,"$1,001 - $15,000",,,
01/27/2021,02/08/2021,"Moran,  ",Jerry,Sale (Full),COST,Costco Wholesale Corporation,"$1,001 - $15,000",,,
01/27/2021,02/18/2021,Wyden,Ron L,Purchase,KLAC,KLA Corporation,"$1,001 - $15,000",,,
01/27/2021,02/18/2021,Wyden,Ron L,Purchase,DIS,The Walt Disney Company,"$1,001 - $15,000",,,
01/27/2021,02/18/2021,Wyden,Ron L,Purchase,AAPL,Apple Inc.,"$1,001 - $15,000",,,
01/26/2021,02/19/2021,"Hagerty, IV",William F,Purchase,--,"Vroom, Inc.","$1,001 - $15,000",,,
01/26/2021,02/01/2021,Carper,Thomas R,Purchase,AQN,Algonquin Power & Utilities Corp.,"$1,001 - $15,000",,,
01/26/2021,02/01/2021,Carper,Thomas R,Sale (Full),PBA,Pembina Pipeline Corporation,"$1,001 - $15,000",,,
01/25/2021,02/01/2021,Carper,Thomas R,Sale (Full),EVOP,"EVO Payments, Inc.","$1,001 - $15,000",,,
01/25/2021,02/01/2021,Carper,Thomas R,Sale (Full),VIAV,Viavi Solutions Inc.,"$1,001 - $15,000",,,
01/25/2021,07/23/2021,Tuberville,Thomas H,Sale (Full),BABA,Alibaba Group Holding Limited,"$15,001 - $50,000",Put,230.00,09/17/2021
01/22/2021,02/19/2021,Hickenlooper,John W,Purchase,LMACU,Liberty Media Acquisition Corporation,"$50,001 - $100,000",,,
01/21/2021,07/23/2021,Tuberville,Thomas H,Sale (Full),CLF,Cleveland-Cliffs Inc.,"$1,001 - $15,000",Put,15.00,07/16/2021
01/21/2021,07/23/2021,Tuberville,Thomas H,Purchase,CLF,Cleveland-Cliffs Inc.,"$15,001 - $50,000",,,
01/20/2021,02/18/2021,Wyden,Ron L,Purchase,AAPL,Apple Inc.,"$1,001 - $15,000",,,
01/19/2021,02/19/2021,"Hagerty, IV",William F,Sale (Partial),--,"Editas Medicine, Inc.","$15,001 - $50,000",,,
01/15/2021,02/02/2021,Peters,Gary C,Purchase,STAG,"STAG Industrial, Inc.","$1,001 - $15,000",,,
01/15/2021,02/02/2021,Peters,Gary C,Purchase,AEP,"American Electric Power Company, Inc.","$1,001 - $15,000",,,
01/15/2021,07/23/2021,Tuberville,Thomas H,Purchase,SDOG,ALPS Sector Dividend Dogs ETF,"$15,001 - $50,000",,,
01/13/2021,02/01/2021,Carper,Thomas R,Sale (Full),RODM,Hartford Multifactor Developed Markets (ex-US) ETF,"$1,001 - $15,000",,,
01/13/2021,07/23/2021,Tuberville,Thomas H,Sale (Full),QQQ,Invesco QQQ Trust,"$15,001 - $50,000",Put,262.00,09/17/2021
01/13/2021,07/23/2021,Tuberville,Thomas H,Sale (Full),TDY,Teledyne Technologies Incorporated,"$50,001 - $100,000",,,
01/13/2021,02/01/2021,Carper,Thomas R,Purchase,FCPIX,Fidelity Advisor International Capital Appreciatio,"$1,001 - $15,000",,,
01/11/2021,02/01/2021,Carper,Thomas R,Sale (Full),PSQ,ProShares Short QQQ,"$1,001 - $15,000",,,
01/11/2021,02/01/2021,Carper,Thomas R,Sale (Full),FEYE,"FireEye, Inc.","$1,001 - $15,000",,,
01/11/2021,02/01/2021,Carper,Thomas R,Sale (Full),SH,ProShares Short S&P500,"$1,001 - $15,000",,,
01/11/2021,02/01/2021,Carper,Thomas R,Sale (Full),DDOG,"Datadog, Inc.","$1,001 - $15,000",,,
01/11/2021,02/01/2021,Carper,Thomas R,Sale (Full),CAG,"Conagra Brands, Inc.","$1,001 - $15,000",,,
01/08/2021,02/19/2021,"Hagerty, IV",William F,Purchase,VRM,"Vroom, Inc.","$1,001 - $15,000",,,
01/08/2021,02/19/2021,"Hagerty, IV",William F,Sale (Partial),LMND,"Lemonade, Inc.","$1,001 - $15,000",,,
01/08/2021,02/01/2021,Carper,Thomas R,Sale (Full),AJRD,"Aerojet Rocketdyne Holdings, Inc.","$1,001 - $15,000",,,
01/06/2021,07/23/2021,Tuberville,Thomas H,Sale (Full),AA,Alcoa Corporation,"$1,001 - $15,000",Call,26.00,07/16/2021
01/06/2021,07/23/2021,Tuberville,Thomas H,Purchase,AA,Alcoa Corporation,"$15,001 - $50,000",,,
01/06/2021,07/23/2021,Tuberville,Thomas H,Sale (Full),AA,Alcoa Corporation,"$1,001 - $15,000",Put,22.00,01/21/2022
01/06/2021,07/23/2021,Tuberville,Thomas H,Sale (Full),AA,Alcoa Corporation,"$1,001 - $15,000",Put,22.00,01/21/2021
01/05/2021,07/23/2021,Tuberville,Thomas H,Sale (Full),FB,"Facebook, Inc.","$1,001 - $15,000",Put,225.00,07/16/2021
01/05/2021,01/15/2021,Inhofe,James M,Sale (Partial),CRSP,CRISPR Therapeutics AG,"$1,001 - $15,000",,,
01/04/2021,02/01/2021,Carper,Thomas R,Purchase,PSQ,ProShares Short QQQ,"$1,001 - $15,000",,,
01/04/2021,07/23/2021,Tuberville,Thomas H,Sale (Full),WY,Weyerhaeuser Company,"$50,001 - $100,000",,,
01/04/2021,02/01/2021,Carper,Thomas R,Purchase,SH,ProShares Short S&P500,"$1,001 - $15,000",,,
01/04/2021,07/23/2021,Tuberville,Thomas H,Sale (Full),DG,Dollar General Corporation,"$50,001 - $100,000",,,
01/04/2021,07/23/2021,Tuberville,Thomas H,Sale (Full),INTC,Intel Corporation,"$1,001 - $15,000",Put,50.00,07/16/2021
01/04/2021,07/23/2021,Tuberville,Thomas H,Sale (Full),ONEQ,Fidelity Nasdaq Composite Index ETF,"$100,001 - $250,000",,,
12/31/2020,01/12/2021,Capito,Shelley M,Sale (Full),XOM,Exxon Mobil Corporation,"$1,001 - $15,000",,,
12/31/2020,01/12/2021,Capito,Shelley M,Sale (Full),OTIS,Otis Worldwide Corporation,"$1,001 - $15,000",,,
12/31/2020,01/12/2021,Capito,Shelley M,Sale (Full),PII,Polaris Inc.,"$1,001 - $15,000",,,
12/31/2020,01/12/2021,Capito,Shelley M,Sale (Full),SYY,Sysco Corporation,"$1,001 - $15,000",,,
12/31/2020,01/12/2021,Capito,Shelley M,Sale (Partial),CLX,The Clorox Company,"$1,001 - $15,000",,,
12/31/2020,01/12/2021,Capito,Shelley M,Sale (Full),CARR,Carrier Global Corporation,"$1,001 - $15,000",,,
12/31/2020,01/12/2021,Capito,Shelley M,Purchase,AMT,American Tower Corporation (REIT),"$1,001 - $15,000",,,
12/31/2020,01/12/2021,Capito,Shelley M,Purchase,PSX,Phillips 66,"$1,001 - $15,000",,,
12/31/2020,01/12/2021,Capito,Shelley M,Purchase,UNH,UnitedHealth Group Incorporated,"$1,001 - $15,000",,,
12/30/2020,01/07/2021,Carper,Thomas R,Purchase,SBIO,ALPS Medical Breakthroughs ETF,"$1,001 - $15,000",,,
12/30/2020,01/07/2021,Carper,Thomas R,Purchase,TSLA,"Tesla, Inc.","$1,001 - $15,000",,,
12/30/2020,01/07/2021,Carper,Thomas R,Sale (Full),PBA,Pembina Pipeline Corporation,"$1,001 - $15,000",,,
12/30/2020,01/07/2021,Carper,Thomas R,Sale (Partial),DOW,Dow Inc.,"$1,001 - $15,000",,,
12/30/2020,01/07/2021,Carper,Thomas R,Sale (Full),VTRS,Viatris Inc.,"$1,001 - $15,000",,,
12/30/2020,01/07/2021,Carper,Thomas R,Purchase,NTAP,"NetApp, Inc.","$1,001 - $15,000",,,
12/30/2020,01/07/2021,Carper,Thomas R,Sale (Partial),DD,"DuPont de Nemours, Inc.","$1,001 - $15,000",,,
12/30/2020,01/07/2021,Carper,Thomas R,Purchase,BMY,Bristol-Myers Squibb Company,"$1,001 - $15,000",,,
12/22/2020,01/08/2021,Toomey,Patrick J,Purchase,SHOP,Shopify Inc.,"$1,001 - $15,000",,,
12/22/2020,12/23/2020,Inhofe,James M,Sale (Partial),CRSP,CRISPR Therapeutics AG,"$50,001 - $100,000",,,
12/22/2020,12/31/2020,Roberts,Pat,Purchase,AAPL,Apple Inc.,"$15,001 - $50,000",,,
12/22/2020,12/31/2020,Roberts,Pat,Purchase,COST,Costco Wholesale Corporation,"$15,001 - $50,000",,,
12/22/2020,08/05/2021,Toomey,Patrick J,Sale (Partial),TSLA,"Tesla, Inc.","$1,001 - $15,000",,,
12/22/2020,08/05/2021,Toomey,Patrick J,Purchase,SHOP,Shopify Inc.,"$1,001 - $15,000",,,
12/22/2020,01/08/2021,Toomey,Patrick J,Sale (Partial),TSLA,"Tesla, Inc.","$1,001 - $15,000",,,
12/22/2020,12/31/2020,Roberts,Pat,Purchase,SQ,"Square, Inc.","$15,001 - $50,000",,,
12/22/2020,12/31/2020,Roberts,Pat,Purchase,PLUG,Plug Power Inc.,"$1,001 - $15,000",,,
12/22/2020,12/31/2020,Roberts,Pat,Purchase,BA,The Boeing Company,"$15,001 - $50,000",,,
12/21/2020,12/31/2020,Roberts,Pat,Sale (Full),W,Wayfair Inc.,"$50,001 - $100,000",,,
12/21/2020,12/31/2020,Roberts,Pat,Sale (Full),TSLA,"Tesla, Inc.","$1,001 - $15,000",,,
12/21/2020,12/31/2020,Roberts,Pat,Purchase,NVDA,NVIDIA Corporation,"$50,001 - $100,000",,,
12/21/2020,12/31/2020,Roberts,Pat,Sale (Partial),ETY,Eaton Vance Tax-Managed Diversified Equity Income,"$100,001 - $250,000",,,
12/21/2020,12/31/2020,Roberts,Pat,Purchase,BA,The Boeing Company,"$15,001 - $50,000",,,
12/21/2020,12/31/2020,Roberts,Pat,Purchase,EXPI,"eXp World Holdings, Inc.","$1,001 - $15,000",,,
12/16/2020,01/12/2021,Collins,Susan M,Sale (Full),DNKN,"Dunkin' Brands Group, Inc.","$50,001 - $100,000",,,
12/16/2020,12/31/2020,Roberts,Pat,Sale (Partial),AAPL,Apple Inc.,"$100,001 - $250,000",,,
12/15/2020,12/23/2020,Inhofe,James M,Sale (Partial),BLK,"BlackRock, Inc.","$50,001 - $100,000",,,
12/15/2020,01/07/2021,Carper,Thomas R,Purchase,GSMYX,Goldman Sachs Small/Mid Cap Growth Fund Institutio,"$1,001 - $15,000",,,
12/15/2020,12/29/2020,Toomey,Patrick J,Exchange,AIVAIRC,Apartment Investment and Management Company (Exchanged)                                                                                        Apartment Income REIT Corp. (Received),"$15,001 - $50,000",,,
12/15/2020,01/12/2021,Capito,Shelley M,Sale (Full),WFC,Wells Fargo & Company,"$15,001 - $50,000",,,
12/14/2020,01/05/2021,Peters,Gary C,Purchase,AEP,"American Electric Power Company, Inc.","$1,001 - $15,000",,,
12/11/2020,12/31/2020,Roberts,Pat,Purchase,TSLA,"Tesla, Inc.","$1,001 - $15,000",,,
12/08/2020,12/29/2020,Toomey,Patrick J,Exchange,NTRPSNPX,"Neurotrope, Inc. (Exchanged)                                                                                        Synaptogenix (Received)","$1,001 - $15,000",,,
12/07/2020,12/31/2020,Roberts,Pat,Purchase,BA,The Boeing Company,"$15,001 - $50,000",,,
12/07/2020,12/31/2020,Roberts,Pat,Purchase,TSLA,"Tesla, Inc.","$1,001 - $15,000",,,
12/04/2020,12/31/2020,Roberts,Pat,Sale (Full),BA,The Boeing Company,"$15,001 - $50,000",,,
12/03/2020,12/07/2020,"McConnell, Jr.",A. Mitchell,Purchase,WFC,Wells Fargo & Company,"$1,001 - $15,000",,,
12/02/2020,12/31/2020,Roberts,Pat,Purchase,ZM,"Zoom Video Communications, Inc.","$15,001 - $50,000",,,
12/02/2020,12/29/2020,Toomey,Patrick J,Exchange,NTRPPTPI,"Neurotrope, Inc. (Exchanged)                                                                                        Petros Pharmaceuticals, Inc. (Received)","$1,001 - $15,000",,,
11/30/2020,05/17/2021,Carper,Thomas R,Purchase,XCAPX,ACAP Strategic Fund,"$1,001 - $15,000",,,
11/30/2020,12/29/2020,Toomey,Patrick J,Purchase,AIV,Apartment Investment and Management Company,"$1,001 - $15,000",,,
11/24/2020,01/14/2021,Roberts,Pat,Purchase,COST,Costco Wholesale Corporation,"$15,001 - $50,000",,,
11/24/2020,12/03/2020,Roberts,Pat,Purchase,COST,Costco Wholesale Corporation,"$15,001 - $50,000",,,
11/20/2020,12/02/2020,Carper,Thomas R,Purchase,ACIW,"ACI Worldwide, Inc.","$1,001 - $15,000",,,
11/20/2020,12/02/2020,Carper,Thomas R,Purchase,CONE,CyrusOne Inc.,"$1,001 - $15,000",,,
11/20/2020,12/02/2020,Carper,Thomas R,Purchase,SI,Silvergate Capital Corporation,"$1,001 - $15,000",,,
11/20/2020,12/02/2020,Carper,Thomas R,Purchase,CRWD,"CrowdStrike Holdings, Inc.","$1,001 - $15,000",,,
11/20/2020,12/02/2020,Carper,Thomas R,Sale (Partial),DD,"DuPont de Nemours, Inc.","$1,001 - $15,000",,,
11/20/2020,12/02/2020,Carper,Thomas R,Sale (Partial),DOW,Dow Inc.,"$1,001 - $15,000",,,
11/20/2020,12/02/2020,Carper,Thomas R,Purchase,DDOG,"Datadog, Inc.","$1,001 - $15,000",,,
11/20/2020,12/02/2020,Carper,Thomas R,Purchase,EVOP,"EVO Payments, Inc.","$1,001 - $15,000",,,
11/20/2020,12/02/2020,Carper,Thomas R,Sale (Partial),AAPL,Apple Inc.,"$50,001 - $100,000",,,
11/20/2020,12/02/2020,Carper,Thomas R,Purchase,GLW,Corning Incorporated,"$1,001 - $15,000",,,
11/20/2020,12/02/2020,Carper,Thomas R,Purchase,NUAN,"Nuance Communications, Inc.","$1,001 - $15,000",,,
11/20/2020,12/02/2020,Carper,Thomas R,Purchase,AJRD,"Aerojet Rocketdyne Holdings, Inc.","$1,001 - $15,000",,,
11/20/2020,12/02/2020,Carper,Thomas R,Purchase,SRVR,Pacer Benchmark Data & Infrastructure Real Estate,"$1,001 - $15,000",,,
11/20/2020,12/02/2020,Carper,Thomas R,Purchase,CEF,Sprott Physical Gold and Silver Trust,"$1,001 - $15,000",,,
11/20/2020,12/02/2020,Carper,Thomas R,Sale (Partial),CTVA,"Corteva, Inc.","$1,001 - $15,000",,,
11/20/2020,12/02/2020,Carper,Thomas R,Sale (Full),WW,"WW International, Inc.","$1,001 - $15,000",,,
11/20/2020,12/02/2020,Carper,Thomas R,Purchase,XAR,SPDR S&P Aerospace & Defense ETF,"$1,001 - $15,000",,,
11/20/2020,12/02/2020,Carper,Thomas R,Purchase,GLD,SPDR Gold Shares,"$1,001 - $15,000",,,
11/20/2020,12/02/2020,Carper,Thomas R,Purchase,GMAB,Genmab A/S,"$1,001 - $15,000",,,
11/20/2020,12/02/2020,Carper,Thomas R,Purchase,BAH,Booz Allen Hamilton Holding Corporation,"$1,001 - $15,000",,,
11/20/2020,12/02/2020,Carper,Thomas R,Purchase,LDP,Cohen & Steers Limited Duration Preferred and Inco,"$1,001 - $15,000",,,
11/20/2020,12/02/2020,Carper,Thomas R,Purchase,RTH,VanEck Vectors Retail ETF,"$1,001 - $15,000",,,
11/20/2020,12/02/2020,Carper,Thomas R,Purchase,ABBV,AbbVie Inc.,"$1,001 - $15,000",,,
11/20/2020,12/02/2020,Carper,Thomas R,Purchase,FDN,First Trust Dow Jones Internet Index Fund,"$1,001 - $15,000",,,
11/20/2020,12/02/2020,Carper,Thomas R,Sale (Full),HBI,Hanesbrands Inc.,"$1,001 - $15,000",,,
11/20/2020,12/02/2020,Carper,Thomas R,Purchase,ATVI,"Activision Blizzard, Inc.","$1,001 - $15,000",,,
11/20/2020,12/02/2020,Carper,Thomas R,Purchase,VIAV,Viavi Solutions Inc.,"$1,001 - $15,000",,,
11/20/2020,12/02/2020,Carper,Thomas R,Purchase,PAGS,PagSeguro Digital Ltd.,"$1,001 - $15,000",,,
11/20/2020,12/02/2020,Carper,Thomas R,Purchase,MANT,ManTech International Corporation,"$1,001 - $15,000",,,
11/20/2020,12/02/2020,Carper,Thomas R,Purchase,QCOM,QUALCOMM Incorporated,"$1,001 - $15,000",,,
11/20/2020,12/02/2020,Carper,Thomas R,Purchase,BRKR,Bruker Corporation,"$1,001 - $15,000",,,
11/20/2020,12/02/2020,Carper,Thomas R,Purchase,MRVL,Marvell Technology Group Ltd.,"$1,001 - $15,000",,,
11/20/2020,12/02/2020,Carper,Thomas R,Purchase,ABYIX,Abbey Capital Futures Strategy Fund Class I,"$1,001 - $15,000",,,
11/20/2020,12/02/2020,Carper,Thomas R,Purchase,LGI,"Lazard Global Total Return and Income Fund, Inc.","$1,001 - $15,000",,,
11/20/2020,12/02/2020,Carper,Thomas R,Purchase,ARE,"Alexandria Real Estate Equities, Inc.","$1,001 - $15,000",,,
11/20/2020,12/02/2020,Carper,Thomas R,Purchase,SBIO,ALPS Medical Breakthroughs ETF,"$1,001 - $15,000",,,
11/20/2020,12/02/2020,Carper,Thomas R,Purchase,ERIC,Telefonaktiebolaget LM Ericsson (publ),"$1,001 - $15,000",,,
11/20/2020,12/02/2020,Carper,Thomas R,Purchase,WIW,Western Asset Inflation-Linked Opportunities & Inc,"$1,001 - $15,000",,,
11/20/2020,12/02/2020,Carper,Thomas R,Sale (Full),OHI,"Omega Healthcare Investors, Inc.","$1,001 - $15,000",,,
11/20/2020,12/02/2020,Carper,Thomas R,Purchase,GOLD,Barrick Gold Corporation,"$1,001 - $15,000",,,
11/20/2020,12/02/2020,Carper,Thomas R,Purchase,SNPS,"Synopsys, Inc.","$1,001 - $15,000",,,
11/20/2020,12/02/2020,Carper,Thomas R,Purchase,V,Visa Inc.,"$1,001 - $15,000",,,
11/20/2020,12/02/2020,Carper,Thomas R,Purchase,KEYS,"Keysight Technologies, Inc.","$1,001 - $15,000",,,
11/20/2020,12/02/2020,Carper,Thomas R,Purchase,NTLA,"Intellia Therapeutics, Inc.","$1,001 - $15,000",,,
11/20/2020,12/02/2020,Carper,Thomas R,Purchase,RODM,Hartford Multifactor Developed Markets (ex-US) ETF,"$1,001 - $15,000",,,
11/20/2020,12/02/2020,Carper,Thomas R,Purchase,PTLC,Pacer Trendpilot US Large Cap ETF,"$1,001 - $15,000",,,
11/20/2020,05/17/2021,Carper,Thomas R,Purchase,MANT,ManTech International Corporation,"$1,001 - $15,000",,,
11/20/2020,12/02/2020,Carper,Thomas R,Purchase,SWKS,"Skyworks Solutions, Inc.","$1,001 - $15,000",,,
11/20/2020,12/02/2020,Carper,Thomas R,Purchase,PTNQ,Pacer Trendpilot 100 ETF,"$1,001 - $15,000",,,
11/20/2020,12/02/2020,Carper,Thomas R,Purchase,PTMC,Pacer Trendpilot US Mid Cap ETF,"$1,001 - $15,000",,,
11/20/2020,12/02/2020,Carper,Thomas R,Purchase,DGRS,WisdomTree U.S. SmallCap Quality Dividend Growth F,"$1,001 - $15,000",,,
11/20/2020,12/02/2020,Carper,Thomas R,Purchase,MAXR,Maxar Technologies Inc.,"$1,001 - $15,000",,,
11/20/2020,12/02/2020,Carper,Thomas R,Purchase,ARNA,"Arena Pharmaceuticals, Inc.","$1,001 - $15,000",,,
11/20/2020,12/02/2020,Carper,Thomas R,Purchase,GBIL,Goldman Sachs Access Treasury 0-1 Year ETF,"$1,001 - $15,000",,,
11/20/2020,05/17/2021,Carper,Thomas R,Purchase,GBIL,Goldman Sachs Access Treasury 0-1 Year ETF,"$1,001 - $15,000",,,
11/20/2020,05/17/2021,Carper,Thomas R,Purchase,PTMC,Pacer Trendpilot US Mid Cap ETF,"$1,001 - $15,000",,,
11/20/2020,05/17/2021,Carper,Thomas R,Purchase,EVOP,"EVO Payments, Inc.","$1,001 - $15,000",,,
11/20/2020,05/17/2021,Carper,Thomas R,Purchase,LDP,Cohen & Steers Limited Duration Preferred and Inco,"$1,001 - $15,000",,,
11/20/2020,05/17/2021,Carper,Thomas R,Purchase,CRWD,"CrowdStrike Holdings, Inc.","$1,001 - $15,000",,,
11/20/2020,05/17/2021,Carper,Thomas R,Sale (Full),DD,"DuPont de Nemours, Inc.","$1,001 - $15,000",,,
11/20/2020,05/17/2021,Carper,Thomas R,Purchase,PTLC,Pacer Trendpilot US Large Cap ETF,"$1,001 - $15,000",,,
11/20/2020,05/17/2021,Carper,Thomas R,Purchase,RODM,Hartford Multifactor Developed Markets (ex-US) ETF,"$1,001 - $15,000",,,
11/20/2020,05/17/2021,Carper,Thomas R,Purchase,NTLA,"Intellia Therapeutics, Inc.","$1,001 - $15,000",,,
11/20/2020,05/17/2021,Carper,Thomas R,Purchase,FTNT,"Fortinet, Inc.","$1,001 - $15,000",,,
11/20/2020,05/17/2021,Carper,Thomas R,Purchase,ACIW,"ACI Worldwide, Inc.","$1,001 - $15,000",,,
11/20/2020,05/17/2021,Carper,Thomas R,Purchase,ATVI,"Activision Blizzard, Inc.","$1,001 - $15,000",,,
11/20/2020,05/17/2021,Carper,Thomas R,Sale (Full),HBI,Hanesbrands Inc.,"$1,001 - $15,000",,,
11/20/2020,05/17/2021,Carper,Thomas R,Purchase,GOLD,Barrick Gold Corporation,"$1,001 - $15,000",,,
11/20/2020,05/17/2021,Carper,Thomas R,Sale (Full),DOW,Dow Inc.,"$1,001 - $15,000",,,
11/20/2020,05/17/2021,Carper,Thomas R,Purchase,FDN,First Trust Dow Jones Internet Index Fund,"$1,001 - $15,000",,,
11/20/2020,05/17/2021,Carper,Thomas R,Purchase,ABBV,AbbVie Inc.,"$1,001 - $15,000",,,
11/20/2020,05/17/2021,Carper,Thomas R,Purchase,BAH,Booz Allen Hamilton Holding Corporation,"$1,001 - $15,000",,,
11/20/2020,05/17/2021,Carper,Thomas R,Purchase,VIAV,Viavi Solutions Inc.,"$1,001 - $15,000",,,
11/20/2020,05/17/2021,Carper,Thomas R,Purchase,GMAB,Genmab A/S,"$1,001 - $15,000",,,
11/20/2020,05/17/2021,Carper,Thomas R,Purchase,GLD,SPDR Gold Shares,"$1,001 - $15,000",,,
11/20/2020,05/17/2021,Carper,Thomas R,Purchase,XAR,SPDR S&P Aerospace & Defense ETF,"$1,001 - $15,000",,,
11/20/2020,05/17/2021,Carper,Thomas R,Sale (Full),WW,"WW International, Inc.","$1,001 - $15,000",,,
11/20/2020,05/17/2021,Carper,Thomas R,Sale (Full),OHI,"Omega Healthcare Investors, Inc.","$1,001 - $15,000",,,
11/20/2020,05/17/2021,Carper,Thomas R,Purchase,RTH,VanEck Vectors Retail ETF,"$1,001 - $15,000",,,
11/20/2020,05/17/2021,Carper,Thomas R,Purchase,SNPS,"Synopsys, Inc.","$1,001 - $15,000",,,
11/20/2020,05/17/2021,Carper,Thomas R,Purchase,V,Visa Inc.,"$1,001 - $15,000",,,
11/20/2020,05/17/2021,Carper,Thomas R,Purchase,QCOM,QUALCOMM Incorporated,"$1,001 - $15,000",,,
11/20/2020,12/02/2020,Carper,Thomas R,Sale (Full),HAL,Halliburton Company,"$1,001 - $15,000",,,
11/20/2020,12/02/2020,Carper,Thomas R,Purchase,PAAS,Pan American Silver Corp.,"$1,001 - $15,000",,,
11/20/2020,12/02/2020,Carper,Thomas R,Purchase,TMO,Thermo Fisher Scientific Inc.,"$1,001 - $15,000",,,
11/20/2020,12/02/2020,Carper,Thomas R,Purchase,LUBFX,Lord Abbett Ultra Short Bond Fund Class F,"$1,001 - $15,000",,,
11/20/2020,05/17/2021,Carper,Thomas R,Purchase,SI,Silvergate Capital Corporation,"$1,001 - $15,000",,,
11/20/2020,12/02/2020,Carper,Thomas R,Purchase,FTNT,"Fortinet, Inc.","$1,001 - $15,000",,,
11/20/2020,05/17/2021,Carper,Thomas R,Sale (Full),CTVA,"Corteva, Inc.","$1,001 - $15,000",,,
11/20/2020,05/17/2021,Carper,Thomas R,Purchase,PAAS,Pan American Silver Corp.,"$1,001 - $15,000",,,
11/20/2020,05/17/2021,Carper,Thomas R,Purchase,LUBFX,Lord Abbett Ultra Short Bond Fund Class F,"$1,001 - $15,000",,,
11/20/2020,05/17/2021,Carper,Thomas R,Purchase,SBIO,ALPS Medical Breakthroughs ETF,"$1,001 - $15,000",,,
11/20/2020,05/17/2021,Carper,Thomas R,Purchase,ARE,"Alexandria Real Estate Equities, Inc.","$1,001 - $15,000",,,
11/20/2020,05/17/2021,Carper,Thomas R,Purchase,PAGS,PagSeguro Digital Ltd.,"$1,001 - $15,000",,,
11/20/2020,05/17/2021,Carper,Thomas R,Purchase,ABYIX,Abbey Capital Futures Strategy Fund Class I,"$1,001 - $15,000",,,
11/20/2020,05/17/2021,Carper,Thomas R,Purchase,MRVL,Marvell Technology Group Ltd.,"$1,001 - $15,000",,,
11/20/2020,05/17/2021,Carper,Thomas R,Purchase,TMO,Thermo Fisher Scientific Inc.,"$1,001 - $15,000",,,
11/20/2020,05/17/2021,Carper,Thomas R,Purchase,SRVR,Pacer Benchmark Data & Infrastructure Real Estate,"$1,001 - $15,000",,,
11/20/2020,05/17/2021,Carper,Thomas R,Purchase,WIW,Western Asset Inflation-Linked Opportunities & Inc,"$1,001 - $15,000",,,
11/20/2020,05/17/2021,Carper,Thomas R,Purchase,GLW,Corning Incorporated,"$1,001 - $15,000",,,
11/20/2020,05/17/2021,Carper,Thomas R,Sale (Partial),AAPL,Apple Inc.,"$50,001 - $100,000",,,
11/20/2020,05/17/2021,Carper,Thomas R,Sale (Full),HAL,Halliburton Company,"$1,001 - $15,000",,,
11/20/2020,05/17/2021,Carper,Thomas R,Purchase,BRKR,Bruker Corporation,"$1,001 - $15,000",,,
11/20/2020,05/17/2021,Carper,Thomas R,Purchase,AJRD,"Aerojet Rocketdyne Holdings, Inc.","$1,001 - $15,000",,,
11/20/2020,05/17/2021,Carper,Thomas R,Purchase,NUAN,"Nuance Communications, Inc.","$1,001 - $15,000",,,
11/20/2020,05/17/2021,Carper,Thomas R,Purchase,SWKS,"Skyworks Solutions, Inc.","$1,001 - $15,000",,,
11/20/2020,05/17/2021,Carper,Thomas R,Purchase,ERIC,Telefonaktiebolaget LM Ericsson (publ),"$1,001 - $15,000",,,
11/20/2020,05/17/2021,Carper,Thomas R,Purchase,LGI,"Lazard Global Total Return and Income Fund, Inc.","$1,001 - $15,000",,,
11/20/2020,05/17/2021,Carper,Thomas R,Purchase,DDOG,"Datadog, Inc.","$1,001 - $15,000",,,
11/20/2020,05/17/2021,Carper,Thomas R,Purchase,KEYS,"Keysight Technologies, Inc.","$1,001 - $15,000",,,
11/20/2020,05/17/2021,Carper,Thomas R,Purchase,PTNQ,Pacer Trendpilot 100 ETF,"$1,001 - $15,000",,,
11/20/2020,05/17/2021,Carper,Thomas R,Purchase,DGRS,WisdomTree U.S. SmallCap Quality Dividend Growth F,"$1,001 - $15,000",,,
11/20/2020,05/17/2021,Carper,Thomas R,Purchase,CEF,Sprott Physical Gold and Silver Trust,"$1,001 - $15,000",,,
11/20/2020,05/17/2021,Carper,Thomas R,Purchase,CONE,CyrusOne Inc.,"$1,001 - $15,000",,,
11/20/2020,05/17/2021,Carper,Thomas R,Purchase,ARNA,"Arena Pharmaceuticals, Inc.","$1,001 - $15,000",,,
11/20/2020,05/17/2021,Carper,Thomas R,Purchase,MAXR,Maxar Technologies Inc.,"$1,001 - $15,000",,,
11/17/2020,12/10/2020,Rosen,Jacklyn S,Exchange,PFEVTRS,Pfizer Inc. (Exchanged)                                                                                        Viatris Inc. (Received),"$1,001 - $15,000",,,
11/17/2020,12/03/2020,Roberts,Pat,Purchase,W,Wayfair Inc.,"$15,001 - $50,000",,,
11/17/2020,01/14/2021,Roberts,Pat,Purchase,W,Wayfair Inc.,"$15,001 - $50,000",,,
11/16/2020,01/14/2021,Roberts,Pat,Purchase,V,Visa Inc.,"$15,001 - $50,000",,,
11/16/2020,12/02/2020,Carper,Thomas R,Purchase,RIO,Rio Tinto Group,"$1,001 - $15,000",,,
11/16/2020,05/17/2021,Carper,Thomas R,Purchase,RIO,Rio Tinto Group,"$1,001 - $15,000",,,
11/16/2020,01/14/2021,Roberts,Pat,Purchase,BA,The Boeing Company,"$15,001 - $50,000",,,
11/16/2020,01/14/2021,Roberts,Pat,Purchase,DAL,"Delta Air Lines, Inc.","$1,001 - $15,000",,,
11/16/2020,01/14/2021,Roberts,Pat,Sale (Full),--,Walmart Inc.,"$15,001 - $50,000",,,
11/16/2020,12/03/2020,Roberts,Pat,Purchase,BA,The Boeing Company,"$15,001 - $50,000",,,
11/16/2020,12/03/2020,Roberts,Pat,Purchase,V,Visa Inc.,"$15,001 - $50,000",,,
11/16/2020,12/03/2020,Roberts,Pat,Purchase,DAL,"Delta Air Lines, Inc.","$1,001 - $15,000",,,
11/16/2020,12/03/2020,Roberts,Pat,Sale (Full),--,Walmart Inc.,"$15,001 - $50,000",,,
11/11/2020,12/03/2020,Roberts,Pat,Purchase,--,msft,"$15,001 - $50,000",,,
11/11/2020,01/14/2021,Roberts,Pat,Purchase,--,msft,"$15,001 - $50,000",,,
11/10/2020,01/14/2021,Roberts,Pat,Purchase,DIS,The Walt Disney Company,"$1,001 - $15,000",,,
11/10/2020,12/04/2020,Wyden,Ron L,Sale (Full),BYND,"Beyond Meat, Inc.","$50,001 - $100,000",,,
11/10/2020,12/03/2020,Roberts,Pat,Purchase,DIS,The Walt Disney Company,"$1,001 - $15,000",,,
11/09/2020,12/03/2020,Roberts,Pat,Sale (Full),--,ba,"$15,001 - $50,000",,,
11/09/2020,01/14/2021,Roberts,Pat,Sale (Full),--,aapl,"$50,001 - $100,000",,,
11/09/2020,01/14/2021,Roberts,Pat,Sale (Full),--,ba,"$15,001 - $50,000",,,
11/09/2020,01/14/2021,Roberts,Pat,Sale (Full),BA,The Boeing Company,"$15,001 - $50,000",,,
11/09/2020,12/03/2020,Roberts,Pat,Sale (Partial),--,aapl,"$50,001 - $100,000",,,
11/09/2020,12/03/2020,Roberts,Pat,Sale (Full),BA,The Boeing Company,"$15,001 - $50,000",,,
11/05/2020,12/08/2020,Cassidy,William,Sale (Full),AMGN,Amgen Inc.,"$1,001 - $15,000",,,
11/05/2020,12/08/2020,Cassidy,William,Sale (Full),MSFT,Microsoft Corporation,"$1,001 - $15,000",,,
11/05/2020,12/08/2020,Cassidy,William,Sale (Full),IBM,International Business Machines Corporation,"$1,001 - $15,000",,,
11/05/2020,12/08/2020,Cassidy,William,Sale (Full),UPS,"United Parcel Service, Inc.","$1,001 - $15,000",,,
11/05/2020,12/08/2020,Cassidy,William,Sale (Full),SBUX,Starbucks Corporation,"$1,001 - $15,000",,,
11/05/2020,12/08/2020,Cassidy,William,Sale (Full),PLD,"Prologis, Inc.","$1,001 - $15,000",,,
11/05/2020,12/08/2020,Cassidy,William,Sale (Full),PG,The Procter & Gamble Company,"$1,001 - $15,000",,,
11/05/2020,12/08/2020,Cassidy,William,Sale (Full),JPM,JPMorgan Chase & Co.,"$1,001 - $15,000",,,
11/05/2020,12/08/2020,Cassidy,William,Sale (Full),MDT,Medtronic plc,"$1,001 - $15,000",,,
11/05/2020,12/08/2020,Cassidy,William,Sale (Full),LOW,"Lowe's Companies, Inc.","$1,001 - $15,000",,,
11/05/2020,12/08/2020,Cassidy,William,Sale (Full),DOW,Dow Inc.,"$1,001 - $15,000",,,
11/05/2020,12/08/2020,Cassidy,William,Sale (Full),DIS,The Walt Disney Company,"$1,001 - $15,000",,,
11/05/2020,12/08/2020,Cassidy,William,Sale (Full),CMCSA,Comcast Corporation,"$1,001 - $15,000",,,
11/05/2020,12/08/2020,Cassidy,William,Sale (Full),CSCO,"Cisco Systems, Inc.","$1,001 - $15,000",,,
11/05/2020,12/08/2020,Cassidy,William,Sale (Full),CVS,CVS Health Corporation,"$1,001 - $15,000",,,
11/05/2020,12/08/2020,Cassidy,William,Sale (Full),BLK,"BlackRock, Inc.","$1,001 - $15,000",,,
11/05/2020,12/08/2020,Cassidy,William,Sale (Full),AAPL,Apple Inc.,"$1,001 - $15,000",,,
11/05/2020,12/08/2020,Cassidy,William,Sale (Full),WMT,Walmart Inc.,"$1,001 - $15,000",,,
11/04/2020,01/14/2021,Roberts,Pat,Sale (Full),NVDA,NVIDIA Corporation,"$15,001 - $50,000",,,
11/04/2020,01/14/2021,Roberts,Pat,Sale (Full),COST,Costco Wholesale Corporation,"$15,001 - $50,000",,,
11/04/2020,01/14/2021,Roberts,Pat,Sale (Full),--,zm,"$15,001 - $50,000",,,
11/04/2020,12/03/2020,Roberts,Pat,Sale (Full),NVDA,NVIDIA Corporation,"$15,001 - $50,000",,,
11/04/2020,12/03/2020,Roberts,Pat,Sale (Full),--,zm,"$15,001 - $50,000",,,
11/04/2020,12/03/2020,Roberts,Pat,Sale (Full),COST,Costco Wholesale Corporation,"$15,001 - $50,000",,,
10/30/2020,11/02/2020,Carper,Thomas R,Sale (Full),IJR,iShares Core S&P Small-Cap ETF,"$1,001 - $15,000",,,
10/30/2020,05/17/2021,Carper,Thomas R,Sale (Full),IJR,iShares Core S&P Small-Cap ETF,"$1,001 - $15,000",,,
10/16/2020,11/16/2020,Wyden,Ron L,Purchase,WDAY,"Workday, Inc.","$1,001 - $15,000",,,
10/16/2020,11/16/2020,Wyden,Ron L,Purchase,NVDA,NVIDIA Corporation,"$1,001 - $15,000",,,
10/13/2020,11/05/2020,Roberts,Pat,Sale (Full),BBY,"Best Buy Co., Inc.","$1,001 - $15,000",,,
10/13/2020,11/05/2020,Roberts,Pat,Sale (Full),NVAX,"Novavax, Inc.","$1,001 - $15,000",,,
10/09/2020,11/19/2020,Whitehouse,Sheldon,Exchange,FTVVNT,Fortive Corporation (Exchanged)                                                                                        Vontier Corporation (Received),"$1,001 - $15,000",,,
10/09/2020,08/06/2021,Whitehouse,Sheldon,Exchange,FTVVNT,Fortive Corporation (Exchanged)                                                                                        Vontier Corporation (Received),"$1,001 - $15,000",,,
09/30/2020,10/27/2020,Whitehouse,Sheldon,Sale (Full),TT,Trane Technologies plc,"$15,001 - $50,000",,,
09/24/2020,10/01/2020,Carper,Thomas R,Purchase,LDP,Cohen & Steers Limited Duration Preferred and Inco,"$1,001 - $15,000",,,
09/23/2020,10/09/2020,Wyden,Ron L,Sale (Full),NFLX,"Netflix, Inc.","$1,001 - $15,000",,,
09/23/2020,10/16/2020,Loeffler,Kelly,Sale (Partial),ICE,"Intercontinental Exchange, Inc.","$1,000,001 - $5,000,000",,,
09/23/2020,10/16/2020,Loeffler,Kelly,Purchase,ICE,"Intercontinental Exchange, Inc.","$250,001 - $500,000",,,
09/22/2020,10/01/2020,Carper,Thomas R,Purchase,ATOAX,Aberdeen Ultra Short Municipal Income Fund Class A,"$15,001 - $50,000",,,
09/22/2020,10/01/2020,Carper,Thomas R,Purchase,WIW,Western Asset Inflation-Linked Opportunities & Inc,"$1,001 - $15,000",,,
09/22/2020,10/01/2020,Carper,Thomas R,Purchase,LDP,Cohen & Steers Limited Duration Preferred and Inco,"$1,001 - $15,000",,,
09/17/2020,09/30/2020,Roberts,Pat,Purchase,AAPL,Apple Inc.,"$1,001 - $15,000",,,
09/16/2020,09/30/2020,Roberts,Pat,Purchase,W,Wayfair Inc.,"$15,001 - $50,000",,,
09/14/2020,10/09/2020,Wyden,Ron L,Sale (Full),NFLX,"Netflix, Inc.","$1,001 - $15,000",,,
09/14/2020,09/30/2020,Roberts,Pat,Purchase,NVDA,NVIDIA Corporation,"$15,001 - $50,000",,,
09/11/2020,10/13/2020,Cassidy,William,Sale (Partial),AAPL,Apple Inc.,"$1,001 - $15,000",,,
09/11/2020,09/30/2020,Roberts,Pat,Purchase,AAPL,Apple Inc.,"$1,001 - $15,000",,,
09/09/2020,10/27/2020,Whitehouse,Sheldon,Sale (Full),CB,Chubb Limited,"$15,001 - $50,000",,,
09/09/2020,09/30/2020,Roberts,Pat,Purchase,ZM,"Zoom Video Communications, Inc.","$15,001 - $50,000",,,
09/09/2020,09/30/2020,Roberts,Pat,Purchase,AAPL,Apple Inc.,"$15,001 - $50,000",,,
09/04/2020,09/30/2020,Roberts,Pat,Sale (Full),NFLX,"Netflix, Inc.","$50,001 - $100,000",,,
09/04/2020,09/30/2020,Roberts,Pat,Sale (Full),MSFT,Microsoft Corporation,"$50,001 - $100,000",,,
09/04/2020,09/30/2020,Roberts,Pat,Sale (Full),BYND,"Beyond Meat, Inc.","$1,001 - $15,000",,,
09/04/2020,09/30/2020,Roberts,Pat,Sale (Full),WMT,Walmart Inc.,"$1,001 - $15,000",,,
09/04/2020,09/30/2020,Roberts,Pat,Purchase,NVDA,NVIDIA Corporation,"$50,001 - $100,000",,,
09/04/2020,09/30/2020,Roberts,Pat,Purchase,NFLX,"Netflix, Inc.","$50,001 - $100,000",,,
09/04/2020,09/30/2020,Roberts,Pat,Sale (Full),NVDA,NVIDIA Corporation,"$15,001 - $50,000",,,
09/04/2020,09/30/2020,Roberts,Pat,Sale (Full),BA,The Boeing Company,"$15,001 - $50,000",,,
09/03/2020,09/30/2020,Roberts,Pat,Purchase,AAPL,Apple Inc.,"$15,001 - $50,000",,,
09/03/2020,09/30/2020,Roberts,Pat,Purchase,MSFT,Microsoft Corporation,"$15,001 - $50,000",,,
09/02/2020,09/30/2020,Roberts,Pat,Purchase,AAPL,Apple Inc.,"$50,001 - $100,000",,,
09/02/2020,09/24/2020,Wyden,Ron L,Sale (Full),W,Wayfair Inc.,"$50,001 - $100,000",,,
09/02/2020,09/24/2020,Wyden,Ron L,Purchase,AAPL,Apple Inc.,"$50,001 - $100,000",,,
09/02/2020,09/11/2020,"McConnell, Jr.",A. Mitchell,Purchase,WFC,Wells Fargo & Company,"$1,001 - $15,000",,,
09/01/2020,09/30/2020,Roberts,Pat,Sale (Full),TSLA,"Tesla, Inc.","$50,001 - $100,000",,,
09/01/2020,09/24/2020,Wyden,Ron L,Purchase,AMZN,"Amazon.com, Inc.","$15,001 - $50,000",,,
08/31/2020,01/14/2021,Roberts,Pat,Purchase,FB,"Facebook, Inc.","$15,001 - $50,000",,,
08/28/2020,09/11/2020,Toomey,Patrick J,Purchase,TSLA,"Tesla, Inc.","$1,001 - $15,000",,,
08/27/2020,09/11/2020,Toomey,Patrick J,Purchase,AAPL,Apple Inc.,"$1,001 - $15,000",,,
08/27/2020,09/24/2020,Wyden,Ron L,Sale (Full),AMWD,American Woodmark Corporation,"$1,001 - $15,000",,,
08/27/2020,09/24/2020,Wyden,Ron L,Purchase,AAPL,Apple Inc.,"$50,001 - $100,000",,,
08/27/2020,08/30/2020,Roberts,Pat,Sale (Full),AAPL,Apple Inc.,"$50,001 - $100,000",,,
08/26/2020,09/24/2020,Wyden,Ron L,Purchase,IRBT,iRobot Corporation,"$1,001 - $15,000",,,
08/25/2020,09/24/2020,Wyden,Ron L,Purchase,UPS,"United Parcel Service, Inc.","$50,001 - $100,000",,,
08/25/2020,09/24/2020,Wyden,Ron L,Purchase,FDX,FedEx Corporation,"$15,001 - $50,000",,,
08/24/2020,09/24/2020,Wyden,Ron L,Purchase,W,Wayfair Inc.,"$50,001 - $100,000",,,
08/24/2020,09/24/2020,Wyden,Ron L,Sale (Full),KR,The Kroger Co.,"$50,001 - $100,000",,,
08/24/2020,09/24/2020,Wyden,Ron L,Purchase,SQ,"Square, Inc.","$15,001 - $50,000",,,
08/24/2020,09/24/2020,Wyden,Ron L,Sale (Full),CLX,The Clorox Company,"$1,001 - $15,000",,,
08/24/2020,09/24/2020,Wyden,Ron L,Purchase,AMWD,American Woodmark Corporation,"$1,001 - $15,000",,,
08/21/2020,09/08/2020,"Moran,  ",Jerry,Sale (Partial),BRK-B,Berkshire Hathaway Inc.,"$1,001 - $15,000",,,
08/21/2020,09/08/2020,"Moran,  ",Jerry,Purchase,JNJ,Johnson & Johnson,"$1,001 - $15,000",,,
08/21/2020,09/08/2020,"Moran,  ",Jerry,Sale (Partial),COST,Costco Wholesale Corporation,"$1,001 - $15,000",,,
08/21/2020,09/08/2020,"Moran,  ",Jerry,Purchase,INTC,Intel Corporation,"$1,001 - $15,000",,,
08/21/2020,09/08/2020,"Moran,  ",Jerry,Sale (Full),MPC,Marathon Petroleum Corporation,"$1,001 - $15,000",,,
08/21/2020,09/08/2020,"Moran,  ",Jerry,Purchase,GILD,"Gilead Sciences, Inc.","$1,001 - $15,000",,,
08/21/2020,09/08/2020,"Moran,  ",Jerry,Sale (Full),RDS-B,Royal Dutch Shell plc,"$1,001 - $15,000",,,
08/21/2020,09/08/2020,"Moran,  ",Jerry,Purchase,USB,U.S. Bancorp,"$1,001 - $15,000",,,
08/21/2020,09/08/2020,"Moran,  ",Jerry,Sale (Full),OXY,Occidental Petroleum Corporation,"$1,001 - $15,000",,,
08/21/2020,09/08/2020,"Moran,  ",Jerry,Purchase,CVS,CVS Health Corporation,"$1,001 - $15,000",,,
08/21/2020,09/08/2020,"Moran,  ",Jerry,Purchase,BAC,Bank of America Corporation,"$1,001 - $15,000",,,
08/21/2020,09/01/2020,Carper,Thomas R,Purchase,LDP,Cohen & Steers Limited Duration Preferred and Inco,"$1,001 - $15,000",,,
08/21/2020,09/08/2020,"Moran,  ",Jerry,Purchase,CVX,Chevron Corporation,"$1,001 - $15,000",,,
08/21/2020,09/01/2020,Carper,Thomas R,Sale (Partial),GBIL,Goldman Sachs Access Treasury 0-1 Year ETF,"$1,001 - $15,000",,,
08/21/2020,09/01/2020,Carper,Thomas R,Sale (Partial),TCEHY,Tencent Holdings Limited,"$1,001 - $15,000",,,
08/21/2020,09/01/2020,Carper,Thomas R,Sale (Partial),ARE,"Alexandria Real Estate Equities, Inc.","$1,001 - $15,000",,,
08/21/2020,09/01/2020,Carper,Thomas R,Sale (Partial),CONE,CyrusOne Inc.,"$1,001 - $15,000",,,
08/21/2020,05/17/2021,Carper,Thomas R,Sale (Partial),ARE,"Alexandria Real Estate Equities, Inc.","$1,001 - $15,000",,,
08/21/2020,05/17/2021,Carper,Thomas R,Purchase,LDP,Cohen & Steers Limited Duration Preferred and Inco,"$1,001 - $15,000",,,
08/21/2020,05/17/2021,Carper,Thomas R,Sale (Partial),CONE,CyrusOne Inc.,"$1,001 - $15,000",,,
08/21/2020,09/08/2020,"Moran,  ",Jerry,Purchase,BRK-B,Berkshire Hathaway Inc.,"$1,001 - $15,000",,,
08/21/2020,09/08/2020,"Moran,  ",Jerry,Sale (Full),V,Visa Inc.,"$1,001 - $15,000",,,
08/21/2020,09/08/2020,"Moran,  ",Jerry,Purchase,KR,The Kroger Co.,"$1,001 - $15,000",,,
08/21/2020,09/08/2020,"Moran,  ",Jerry,Sale (Full),WFC,Wells Fargo & Company,"$1,001 - $15,000",,,
08/21/2020,08/29/2020,Wyden,Ron L,Sale (Full),XOM,Exxon Mobil Corporation,"$15,001 - $50,000",,,
08/21/2020,08/29/2020,Wyden,Ron L,Sale (Full),T,AT&T Inc.,"$50,001 - $100,000",,,
08/21/2020,08/29/2020,Wyden,Ron L,Purchase,SQ,"Square, Inc.","$15,001 - $50,000",,,
08/21/2020,08/29/2020,Wyden,Ron L,Purchase,FDX,FedEx Corporation,"$15,001 - $50,000",,,
08/21/2020,08/29/2020,Wyden,Ron L,Purchase,UPS,"United Parcel Service, Inc.","$50,001 - $100,000",,,
08/21/2020,08/29/2020,Wyden,Ron L,Purchase,NVDA,NVIDIA Corporation,"$50,001 - $100,000",,,
08/21/2020,09/08/2020,"Moran,  ",Jerry,Sale (Full),ABBV,AbbVie Inc.,"$1,001 - $15,000",,,
08/21/2020,05/17/2021,Carper,Thomas R,Sale (Partial),GBIL,Goldman Sachs Access Treasury 0-1 Year ETF,"$1,001 - $15,000",,,
08/21/2020,09/08/2020,"Moran,  ",Jerry,Sale (Full),DIS,The Walt Disney Company,"$1,001 - $15,000",,,
08/21/2020,05/17/2021,Carper,Thomas R,Sale (Full),TCEHY,Tencent Holdings Limited,"$1,001 - $15,000",,,
08/21/2020,09/08/2020,"Moran,  ",Jerry,Sale (Full),TXN,Texas Instruments Incorporated,"$1,001 - $15,000",,,
08/21/2020,09/08/2020,"Moran,  ",Jerry,Sale (Full),JPM,JPMorgan Chase & Co.,"$1,001 - $15,000",,,
08/21/2020,09/08/2020,"Moran,  ",Jerry,Sale (Full),KO,The Coca-Cola Company,"$1,001 - $15,000",,,
08/21/2020,09/08/2020,"Moran,  ",Jerry,Sale (Partial),AAPL,Apple Inc.,"$1,001 - $15,000",,,
08/21/2020,09/08/2020,"Moran,  ",Jerry,Sale (Full),ALL,The Allstate Corporation,"$1,001 - $15,000",,,
08/20/2020,08/29/2020,Wyden,Ron L,Purchase,NFLX,"Netflix, Inc.","$1,001 - $15,000",,,
08/19/2020,08/30/2020,Roberts,Pat,Purchase,WMT,Walmart Inc.,"$1,001 - $15,000",,,
08/19/2020,08/29/2020,Wyden,Ron L,Purchase,UPS,"United Parcel Service, Inc.","$50,001 - $100,000",,,
08/19/2020,08/29/2020,Wyden,Ron L,Purchase,NVDA,NVIDIA Corporation,"$15,001 - $50,000",,,
08/19/2020,08/29/2020,Wyden,Ron L,Purchase,KR,The Kroger Co.,"$15,001 - $50,000",,,
08/19/2020,08/29/2020,Wyden,Ron L,Purchase,FDX,FedEx Corporation,"$15,001 - $50,000",,,
08/19/2020,09/18/2020,Cassidy,William,Sale (Partial),AAPL,Apple Inc.,"$1,001 - $15,000",,,
08/19/2020,09/18/2020,Cassidy,William,Sale (Partial),CSCO,"Cisco Systems, Inc.","$1,001 - $15,000",,,
08/19/2020,09/18/2020,Cassidy,William,Sale (Partial),CMCSA,Comcast Corporation,"$1,001 - $15,000",,,
08/19/2020,09/18/2020,Cassidy,William,Sale (Partial),DIS,The Walt Disney Company,"$1,001 - $15,000",,,
08/19/2020,09/18/2020,Cassidy,William,Sale (Partial),IBM,International Business Machines Corporation,"$1,001 - $15,000",,,
08/19/2020,09/18/2020,Cassidy,William,Sale (Partial),LOW,"Lowe's Companies, Inc.","$1,001 - $15,000",,,
08/19/2020,09/18/2020,Cassidy,William,Sale (Partial),MSFT,Microsoft Corporation,"$1,001 - $15,000",,,
08/19/2020,09/18/2020,Cassidy,William,Sale (Partial),SBUX,Starbucks Corporation,"$1,001 - $15,000",,,
08/18/2020,08/29/2020,Wyden,Ron L,Purchase,LOW,"Lowe's Companies, Inc.","$15,001 - $50,000",,,
08/18/2020,09/16/2020,"King, Jr.",Angus S,Purchase,VZ,Verizon Communications Inc.,"$1,001 - $15,000",,,
08/18/2020,09/16/2020,"King, Jr.",Angus S,Sale (Full),XOM,Exxon Mobil Corporation,"$1,001 - $15,000",,,
08/18/2020,08/29/2020,Wyden,Ron L,Purchase,DHI,"D.R. Horton, Inc.","$15,001 - $50,000",,,
08/18/2020,08/30/2020,Roberts,Pat,Purchase,GLD,SPDR Gold Shares,"$15,001 - $50,000",,,
08/18/2020,08/30/2020,Roberts,Pat,Purchase,BBY,"Best Buy Co., Inc.","$1,001 - $15,000",,,
08/18/2020,08/30/2020,Roberts,Pat,Purchase,GOLD,Barrick Gold Corporation,"$1,001 - $15,000",,,
08/18/2020,09/16/2020,"King, Jr.",Angus S,Sale (Full),COP,ConocoPhillips,"$1,001 - $15,000",,,
08/18/2020,09/16/2020,"King, Jr.",Angus S,Sale (Full),SLB,Schlumberger Limited,"$1,001 - $15,000",,,
08/17/2020,08/29/2020,Wyden,Ron L,Purchase,UPS,"United Parcel Service, Inc.","$50,001 - $100,000",,,
08/17/2020,08/30/2020,Roberts,Pat,Purchase,NVAX,"Novavax, Inc.","$1,001 - $15,000",,,
08/14/2020,08/29/2020,Wyden,Ron L,Purchase,PSA,Public Storage,"$15,001 - $50,000",,,
08/14/2020,08/29/2020,Wyden,Ron L,Purchase,UPS,"United Parcel Service, Inc.","$15,001 - $50,000",,,
08/14/2020,08/29/2020,Wyden,Ron L,Purchase,FDX,FedEx Corporation,"$15,001 - $50,000",,,
08/13/2020,09/01/2020,Carper,Thomas R,Sale (Partial),GLD,SPDR Gold Shares,"$1,001 - $15,000",,,
08/13/2020,05/17/2021,Carper,Thomas R,Sale (Partial),GLD,SPDR Gold Shares,"$1,001 - $15,000",,,
08/11/2020,08/29/2020,Wyden,Ron L,Purchase,F,Ford Motor Company,"$15,001 - $50,000",,,
08/11/2020,08/29/2020,Wyden,Ron L,Purchase,DHI,"D.R. Horton, Inc.","$50,001 - $100,000",,,
08/07/2020,05/17/2021,Carper,Thomas R,Sale (Full),KWEB,KraneShares CSI China Internet ETF,"$1,001 - $15,000",,,
08/07/2020,08/29/2020,Wyden,Ron L,Purchase,AAPL,Apple Inc.,"$50,001 - $100,000",,,
08/07/2020,09/01/2020,Carper,Thomas R,Sale (Full),KWEB,KraneShares CSI China Internet ETF,"$1,001 - $15,000",,,
08/06/2020,05/17/2021,Carper,Thomas R,Purchase,LDP,Cohen & Steers Limited Duration Preferred and Inco,"$1,001 - $15,000",,,
08/06/2020,05/17/2021,Carper,Thomas R,Sale (Partial),GBIL,Goldman Sachs Access Treasury 0-1 Year ETF,"$1,001 - $15,000",,,
08/06/2020,09/01/2020,Carper,Thomas R,Sale (Partial),GBIL,Goldman Sachs Access Treasury 0-1 Year ETF,"$1,001 - $15,000",,,
08/06/2020,09/01/2020,Carper,Thomas R,Sale (Partial),LUBFX,Lord Abbett Ultra Short Bond Fund Class F,"$1,001 - $15,000",,,
08/06/2020,09/01/2020,Carper,Thomas R,Purchase,LDP,Cohen & Steers Limited Duration Preferred and Inco,"$1,001 - $15,000",,,
08/06/2020,05/17/2021,Carper,Thomas R,Sale (Partial),LUBFX,Lord Abbett Ultra Short Bond Fund Class F,"$1,001 - $15,000",,,
08/05/2020,08/29/2020,Wyden,Ron L,Purchase,CLX,The Clorox Company,"$1,001 - $15,000",,,
08/05/2020,08/29/2020,Wyden,Ron L,Purchase,BYND,"Beyond Meat, Inc.","$15,001 - $50,000",,,
08/05/2020,08/30/2020,Roberts,Pat,Purchase,BA,The Boeing Company,"$15,001 - $50,000",,,
08/05/2020,08/29/2020,Wyden,Ron L,Purchase,COUP,Coupa Software Incorporated,"$15,001 - $50,000",,,
08/05/2020,08/29/2020,Wyden,Ron L,Purchase,WDAY,"Workday, Inc.","$1,001 - $15,000",,,
08/05/2020,08/29/2020,Wyden,Ron L,Purchase,PSA,Public Storage,"$15,001 - $50,000",,,
08/05/2020,08/29/2020,Wyden,Ron L,Purchase,KR,The Kroger Co.,"$1,001 - $15,000",,,
08/05/2020,08/29/2020,Wyden,Ron L,Purchase,DHI,"D.R. Horton, Inc.","$1,001 - $15,000",,,
08/04/2020,08/29/2020,Wyden,Ron L,Purchase,MTCH,"Match Group, Inc.","$1,001 - $15,000",,,
08/04/2020,08/29/2020,Wyden,Ron L,Purchase,DIS,The Walt Disney Company,"$15,001 - $50,000",,,
08/04/2020,08/29/2020,Wyden,Ron L,Purchase,KLAC,KLA Corporation,"$15,001 - $50,000",,,
08/04/2020,08/29/2020,Wyden,Ron L,Purchase,KR,The Kroger Co.,"$1,001 - $15,000",,,
08/04/2020,08/29/2020,Wyden,Ron L,Purchase,PSA,Public Storage,"$50,001 - $100,000",,,
08/03/2020,08/29/2020,Wyden,Ron L,Sale (Full),VAC,Marriott Vacations Worldwide Corporation,"$15,001 - $50,000",,,
08/03/2020,08/30/2020,Roberts,Pat,Purchase,AAPL,Apple Inc.,"$50,001 - $100,000",,,
08/03/2020,08/29/2020,Wyden,Ron L,Sale (Full),MAR,"Marriott International, Inc.","$100,001 - $250,000",,,
08/03/2020,08/30/2020,Roberts,Pat,Purchase,TSLA,"Tesla, Inc.","$50,001 - $100,000",,,
08/03/2020,08/29/2020,Wyden,Ron L,Sale (Full),INTC,Intel Corporation,"$15,001 - $50,000",,,
07/31/2020,08/05/2020,Roberts,Pat,Sale (Full),AAL,American Airlines Group Inc.,"$15,001 - $50,000",,,
07/31/2020,08/30/2020,Roberts,Pat,Sale (Full),AAPL,Apple Inc.,"$50,001 - $100,000",,,
07/31/2020,08/29/2020,Wyden,Ron L,Purchase,MSFT,Microsoft Corporation,"$50,001 - $100,000",,,
07/30/2020,08/29/2020,Wyden,Ron L,Purchase,BYND,"Beyond Meat, Inc.","$15,001 - $50,000",,,
07/30/2020,08/29/2020,Wyden,Ron L,Purchase,OSK,Oshkosh Corporation,"$15,001 - $50,000",,,
07/30/2020,08/29/2020,Wyden,Ron L,Purchase,NVDA,NVIDIA Corporation,"$50,001 - $100,000",,,
07/28/2020,07/31/2020,Wyden,Ron L,Purchase,DHI,"D.R. Horton, Inc.","$15,001 - $50,000",,,
07/28/2020,05/17/2021,Carper,Thomas R,Sale (Full),SIL,Global X Silver Miners ETF,"$1,001 - $15,000",,,
07/28/2020,08/04/2020,Carper,Thomas R,Sale (Full),SIL,Global X Silver Miners ETF,"$1,001 - $15,000",,,
07/27/2020,07/31/2020,Wyden,Ron L,Purchase,IRBT,iRobot Corporation,"$15,001 - $50,000",,,
07/27/2020,08/05/2020,Roberts,Pat,Purchase,BA,The Boeing Company,"$1,001 - $15,000",,,
07/27/2020,07/31/2020,Wyden,Ron L,Purchase,GOOG,Alphabet Inc.,"$15,001 - $50,000",,,
07/27/2020,07/31/2020,Wyden,Ron L,Purchase,FB,"Facebook, Inc.","$15,001 - $50,000",,,
07/27/2020,07/31/2020,Wyden,Ron L,Purchase,NVDA,NVIDIA Corporation,"$15,001 - $50,000",,,
07/23/2020,07/31/2020,Wyden,Ron L,Purchase,MSFT,Microsoft Corporation,"$100,001 - $250,000",,,
07/22/2020,08/21/2020,Loeffler,Kelly,Sale (Partial),ICE,"Intercontinental Exchange, Inc.","$5,000,001 - $25,000,000",,,
07/20/2020,07/31/2020,Wyden,Ron L,Purchase,AAPL,Apple Inc.,"$15,001 - $50,000",,,
07/20/2020,08/06/2020,Toomey,Patrick J,Sale (Partial),NKLA,Nikola Corporation,"$1,001 - $15,000",,,
07/20/2020,07/31/2020,Wyden,Ron L,Purchase,OSK,Oshkosh Corporation,"$15,001 - $50,000",,,
07/15/2020,08/05/2020,Roberts,Pat,Purchase,NFLX,"Netflix, Inc.","$1,001 - $15,000",,,
07/15/2020,07/31/2020,Wyden,Ron L,Purchase,AAPL,Apple Inc.,"$15,001 - $50,000",,,
07/15/2020,07/24/2020,Inhofe,James M,Sale (Partial),AAPL,Apple Inc.,"$15,001 - $50,000",,,
07/15/2020,07/24/2020,Inhofe,James M,Sale (Partial),AMZN,"Amazon.com, Inc.","$15,001 - $50,000",,,
07/15/2020,08/12/2020,Cassidy,William,Sale (Full),TROW,"T. Rowe Price Group, Inc.","$1,001 - $15,000",,,
07/15/2020,08/12/2020,Cassidy,William,Purchase,PLD,"Prologis, Inc.","$1,001 - $15,000",,,
07/13/2020,07/31/2020,Wyden,Ron L,Sale (Full),CAT,Caterpillar Inc.,"$50,001 - $100,000",,,
07/13/2020,07/31/2020,Wyden,Ron L,Purchase,F,Ford Motor Company,"$1,001 - $15,000",,,
07/13/2020,08/05/2020,Roberts,Pat,Purchase,NFLX,"Netflix, Inc.","$1,001 - $15,000",,,
07/13/2020,07/31/2020,Wyden,Ron L,Purchase,COST,Costco Wholesale Corporation,"$15,001 - $50,000",,,
07/13/2020,07/31/2020,Wyden,Ron L,Purchase,AAPL,Apple Inc.,"$15,001 - $50,000",,,
07/13/2020,07/31/2020,Wyden,Ron L,Purchase,OSK,Oshkosh Corporation,"$50,001 - $100,000",,,
07/09/2020,05/17/2021,Carper,Thomas R,Sale (Partial),HASI,Hannon Armstrong Sustainable Infrastructure Capita,"$1,001 - $15,000",,,
07/09/2020,08/04/2020,Carper,Thomas R,Purchase,AXS,AXIS Capital Holdings Limited,"$1,001 - $15,000",,,
07/09/2020,08/04/2020,Carper,Thomas R,Sale (Full),MPW,"Medical Properties Trust, Inc.","$1,001 - $15,000",,,
07/09/2020,08/04/2020,Carper,Thomas R,Sale (Partial),GLAD,Gladstone Capital Corporation,"$1,001 - $15,000",,,
07/09/2020,08/04/2020,Carper,Thomas R,Purchase,MANT,ManTech International Corporation,"$1,001 - $15,000",,,
07/09/2020,08/04/2020,Carper,Thomas R,Sale (Partial),SWKS,"Skyworks Solutions, Inc.","$1,001 - $15,000",,,
07/09/2020,08/04/2020,Carper,Thomas R,Sale (Partial),HASI,Hannon Armstrong Sustainable Infrastructure Capita,"$1,001 - $15,000",,,
07/09/2020,05/17/2021,Carper,Thomas R,Sale (Partial),GLAD,Gladstone Capital Corporation,"$1,001 - $15,000",,,
07/09/2020,08/04/2020,Carper,Thomas R,Purchase,SRVR,Pacer Benchmark Data & Infrastructure Real Estate,"$1,001 - $15,000",,,
07/09/2020,08/04/2020,Carper,Thomas R,Sale (Full),MBXIX,Catalyst/Millburn Hedge Strategy Fund Class I,"$1,001 - $15,000",,,
07/09/2020,08/04/2020,Carper,Thomas R,Sale (Partial),ABBV,AbbVie Inc.,"$1,001 - $15,000",,,
07/09/2020,08/04/2020,Carper,Thomas R,Sale (Full),FEMS,First Trust Emerging Markets Small Cap AlphaDEX Fu,"$1,001 - $15,000",,,
07/09/2020,08/04/2020,Carper,Thomas R,Purchase,RTH,VanEck Vectors Retail ETF,"$1,001 - $15,000",,,
07/09/2020,05/17/2021,Carper,Thomas R,Sale (Full),MPW,"Medical Properties Trust, Inc.","$1,001 - $15,000",,,
07/09/2020,05/17/2021,Carper,Thomas R,Purchase,AXS,AXIS Capital Holdings Limited,"$1,001 - $15,000",,,
07/09/2020,05/17/2021,Carper,Thomas R,Purchase,AY,Atlantica Sustainable Infrastructure plc,"$1,001 - $15,000",,,
07/09/2020,08/04/2020,Carper,Thomas R,Purchase,PTLC,Pacer Trendpilot US Large Cap ETF,"$1,001 - $15,000",,,
07/09/2020,08/04/2020,Carper,Thomas R,Purchase,PTMC,Pacer Trendpilot US Mid Cap ETF,"$1,001 - $15,000",,,
07/09/2020,08/04/2020,Carper,Thomas R,Purchase,LMRK,Landmark Infrastructure Partners LP,"$1,001 - $15,000",,,
07/09/2020,08/04/2020,Carper,Thomas R,Purchase,AY,Atlantica Sustainable Infrastructure plc,"$1,001 - $15,000",,,
07/09/2020,08/04/2020,Carper,Thomas R,Sale (Partial),FXI,iShares Trust - iShares China Large-Cap ETF,"$1,001 - $15,000",,,
07/09/2020,08/04/2020,Carper,Thomas R,Purchase,GBIL,Goldman Sachs Access Treasury 0-1 Year ETF,"$1,001 - $15,000",,,
07/09/2020,08/04/2020,Carper,Thomas R,Purchase,IRM,Iron Mountain Incorporated,"$1,001 - $15,000",,,
07/09/2020,08/04/2020,Carper,Thomas R,Purchase,LHX,"L3Harris Technologies, Inc.","$1,001 - $15,000",,,
07/09/2020,05/17/2021,Carper,Thomas R,Purchase,WIW,Western Asset Inflation-Linked Opportunities & Inc,"$1,001 - $15,000",,,
07/09/2020,08/04/2020,Carper,Thomas R,Sale (Partial),APO,"Apollo Global Management, Inc.","$1,001 - $15,000",,,
07/09/2020,08/04/2020,Carper,Thomas R,Sale (Partial),AAPL,Apple Inc.,"$1,001 - $15,000",,,
07/09/2020,08/04/2020,Carper,Thomas R,Purchase,PFE,Pfizer Inc.,"$1,001 - $15,000",,,
07/09/2020,08/04/2020,Carper,Thomas R,Sale (Full),TSN,"Tyson Foods, Inc.","$1,001 - $15,000",,,
07/09/2020,05/17/2021,Carper,Thomas R,Purchase,MANT,ManTech International Corporation,"$1,001 - $15,000",,,
07/09/2020,08/04/2020,Carper,Thomas R,Sale (Partial),NVDA,NVIDIA Corporation,"$1,001 - $15,000",,,
07/09/2020,05/17/2021,Carper,Thomas R,Purchase,PFE,Pfizer Inc.,"$1,001 - $15,000",,,
07/09/2020,08/04/2020,Carper,Thomas R,Purchase,WIW,Western Asset Inflation-Linked Opportunities & Inc,"$1,001 - $15,000",,,
07/09/2020,05/17/2021,Carper,Thomas R,Purchase,RTH,VanEck Vectors Retail ETF,"$1,001 - $15,000",,,
07/09/2020,05/17/2021,Carper,Thomas R,Sale (Partial),QCOM,QUALCOMM Incorporated,"$1,001 - $15,000",,,
07/09/2020,05/17/2021,Carper,Thomas R,Sale (Partial),AAPL,Apple Inc.,"$1,001 - $15,000",,,
07/09/2020,05/17/2021,Carper,Thomas R,Purchase,IRM,Iron Mountain Incorporated,"$1,001 - $15,000",,,
07/09/2020,05/17/2021,Carper,Thomas R,Purchase,LHX,"L3Harris Technologies, Inc.","$1,001 - $15,000",,,
07/09/2020,05/17/2021,Carper,Thomas R,Sale (Partial),APO,"Apollo Global Management, Inc.","$1,001 - $15,000",,,
07/09/2020,05/17/2021,Carper,Thomas R,Purchase,LMRK,Landmark Infrastructure Partners LP,"$1,001 - $15,000",,,
07/09/2020,08/06/2020,Toomey,Patrick J,Purchase,NKLA,Nikola Corporation,"$1,001 - $15,000",,,
07/09/2020,05/17/2021,Carper,Thomas R,Purchase,PTMC,Pacer Trendpilot US Mid Cap ETF,"$1,001 - $15,000",,,
07/09/2020,05/17/2021,Carper,Thomas R,Sale (Full),TSN,"Tyson Foods, Inc.","$1,001 - $15,000",,,
07/09/2020,05/17/2021,Carper,Thomas R,Purchase,PTLC,Pacer Trendpilot US Large Cap ETF,"$1,001 - $15,000",,,
07/09/2020,05/17/2021,Carper,Thomas R,Purchase,GBIL,Goldman Sachs Access Treasury 0-1 Year ETF,"$1,001 - $15,000",,,
07/09/2020,08/04/2020,Carper,Thomas R,Purchase,LMT,Lockheed Martin Corporation,"$1,001 - $15,000",,,
07/09/2020,05/17/2021,Carper,Thomas R,Sale (Partial),ABBV,AbbVie Inc.,"$1,001 - $15,000",,,
07/09/2020,05/17/2021,Carper,Thomas R,Sale (Full),MBXIX,Catalyst/Millburn Hedge Strategy Fund Class I,"$1,001 - $15,000",,,
07/09/2020,05/17/2021,Carper,Thomas R,Purchase,SRVR,Pacer Benchmark Data & Infrastructure Real Estate,"$1,001 - $15,000",,,
07/09/2020,05/17/2021,Carper,Thomas R,Sale (Full),FEMS,First Trust Emerging Markets Small Cap AlphaDEX Fu,"$1,001 - $15,000",,,
07/09/2020,05/17/2021,Carper,Thomas R,Sale (Partial),SWKS,"Skyworks Solutions, Inc.","$1,001 - $15,000",,,
07/09/2020,05/17/2021,Carper,Thomas R,Sale (Partial),RMD,ResMed Inc.,"$1,001 - $15,000",,,
07/09/2020,05/17/2021,Carper,Thomas R,Sale (Full),OHI,"Omega Healthcare Investors, Inc.","$1,001 - $15,000",,,
07/09/2020,05/17/2021,Carper,Thomas R,Sale (Partial),ARCC,Ares Capital Corporation,"$1,001 - $15,000",,,
07/09/2020,05/17/2021,Carper,Thomas R,Purchase,LMT,Lockheed Martin Corporation,"$1,001 - $15,000",,,
07/09/2020,05/17/2021,Carper,Thomas R,Sale (Partial),FXI,iShares Trust - iShares China Large-Cap ETF,"$1,001 - $15,000",,,
07/09/2020,05/17/2021,Carper,Thomas R,Purchase,C,Citigroup Inc.,"$1,001 - $15,000",,,
07/09/2020,05/17/2021,Carper,Thomas R,Sale (Partial),NVDA,NVIDIA Corporation,"$1,001 - $15,000",,,
07/09/2020,08/04/2020,Carper,Thomas R,Sale (Partial),ARCC,Ares Capital Corporation,"$1,001 - $15,000",,,
07/09/2020,08/04/2020,Carper,Thomas R,Sale (Full),OHI,"Omega Healthcare Investors, Inc.","$1,001 - $15,000",,,
07/09/2020,08/04/2020,Carper,Thomas R,Sale (Partial),RMD,ResMed Inc.,"$1,001 - $15,000",,,
07/09/2020,08/04/2020,Carper,Thomas R,Sale (Partial),QCOM,QUALCOMM Incorporated,"$1,001 - $15,000",,,
07/09/2020,08/04/2020,Carper,Thomas R,Purchase,C,Citigroup Inc.,"$1,001 - $15,000",,,
07/08/2020,05/17/2021,Carper,Thomas R,Sale (Partial),TCEHY,Tencent Holdings Limited,"$1,001 - $15,000",,,
07/08/2020,01/14/2021,Roberts,Pat,Sale (Full),--,Spotify Technology S.A.,"$15,001 - $50,000",,,
07/08/2020,08/04/2020,Carper,Thomas R,Sale (Partial),TCEHY,Tencent Holdings Limited,"$1,001 - $15,000",,,
07/07/2020,05/17/2021,Carper,Thomas R,Sale (Partial),GDXJ,VanEck Vectors Junior Gold Miners ETF,"$1,001 - $15,000",,,
07/07/2020,05/17/2021,Carper,Thomas R,Purchase,FCPIX,Fidelity Advisor International Capital Appreciatio,"$1,001 - $15,000",,,
07/07/2020,05/17/2021,Carper,Thomas R,Sale (Full),MBXIX,Catalyst/Millburn Hedge Strategy Fund Class I,"$1,001 - $15,000",,,
07/07/2020,05/17/2021,Carper,Thomas R,Purchase,SIL,Global X Silver Miners ETF,"$1,001 - $15,000",,,
07/07/2020,08/04/2020,Carper,Thomas R,Sale (Full),MBXIX,Catalyst/Millburn Hedge Strategy Fund Class I,"$1,001 - $15,000",,,
07/07/2020,05/17/2021,Carper,Thomas R,Purchase,RTH,VanEck Vectors Retail ETF,"$1,001 - $15,000",,,
07/07/2020,05/17/2021,Carper,Thomas R,Sale (Full),DLS,WisdomTree International SmallCap Dividend Fund,"$1,001 - $15,000",,,
07/07/2020,05/17/2021,Carper,Thomas R,Sale (Partial),FEMS,First Trust Emerging Markets Small Cap AlphaDEX Fu,"$1,001 - $15,000",,,
07/07/2020,05/17/2021,Carper,Thomas R,Sale (Partial),FDN,First Trust Dow Jones Internet Index Fund,"$1,001 - $15,000",,,
07/07/2020,05/17/2021,Carper,Thomas R,Purchase,NXTG,First Trust IndXX NextG ETF,"$1,001 - $15,000",,,
07/07/2020,05/17/2021,Carper,Thomas R,Sale (Full),FXI,iShares Trust - iShares China Large-Cap ETF,"$1,001 - $15,000",,,
07/07/2020,08/06/2020,Toomey,Patrick J,Purchase,TSLA,"Tesla, Inc.","$1,001 - $15,000",,,
07/07/2020,08/06/2020,Toomey,Patrick J,Sale (Full),TSLA,"Tesla, Inc.","$1,001 - $15,000",,,
07/07/2020,05/17/2021,Carper,Thomas R,Purchase,WIW,Western Asset Inflation-Linked Opportunities & Inc,"$1,001 - $15,000",,,
07/07/2020,08/05/2020,Roberts,Pat,Sale (Full),AAL,American Airlines Group Inc.,"$1,001 - $15,000",,,
07/07/2020,05/17/2021,Carper,Thomas R,Purchase,FIMKX,Fidelity Advisor Emerging Markets Fund I Class,"$1,001 - $15,000",,,
07/07/2020,08/04/2020,Carper,Thomas R,Sale (Partial),FXI,iShares Trust - iShares China Large-Cap ETF,"$1,001 - $15,000",,,
07/07/2020,05/17/2021,Carper,Thomas R,Purchase,GBIL,Goldman Sachs Access Treasury 0-1 Year ETF,"$1,001 - $15,000",,,
07/07/2020,08/04/2020,Carper,Thomas R,Purchase,FIMKX,Fidelity Advisor Emerging Markets Fund I Class,"$1,001 - $15,000",,,
07/07/2020,08/04/2020,Carper,Thomas R,Sale (Full),DLS,WisdomTree International SmallCap Dividend Fund,"$1,001 - $15,000",,,
07/07/2020,08/04/2020,Carper,Thomas R,Sale (Partial),FDN,First Trust Dow Jones Internet Index Fund,"$1,001 - $15,000",,,
07/07/2020,08/04/2020,Carper,Thomas R,Sale (Partial),FEMS,First Trust Emerging Markets Small Cap AlphaDEX Fu,"$1,001 - $15,000",,,
07/07/2020,08/04/2020,Carper,Thomas R,Sale (Partial),GDXJ,VanEck Vectors Junior Gold Miners ETF,"$1,001 - $15,000",,,
07/07/2020,08/04/2020,Carper,Thomas R,Purchase,RTH,VanEck Vectors Retail ETF,"$1,001 - $15,000",,,
07/07/2020,08/04/2020,Carper,Thomas R,Purchase,LUBFX,Lord Abbett Ultra Short Bond Fund Class F,"$1,001 - $15,000",,,
07/07/2020,05/17/2021,Carper,Thomas R,Purchase,LUBFX,Lord Abbett Ultra Short Bond Fund Class F,"$1,001 - $15,000",,,
07/07/2020,08/04/2020,Carper,Thomas R,Purchase,GBIL,Goldman Sachs Access Treasury 0-1 Year ETF,"$1,001 - $15,000",,,
07/07/2020,08/04/2020,Carper,Thomas R,Purchase,NXTG,First Trust IndXX NextG ETF,"$1,001 - $15,000",,,
07/07/2020,08/04/2020,Carper,Thomas R,Purchase,SIL,Global X Silver Miners ETF,"$1,001 - $15,000",,,
07/07/2020,08/04/2020,Carper,Thomas R,Purchase,FCPIX,Fidelity Advisor International Capital Appreciatio,"$1,001 - $15,000",,,
07/07/2020,07/31/2020,Wyden,Ron L,Sale (Full),TRIP,"TripAdvisor, Inc.","$50,001 - $100,000",,,
07/07/2020,08/04/2020,Carper,Thomas R,Purchase,WIW,Western Asset Inflation-Linked Opportunities & Inc,"$1,001 - $15,000",,,
07/06/2020,07/31/2020,Wyden,Ron L,Purchase,AMZN,"Amazon.com, Inc.","$15,001 - $50,000",,,
07/06/2020,07/31/2020,Wyden,Ron L,Purchase,STX,Seagate Technology plc,"$50,001 - $100,000",,,
07/06/2020,08/05/2020,Roberts,Pat,Sale (Full),TGT,Target Corporation,"$1,001 - $15,000",,,
07/06/2020,07/31/2020,Wyden,Ron L,Purchase,NVDA,NVIDIA Corporation,"$15,001 - $50,000",,,
07/06/2020,07/31/2020,Wyden,Ron L,Purchase,MSFT,Microsoft Corporation,"$15,001 - $50,000",,,
07/06/2020,07/31/2020,Wyden,Ron L,Purchase,KLAC,KLA Corporation,"$15,001 - $50,000",,,
07/06/2020,07/31/2020,Wyden,Ron L,Purchase,AAPL,Apple Inc.,"$50,001 - $100,000",,,
07/02/2020,07/31/2020,Wyden,Ron L,Purchase,STX,Seagate Technology plc,"$15,001 - $50,000",,,
07/02/2020,08/05/2020,Roberts,Pat,Purchase,SPOT,Spotify Technology S.A.,"$1,001 - $15,000",,,
07/02/2020,07/31/2020,Wyden,Ron L,Purchase,AMZN,"Amazon.com, Inc.","$15,001 - $50,000",,,
07/02/2020,08/05/2020,Roberts,Pat,Sale (Full),BABA,Alibaba Group Holding Limited,"$15,001 - $50,000",,,
07/02/2020,08/05/2020,Roberts,Pat,Sale (Full),MA,Mastercard Incorporated,"$50,001 - $100,000",,,
07/02/2020,08/05/2020,Roberts,Pat,Purchase,BA,The Boeing Company,"$1,001 - $15,000",,,
07/02/2020,08/05/2020,Roberts,Pat,Sale (Full),AAL,American Airlines Group Inc.,"$1,001 - $15,000",,,
07/02/2020,08/05/2020,Roberts,Pat,Purchase,NOC,Northrop Grumman Corporation,"$15,001 - $50,000",,,
07/02/2020,08/05/2020,Roberts,Pat,Sale (Full),WMT,Walmart Inc.,"$1,001 - $15,000",,,
07/01/2020,08/05/2020,Roberts,Pat,Purchase,BYND,"Beyond Meat, Inc.","$1,001 - $15,000",,,
06/29/2020,07/24/2020,Inhofe,James M,Sale (Partial),BAM,Brookfield Asset Management Inc.,"$1,001 - $15,000",,,
06/25/2020,07/14/2020,Capito,Shelley M,Purchase,WFC,Wells Fargo & Company,"$15,001 - $50,000",,,
06/16/2020,07/14/2020,Sullivan,Daniel S,Sale (Partial),RPM,RPM International Inc.,"$50,001 - $100,000",,,
04/16/2020,05/02/2021,"Perdue , Jr",David A,Sale (Full),DOW,Dow Inc.,"$1,001 - $15,000",,,
04/16/2020,05/02/2021,"Perdue , Jr",David A,Sale (Full),JNJ,Johnson & Johnson,"$1,001 - $15,000",,,
04/16/2020,05/02/2021,"Perdue , Jr",David A,Sale (Full),BA,The Boeing Company,"$1,001 - $15,000",,,
04/16/2020,05/02/2021,"Perdue , Jr",David A,Sale (Full),BX,The Blackstone Group Inc.,"$1,001 - $15,000",,,
04/16/2020,05/02/2021,"Perdue , Jr",David A,Sale (Full),AFL,Aflac Incorporated,"$1,001 - $15,000",,,
04/16/2020,05/02/2021,"Perdue , Jr",David A,Sale (Full),T,AT&T Inc.,"$1,001 - $15,000",,,
04/16/2020,05/02/2021,"Perdue , Jr",David A,Sale (Full),AAPL,Apple Inc.,"$15,001 - $50,000",,,
04/16/2020,05/02/2021,"Perdue , Jr",David A,Sale (Full),BP,BP p.l.c.,"$1,001 - $15,000",,,
04/16/2020,05/02/2021,"Perdue , Jr",David A,Sale (Full),PG,The Procter & Gamble Company,"$1,001 - $15,000",,,
04/16/2020,05/02/2021,"Perdue , Jr",David A,Purchase,AMLP,Alerian MLP ETF                                                                                                                                                                                                                                                                Description: Exchange Traded Fund,"$250,001 - $500,000",,,
04/16/2020,05/02/2021,"Perdue , Jr",David A,Sale (Full),CAIFX,American Funds Capital Income Builder Class F-2,"$1,001 - $15,000",,,
04/16/2020,05/02/2021,"Perdue , Jr",David A,Purchase,VOO,Vanguard S&P 500 ETF                                                                                                                                                                                                                                                                Description: Exchange Traded Fund,"$100,001 - $250,000",,,
04/16/2020,05/02/2021,"Perdue , Jr",David A,Purchase,VEA,Vanguard FTSE Developed Markets Index Fund ETF Sha                                                                                                                                                                                                                                                                Description: Exchange Traded Fund,"$50,001 - $100,000",,,
04/16/2020,05/02/2021,"Perdue , Jr",David A,Purchase,SPY,SPDR S&P 500 ETF Trust                                                                                                                                                                                                                                                                Description: Exchange Traded Fund,"$100,001 - $250,000",,,
04/16/2020,05/02/2021,"Perdue , Jr",David A,Sale (Full),INTC,Intel Corporation,"$1,001 - $15,000",,,
04/16/2020,05/02/2021,"Perdue , Jr",David A,Sale (Full),LLY,Eli Lilly and Company,"$1,001 - $15,000",,,
04/16/2020,05/02/2021,"Perdue , Jr",David A,Sale (Full),MSFT,Microsoft Corporation,"$50,001 - $100,000",,,
04/16/2020,05/02/2021,"Perdue , Jr",David A,Sale (Full),PYPL,"PayPal Holdings, Inc.","$1,001 - $15,000",,,
04/16/2020,05/02/2021,"Perdue , Jr",David A,Sale (Full),--,TFC.F - Truist FINL CORP F PFD,"$1,001 - $15,000",,,
04/16/2020,05/02/2021,"Perdue , Jr",David A,Sale (Full),EEM,iShares MSCI Emerging Markets ETF                                                                                                                                                                                                                                                                Description: Exchange Traded Fund,"$1,001 - $15,000",,,
04/16/2020,05/02/2021,"Perdue , Jr",David A,Sale (Full),PM,Philip Morris International Inc.,"$1,001 - $15,000",,,
04/16/2020,05/02/2021,"Perdue , Jr",David A,Sale (Full),IDV,iShares International Select Dividend ETF                                                                                                                                                                                                                                                                Description: Exchange Traded Fund,"$1,001 - $15,000",,,
04/16/2020,05/02/2021,"Perdue , Jr",David A,Sale (Full),JPM,JPMorgan Chase & Co.,"$1,001 - $15,000",,,
04/16/2020,05/02/2021,"Perdue , Jr",David A,Sale (Full),CAT,Caterpillar Inc.,"$1,001 - $15,000",,,
04/16/2020,05/02/2021,"Perdue , Jr",David A,Sale (Full),BMY,Bristol-Myers Squibb Company,"$1,001 - $15,000",,,
04/16/2020,05/02/2021,"Perdue , Jr",David A,Sale (Full),GIS,"General Mills, Inc.","$1,001 - $15,000",,,
04/16/2020,05/02/2021,"Perdue , Jr",David A,Sale (Full),HD,"The Home Depot, Inc.","$15,001 - $50,000",,,
04/16/2020,05/02/2021,"Perdue , Jr",David A,Sale (Full),--,Citigroup Inc Bond,"$1,001 - $15,000",,,
04/16/2020,05/02/2021,"Perdue , Jr",David A,Sale (Full),C,Citigroup Inc.,"$1,001 - $15,000",,,
04/16/2020,05/02/2021,"Perdue , Jr",David A,Sale (Full),DD,"DuPont de Nemours, Inc.","$1,001 - $15,000",,,
04/16/2020,05/02/2021,"Perdue , Jr",David A,Sale (Full),KO,The Coca-Cola Company,"$1,001 - $15,000",,,
04/16/2020,05/02/2021,"Perdue , Jr",David A,Sale (Full),COP,ConocoPhillips,"$1,001 - $15,000",,,
04/16/2020,05/02/2021,"Perdue , Jr",David A,Sale (Full),DIS,The Walt Disney Company,"$1,001 - $15,000",,,
04/16/2020,05/02/2021,"Perdue , Jr",David A,Sale (Full),MRK,"Merck & Co., Inc.","$1,001 - $15,000",,,
04/16/2020,05/02/2021,"Perdue , Jr",David A,Sale (Full),SO,The Southern Company,"$1,001 - $15,000",,,
04/16/2020,05/02/2021,"Perdue , Jr",David A,Sale (Full),WFC,Wells Fargo & Company,"$1,001 - $15,000",,,
04/16/2020,05/02/2021,"Perdue , Jr",David A,Sale (Full),URI,"United Rentals, Inc.","$1,001 - $15,000",,,
04/16/2020,05/02/2021,"Perdue , Jr",David A,Sale (Full),--,Southern Cmpy Bond,"$15,001 - $50,000",,,
04/16/2020,05/02/2021,"Perdue , Jr",David A,Sale (Full),SYY,Sysco Corporation,"$1,001 - $15,000",,,
04/16/2020,05/02/2021,"Perdue , Jr",David A,Purchase,IWM,iShares Russell 2000 ETF                                                                                                                                                                                                                                                                Description: Exchange Traded Fund,"$50,001 - $100,000",,,
04/16/2020,05/02/2021,"Perdue , Jr",David A,Sale (Full),VZ,Verizon Communications Inc.,"$1,001 - $15,000",,,
04/16/2020,05/02/2021,"Perdue , Jr",David A,Sale (Full),NKE,"NIKE, Inc.","$1,001 - $15,000",,,
04/16/2020,05/02/2021,"Perdue , Jr",David A,Sale (Full),FRIAX,Franklin Income Fund Advisor Class,"$15,001 - $50,000",,,
04/16/2020,05/02/2021,"Perdue , Jr",David A,Sale (Full),NSC,Norfolk Southern Corporation,"$1,001 - $15,000",,,
04/15/2020,05/02/2021,"Perdue , Jr",David A,Purchase,SPY,SPDR S&P 500 ETF Trust                                                                                                                                                                                                                                                                Description: Exchange Traded Fund,"$1,000,001 - $5,000,000",,,
04/15/2020,05/02/2021,"Perdue , Jr",David A,Sale (Full),MMP,"Magellan Midstream Partners, L.P.","$15,001 - $50,000",,,
04/15/2020,05/02/2021,"Perdue , Jr",David A,Sale (Full),PSXP,Phillips 66 Partners LP,"$1,001 - $15,000",,,
04/15/2020,05/02/2021,"Perdue , Jr",David A,Sale (Full),SUN,Sunoco LP,"$1,001 - $15,000",,,
04/15/2020,05/02/2021,"Perdue , Jr",David A,Sale (Full),TCP,"TC PipeLines, LP","$1,001 - $15,000",,,
04/15/2020,05/02/2021,"Perdue , Jr",David A,Sale (Full),KMI,"Kinder Morgan, Inc.","$1,001 - $15,000",,,
04/15/2020,05/02/2021,"Perdue , Jr",David A,Sale (Full),LNG,"Cheniere Energy, Inc.","$15,001 - $50,000",,,
04/15/2020,05/02/2021,"Perdue , Jr",David A,Sale (Full),TRP,TC Energy Corporation,"$1,001 - $15,000",,,
04/15/2020,05/02/2021,"Perdue , Jr",David A,Sale (Full),ET,Energy Transfer LP,"$15,001 - $50,000",,,
04/15/2020,05/02/2021,"Perdue , Jr",David A,Purchase,SPY,SPDR S&P 500 ETF Trust                                                                                                                                                                                                                                                                Description: Exchange Traded Fund,"$500,001 - $1,000,000",,,
04/15/2020,05/02/2021,"Perdue , Jr",David A,Sale (Full),PAA,"Plains All American Pipeline, L.P.","$15,001 - $50,000",,,
04/15/2020,05/02/2021,"Perdue , Jr",David A,Sale (Full),ENB,Enbridge Inc.,"$1,001 - $15,000",,,
04/15/2020,05/02/2021,"Perdue , Jr",David A,Sale (Full),PBA,Pembina Pipeline Corporation,"$1,001 - $15,000",,,
04/15/2020,05/02/2021,"Perdue , Jr",David A,Sale (Full),SHLX,"Shell Midstream Partners, L.P.","$1,001 - $15,000",,,
04/15/2020,05/02/2021,"Perdue , Jr",David A,Sale (Full),WMB,"The Williams Companies, Inc.","$15,001 - $50,000",,,
04/15/2020,05/02/2021,"Perdue , Jr",David A,Sale (Full),TRGP,Targa Resources Corp.,"$1,001 - $15,000",,,
04/15/2020,05/02/2021,"Perdue , Jr",David A,Sale (Full),MPLX,MPLX LP,"$15,001 - $50,000",,,
04/15/2020,05/02/2021,"Perdue , Jr",David A,Sale (Full),OKE,"ONEOK, Inc.","$1,001 - $15,000",,,
04/15/2020,05/02/2021,"Perdue , Jr",David A,Sale (Full),PAGP,"Plains GP Holdings, L.P.","$1,001 - $15,000",,,
04/15/2020,05/02/2021,"Perdue , Jr",David A,Sale (Full),EPD,Enterprise Products Partners L.P.,"$50,001 - $100,000",,,
04/14/2020,05/02/2021,"Perdue , Jr",David A,Sale (Partial),VZ,Verizon Communications Inc.,"$15,001 - $50,000",,,
04/14/2020,05/02/2021,"Perdue , Jr",David A,Sale (Full),SYK,Stryker Corporation,"$1,001 - $15,000",,,
04/14/2020,05/02/2021,"Perdue , Jr",David A,Sale (Full),BKNG,Booking Holdings Inc.,"$15,001 - $50,000",,,
04/14/2020,05/02/2021,"Perdue , Jr",David A,Sale (Full),CSCO,"Cisco Systems, Inc.","$15,001 - $50,000",,,
04/14/2020,05/02/2021,"Perdue , Jr",David A,Sale (Full),BOIVF,Bollore,"$50,001 - $100,000",,,
04/14/2020,05/02/2021,"Perdue , Jr",David A,Sale (Full),COST,Costco Wholesale Corporation,"$15,001 - $50,000",,,
04/14/2020,05/02/2021,"Perdue , Jr",David A,Sale (Full),DOW,Dow Inc.,"$15,001 - $50,000",,,
04/14/2020,05/02/2021,"Perdue , Jr",David A,Sale (Full),AMZN,"Amazon.com, Inc.","$50,001 - $100,000",,,
04/14/2020,05/02/2021,"Perdue , Jr",David A,Sale (Full),BAH,Booz Allen Hamilton Holding Corporation,"$15,001 - $50,000",,,
04/14/2020,05/02/2021,"Perdue , Jr",David A,Sale (Full),MU,"Micron Technology, Inc.","$15,001 - $50,000",,,
04/14/2020,05/02/2021,"Perdue , Jr",David A,Sale (Full),M,"Macy's, Inc.","$15,001 - $50,000",,,
04/14/2020,05/02/2021,"Perdue , Jr",David A,Sale (Full),SU,Suncor Energy Inc.,"$1,001 - $15,000",,,
04/14/2020,05/02/2021,"Perdue , Jr",David A,Sale (Full),CVX,Chevron Corporation,"$1,001 - $15,000",,,
04/14/2020,05/02/2021,"Perdue , Jr",David A,Sale (Full),GOOG,Alphabet Inc.,"$15,001 - $50,000",,,
04/14/2020,05/02/2021,"Perdue , Jr",David A,Sale (Full),FHB,"First Hawaiian, Inc.","$1,001 - $15,000",,,
04/14/2020,05/02/2021,"Perdue , Jr",David A,Sale (Full),DIS,The Walt Disney Company,"$15,001 - $50,000",,,
04/14/2020,05/02/2021,"Perdue , Jr",David A,Sale (Full),FOXA,Fox Corporation,"$15,001 - $50,000",,,
04/14/2020,05/02/2021,"Perdue , Jr",David A,Sale (Partial),MDLZ,"Mondelez International, Inc.","$15,001 - $50,000",,,
04/14/2020,05/02/2021,"Perdue , Jr",David A,Sale (Full),JNJ,Johnson & Johnson,"$50,001 - $100,000",,,
04/14/2020,05/02/2021,"Perdue , Jr",David A,Sale (Full),MSFT,Microsoft Corporation,"$15,001 - $50,000",,,
04/14/2020,05/02/2021,"Perdue , Jr",David A,Sale (Full),LGF-B,Lions Gate Entertainment Corp.,"$50,001 - $100,000",,,
04/14/2020,05/02/2021,"Perdue , Jr",David A,Sale (Full),LYV,"Live Nation Entertainment, Inc.","$15,001 - $50,000",,,
04/14/2020,05/02/2021,"Perdue , Jr",David A,Sale (Full),PFE,Pfizer Inc.,"$100,001 - $250,000",,,
04/14/2020,05/02/2021,"Perdue , Jr",David A,Sale (Full),WPX,"WPX Energy, Inc.","$15,001 - $50,000",,,
04/14/2020,05/02/2021,"Perdue , Jr",David A,Sale (Full),VIAC,ViacomCBS Inc.,"$50,001 - $100,000",,,
04/14/2020,05/02/2021,"Perdue , Jr",David A,Sale (Partial),MRK,"Merck & Co., Inc.","$50,001 - $100,000",,,
04/14/2020,05/02/2021,"Perdue , Jr",David A,Sale (Full),SBUX,Starbucks Corporation,"$15,001 - $50,000",,,
04/14/2020,05/02/2021,"Perdue , Jr",David A,Sale (Full),FEYE,"FireEye, Inc.","$100,001 - $250,000",,,
04/14/2020,05/02/2021,"Perdue , Jr",David A,Sale (Full),AXTA,Axalta Coating Systems Ltd.,"$100,001 - $250,000",,,
04/14/2020,05/02/2021,"Perdue , Jr",David A,Sale (Full),URBN,"Urban Outfitters, Inc.","$100,001 - $250,000",,,
04/14/2020,05/02/2021,"Perdue , Jr",David A,Sale (Full),HBI,Hanesbrands Inc.,"$100,001 - $250,000",,,
04/14/2020,05/02/2021,"Perdue , Jr",David A,Sale (Full),ALB,Albemarle Corporation,"$50,001 - $100,000",,,
04/14/2020,05/02/2021,"Perdue , Jr",David A,Sale (Full),DAL,"Delta Air Lines, Inc.","$1,001 - $15,000",,,
04/14/2020,05/02/2021,"Perdue , Jr",David A,Sale (Full),DVN,Devon Energy Corporation,"$15,001 - $50,000",,,
04/14/2020,05/02/2021,"Perdue , Jr",David A,Sale (Full),FDX,FedEx Corporation,"$100,001 - $250,000",,,
04/14/2020,05/02/2021,"Perdue , Jr",David A,Sale (Partial),GPK,Graphic Packaging Holding Company,"$100,001 - $250,000",,,
04/14/2020,05/02/2021,"Perdue , Jr",David A,Sale (Full),HUN,Huntsman Corporation,"$15,001 - $50,000",,,
04/14/2020,05/02/2021,"Perdue , Jr",David A,Sale (Full),NWS,News Corporation,"$1,001 - $15,000",,,
04/14/2020,05/02/2021,"Perdue , Jr",David A,Sale (Full),UN,The Unilever Group,"$1,001 - $15,000",,,
04/14/2020,05/02/2021,"Perdue , Jr",David A,Sale (Full),MSM,"MSC Industrial Direct Co., Inc.","$15,001 - $50,000",,,
04/14/2020,05/02/2021,"Perdue , Jr",David A,Sale (Full),USB,U.S. Bancorp,"$15,001 - $50,000",,,
04/14/2020,05/02/2021,"Perdue , Jr",David A,Sale (Full),EMR,Emerson Electric Co.,"$1,001 - $15,000",,,
04/14/2020,05/02/2021,"Perdue , Jr",David A,Sale (Full),PRU,"Prudential Financial, Inc.","$1,001 - $15,000",,,
04/14/2020,05/02/2021,"Perdue , Jr",David A,Sale (Full),RL,Ralph Lauren Corporation,"$1,001 - $15,000",,,
04/14/2020,05/02/2021,"Perdue , Jr",David A,Sale (Full),V,Visa Inc.,"$15,001 - $50,000",,,
04/14/2020,05/02/2021,"Perdue , Jr",David A,Sale (Full),HCA,"HCA Healthcare, Inc.","$15,001 - $50,000",,,
04/14/2020,05/02/2021,"Perdue , Jr",David A,Sale (Partial),WFC,Wells Fargo & Company,"$1,001 - $15,000",,,
04/14/2020,05/02/2021,"Perdue , Jr",David A,Sale (Full),NFLX,"Netflix, Inc.","$15,001 - $50,000",,,
04/14/2020,05/02/2021,"Perdue , Jr",David A,Sale (Partial),KMI,"Kinder Morgan, Inc.","$15,001 - $50,000",,,
04/14/2020,05/02/2021,"Perdue , Jr",David A,Sale (Partial),JPM,JPMorgan Chase & Co.,"$15,001 - $50,000",,,
04/14/2020,05/02/2021,"Perdue , Jr",David A,Sale (Full),MDLZ,"Mondelez International, Inc.","$15,001 - $50,000",,,
04/14/2020,05/02/2021,"Perdue , Jr",David A,Sale (Partial),NKE,"NIKE, Inc.","$15,001 - $50,000",,,
04/14/2020,05/02/2021,"Perdue , Jr",David A,Sale (Full),GLW,Corning Incorporated,"$100,001 - $250,000",,,
04/14/2020,05/02/2021,"Perdue , Jr",David A,Sale (Full),GOOGL,Alphabet Inc.,"$15,001 - $50,000",,,
04/14/2020,05/02/2021,"Perdue , Jr",David A,Sale (Partial),PYPL,"PayPal Holdings, Inc.","$15,001 - $50,000",,,
04/14/2020,05/02/2021,"Perdue , Jr",David A,Sale (Full),VZ,Verizon Communications Inc.,"$15,001 - $50,000",,,
04/14/2020,05/02/2021,"Perdue , Jr",David A,Sale (Full),STT,State Street Corporation,"$15,001 - $50,000",,,
04/14/2020,05/02/2021,"Perdue , Jr",David A,Sale (Partial),BAC,Bank of America Corporation,"$15,001 - $50,000",,,
04/14/2020,05/17/2021,Carper,Thomas R,Purchase,SWKS,"Skyworks Solutions, Inc.","$1,001 - $15,000",,,
04/14/2020,05/02/2021,"Perdue , Jr",David A,Sale (Full),SYY,Sysco Corporation,"$15,001 - $50,000",,,
04/14/2020,05/02/2021,"Perdue , Jr",David A,Sale (Full),PG,The Procter & Gamble Company,"$50,001 - $100,000",,,
04/14/2020,05/02/2021,"Perdue , Jr",David A,Sale (Full),EAF,GrafTech International Ltd.,"$1,001 - $15,000",,,
04/14/2020,05/02/2021,"Perdue , Jr",David A,Sale (Full),JPM,JPMorgan Chase & Co.,"$15,001 - $50,000",,,
04/14/2020,05/17/2021,Carper,Thomas R,Purchase,CEF,Sprott Physical Gold and Silver Trust,"$1,001 - $15,000",,,
04/14/2020,05/17/2021,Carper,Thomas R,Purchase,PNQI,Invesco NASDAQ Internet ETF,"$1,001 - $15,000",,,
04/14/2020,05/02/2021,"Perdue , Jr",David A,Sale (Full),EXR,Extra Space Storage Inc.,"$15,001 - $50,000",,,
04/14/2020,05/02/2021,"Perdue , Jr",David A,Sale (Partial),BMY,Bristol-Myers Squibb Company,"$15,001 - $50,000",,,
04/14/2020,05/17/2021,Carper,Thomas R,Purchase,DIS,The Walt Disney Company,"$1,001 - $15,000",,,
04/14/2020,05/02/2021,"Perdue , Jr",David A,Sale (Full),ORCL,Oracle Corporation,"$15,001 - $50,000",,,
04/14/2020,05/02/2021,"Perdue , Jr",David A,Sale (Full),MO,"Altria Group, Inc.","$1,001 - $15,000",,,
04/14/2020,05/02/2021,"Perdue , Jr",David A,Sale (Full),UHAL,AMERCO,"$15,001 - $50,000",,,
04/14/2020,05/02/2021,"Perdue , Jr",David A,Sale (Full),KO,The Coca-Cola Company,"$50,001 - $100,000",,,
04/14/2020,05/02/2021,"Perdue , Jr",David A,Sale (Full),EQM,"EQM Midstream Partners, LP","$1,001 - $15,000",,,
04/14/2020,05/02/2021,"Perdue , Jr",David A,Sale (Full),GM,General Motors Company,"$100,001 - $250,000",,,
04/14/2020,05/02/2021,"Perdue , Jr",David A,Sale (Full),HON,Honeywell International Inc.,"$15,001 - $50,000",,,
04/14/2020,05/02/2021,"Perdue , Jr",David A,Sale (Full),PEP,"PepsiCo, Inc.","$50,001 - $100,000",,,
04/14/2020,05/02/2021,"Perdue , Jr",David A,Sale (Partial),COST,Costco Wholesale Corporation,"$50,001 - $100,000",,,
04/14/2020,05/02/2021,"Perdue , Jr",David A,Sale (Partial),DIS,The Walt Disney Company,"$100,001 - $250,000",,,
04/14/2020,05/02/2021,"Perdue , Jr",David A,Sale (Full),ABBV,AbbVie Inc.,"$15,001 - $50,000",,,
04/14/2020,05/02/2021,"Perdue , Jr",David A,Sale (Full),BK,The Bank of New York Mellon Corporation,"$1,001 - $15,000",,,
04/14/2020,05/02/2021,"Perdue , Jr",David A,Sale (Full),ANTM,"Anthem, Inc.","$15,001 - $50,000",,,
04/14/2020,05/02/2021,"Perdue , Jr",David A,Sale (Full),MA,Mastercard Incorporated,"$50,001 - $100,000",,,
04/14/2020,05/02/2021,"Perdue , Jr",David A,Sale (Full),MRK,"Merck & Co., Inc.","$15,001 - $50,000",,,
04/14/2020,05/02/2021,"Perdue , Jr",David A,Sale (Full),AMT,American Tower Corporation (REIT),"$50,001 - $100,000",,,
04/14/2020,05/02/2021,"Perdue , Jr",David A,Sale (Partial),BRK-B,Berkshire Hathaway Inc.,"$15,001 - $50,000",,,
04/14/2020,05/02/2021,"Perdue , Jr",David A,Sale (Partial),CSCO,"Cisco Systems, Inc.","$15,001 - $50,000",,,
04/14/2020,05/02/2021,"Perdue , Jr",David A,Sale (Full),BX,The Blackstone Group Inc.,"$15,001 - $50,000",,,
04/14/2020,05/02/2021,"Perdue , Jr",David A,Sale (Full),DD,"DuPont de Nemours, Inc.","$50,001 - $100,000",,,
04/14/2020,05/02/2021,"Perdue , Jr",David A,Sale (Full),BRK-B,Berkshire Hathaway Inc.,"$100,001 - $250,000",,,
04/14/2020,05/02/2021,"Perdue , Jr",David A,Sale (Full),PYPL,"PayPal Holdings, Inc.","$15,001 - $50,000",,,
04/14/2020,05/17/2021,Carper,Thomas R,Purchase,PYPL,"PayPal Holdings, Inc.","$1,001 - $15,000",,,
04/14/2020,05/02/2021,"Perdue , Jr",David A,Sale (Full),BMY,Bristol-Myers Squibb Company,"$15,001 - $50,000",,,
04/14/2020,05/02/2021,"Perdue , Jr",David A,Sale (Full),NWSA,News Corporation,"$15,001 - $50,000",,,
04/14/2020,05/02/2021,"Perdue , Jr",David A,Sale (Partial),AMZN,"Amazon.com, Inc.","$50,001 - $100,000",,,
04/14/2020,05/02/2021,"Perdue , Jr",David A,Sale (Full),BAC,Bank of America Corporation,"$50,001 - $100,000",,,
04/14/2020,05/02/2021,"Perdue , Jr",David A,Sale (Partial),EXR,Extra Space Storage Inc.,"$15,001 - $50,000",,,
04/14/2020,05/02/2021,"Perdue , Jr",David A,Sale (Partial),MU,"Micron Technology, Inc.","$50,001 - $100,000",,,
04/14/2020,05/02/2021,"Perdue , Jr",David A,Sale (Full),NKE,"NIKE, Inc.","$15,001 - $50,000",,,
04/14/2020,05/02/2021,"Perdue , Jr",David A,Sale (Partial),ORCL,Oracle Corporation,"$15,001 - $50,000",,,
04/14/2020,05/02/2021,"Perdue , Jr",David A,Sale (Full),WFC,Wells Fargo & Company,"$15,001 - $50,000",,,
04/14/2020,05/02/2021,"Perdue , Jr",David A,Sale (Full),BAX,Baxter International Inc.,"$15,001 - $50,000",,,
04/14/2020,05/02/2021,"Perdue , Jr",David A,Sale (Full),RF,Regions Financial Corporation,"$50,001 - $100,000",,,
04/14/2020,05/02/2021,"Perdue , Jr",David A,Sale (Partial),DIS,The Walt Disney Company,"$15,001 - $50,000",,,
04/14/2020,05/02/2021,"Perdue , Jr",David A,Sale (Partial),AAPL,Apple Inc.,"$15,001 - $50,000",,,
04/14/2020,05/02/2021,"Perdue , Jr",David A,Sale (Full),AAPL,Apple Inc.,"$50,001 - $100,000",,,
04/14/2020,05/02/2021,"Perdue , Jr",David A,Sale (Full),ACA,"Arcosa, Inc.","$1,001 - $15,000",,,
04/14/2020,05/02/2021,"Perdue , Jr",David A,Sale (Full),CTSH,Cognizant Technology Solutions Corporation,"$15,001 - $50,000",,,
04/14/2020,05/02/2021,"Perdue , Jr",David A,Sale (Full),FOX,Fox Corporation,"$15,001 - $50,000",,,
04/14/2020,05/02/2021,"Perdue , Jr",David A,Sale (Full),COP,ConocoPhillips,"$1,001 - $15,000",,,
04/14/2020,05/17/2021,Carper,Thomas R,Purchase,CVS,CVS Health Corporation,"$1,001 - $15,000",,,
04/14/2020,05/02/2021,"Perdue , Jr",David A,Sale (Full),XOM,Exxon Mobil Corporation,"$1,001 - $15,000",,,
04/14/2020,05/02/2021,"Perdue , Jr",David A,Sale (Partial),CVX,Chevron Corporation,"$15,001 - $50,000",,,
04/13/2020,05/02/2021,"Perdue , Jr",David A,Sale (Partial),EQM,"EQM Midstream Partners, LP","$1,001 - $15,000",,,
04/09/2020,05/02/2021,"Perdue , Jr",David A,Sale (Partial),ORCL,Oracle Corporation,"$1,001 - $15,000",,,
04/07/2020,05/02/2021,"Perdue , Jr",David A,Sale (Full),CEQP,Crestwood Equity Partners LP,"$1,001 - $15,000",,,
04/07/2020,05/02/2021,"Perdue , Jr",David A,Purchase,PBA,Pembina Pipeline Corporation,"$1,001 - $15,000",,,
04/06/2020,05/02/2021,"Perdue , Jr",David A,Purchase,ENB,Enbridge Inc.,"$1,001 - $15,000",,,
04/06/2020,05/02/2021,"Perdue , Jr",David A,Sale (Partial),MRK,"Merck & Co., Inc.","$1,001 - $15,000",,,
04/06/2020,05/02/2021,"Perdue , Jr",David A,Purchase,TRP,TC Energy Corporation,"$1,001 - $15,000",,,
04/06/2020,05/02/2021,"Perdue , Jr",David A,Purchase,LYV,"Live Nation Entertainment, Inc.","$1,001 - $15,000",,,
04/03/2020,05/02/2021,"Perdue , Jr",David A,Purchase,SBUX,Starbucks Corporation,"$1,001 - $15,000",,,
04/03/2020,05/02/2021,"Perdue , Jr",David A,Purchase,LYV,"Live Nation Entertainment, Inc.","$1,001 - $15,000",,,
04/03/2020,05/02/2021,"Perdue , Jr",David A,Sale (Partial),PFE,Pfizer Inc.,"$1,001 - $15,000",,,
04/03/2020,05/02/2021,"Perdue , Jr",David A,Sale (Partial),MRK,"Merck & Co., Inc.","$15,001 - $50,000",,,
04/03/2020,05/04/2022,Carper,Thomas R,Exchange,--,RTN (Exchanged)                                                                                        UTX (Received),"$1,001 - $15,000",,,
04/03/2020,05/04/2022,Carper,Thomas R,Exchange,--                                                                                                                            RTX,UTX (Exchanged)                                                                                        Raytheon Technologies Corporation Common Stock (Received),"$1,001 - $15,000",,,
04/03/2020,05/02/2021,"Perdue , Jr",David A,Sale (Partial),ORCL,Oracle Corporation,"$1,001 - $15,000",,,
04/02/2020,05/17/2021,Carper,Thomas R,Sale (Full),KNX,Knight-Swift Transportation Holdings Inc.,"$1,001 - $15,000",,,
04/02/2020,05/17/2021,Carper,Thomas R,Purchase,RODM,Hartford Multifactor Developed Markets (ex-US) ETF,"$1,001 - $15,000",,,
04/02/2020,05/17/2021,Carper,Thomas R,Sale (Partial),IRM,Iron Mountain Incorporated,"$1,001 - $15,000",,,
04/02/2020,05/17/2021,Carper,Thomas R,Sale (Full),MPC,Marathon Petroleum Corporation,"$1,001 - $15,000",,,
04/02/2020,05/17/2021,Carper,Thomas R,Sale (Full),CB,Chubb Limited,"$1,001 - $15,000",,,
04/02/2020,05/17/2021,Carper,Thomas R,Purchase,PTNQ,Pacer Trendpilot 100 ETF,"$1,001 - $15,000",,,
04/02/2020,05/17/2021,Carper,Thomas R,Sale (Partial),TCEHY,Tencent Holdings Limited,"$1,001 - $15,000",,,
04/02/2020,05/17/2021,Carper,Thomas R,Purchase,NVO,Novo Nordisk A/S,"$1,001 - $15,000",,,
04/02/2020,05/17/2021,Carper,Thomas R,Purchase,SWKS,"Skyworks Solutions, Inc.","$1,001 - $15,000",,,
04/02/2020,05/17/2021,Carper,Thomas R,Purchase,GLAD,Gladstone Capital Corporation,"$1,001 - $15,000",,,
04/02/2020,05/17/2021,Carper,Thomas R,Purchase,RTN,Raytheon Company,"$1,001 - $15,000",,,
04/02/2020,05/17/2021,Carper,Thomas R,Purchase,EEM,iShares MSCI Emerging Markets ETF,"$1,001 - $15,000",,,
04/02/2020,05/17/2021,Carper,Thomas R,Purchase,LHX,"L3Harris Technologies, Inc.","$1,001 - $15,000",,,
04/02/2020,05/17/2021,Carper,Thomas R,Sale (Full),--,HPE - HP Inc.,"$1,001 - $15,000",,,
04/02/2020,05/17/2021,Carper,Thomas R,Purchase,CIBR,First Trust NASDAQ Cybersecurity ETF,"$1,001 - $15,000",,,
04/02/2020,05/17/2021,Carper,Thomas R,Sale (Partial),CAG,"Conagra Brands, Inc.","$1,001 - $15,000",,,
04/02/2020,05/17/2021,Carper,Thomas R,Sale (Full),DRI,"Darden Restaurants, Inc.","$1,001 - $15,000",,,
04/02/2020,05/17/2021,Carper,Thomas R,Sale (Partial),MSFT,Microsoft Corporation,"$1,001 - $15,000",,,
04/02/2020,05/17/2021,Carper,Thomas R,Purchase,IWN,iShares Russell 2000 Value ETF,"$1,001 - $15,000",,,
04/02/2020,05/17/2021,Carper,Thomas R,Purchase,FINX,Global X FinTech ETF,"$1,001 - $15,000",,,
04/02/2020,05/17/2021,Carper,Thomas R,Sale (Full),BOTZ,Global X Robotics & Artificial Intelligence ETF,"$1,001 - $15,000",,,
04/02/2020,05/17/2021,Carper,Thomas R,Sale (Partial),GBIL,Goldman Sachs Access Treasury 0-1 Year ETF,"$1,001 - $15,000",,,
04/02/2020,05/17/2021,Carper,Thomas R,Sale (Full),FPL,First Trust New Opportunities MLP & Energy Fund,"$1,001 - $15,000",,,
04/02/2020,05/17/2021,Carper,Thomas R,Sale (Full),OAYIX,Oakmark International Fund Class Advisor,"$1,001 - $15,000",,,
04/02/2020,05/17/2021,Carper,Thomas R,Sale (Full),QLEIX,AQR Long-Short Equity Fund Class I,"$1,001 - $15,000",,,
04/02/2020,05/17/2021,Carper,Thomas R,Sale (Partial),LUBFX,Lord Abbett Ultra Short Bond Fund Class F,"$1,001 - $15,000",,,
04/02/2020,05/17/2021,Carper,Thomas R,Purchase,FDN,First Trust Dow Jones Internet Index Fund,"$1,001 - $15,000",,,
04/02/2020,05/17/2021,Carper,Thomas R,Sale (Full),IAT,iShares U.S. Regional Banks ETF,"$1,001 - $15,000",,,
04/02/2020,05/17/2021,Carper,Thomas R,Purchase,QTEC,First Trust NASDAQ-100-Technology Sector Index Fun,"$1,001 - $15,000",,,
04/02/2020,05/17/2021,Carper,Thomas R,Sale (Full),PKG,Packaging Corporation of America,"$1,001 - $15,000",,,
04/02/2020,05/17/2021,Carper,Thomas R,Purchase,GLD,SPDR Gold Shares,"$1,001 - $15,000",,,
04/02/2020,05/17/2021,Carper,Thomas R,Purchase,GLW,Corning Incorporated,"$1,001 - $15,000",,,
04/02/2020,05/17/2021,Carper,Thomas R,Purchase,CEF,Sprott Physical Gold and Silver Trust,"$1,001 - $15,000",,,
04/02/2020,05/17/2021,Carper,Thomas R,Purchase,SRVR,Pacer Benchmark Data & Infrastructure Real Estate,"$1,001 - $15,000",,,
04/02/2020,05/17/2021,Carper,Thomas R,Purchase,CFA,VictoryShares US 500 Volatility Wtd ETF,"$1,001 - $15,000",,,
04/02/2020,05/17/2021,Carper,Thomas R,Purchase,KWEB,KraneShares CSI China Internet ETF,"$1,001 - $15,000",,,
04/02/2020,05/17/2021,Carper,Thomas R,Sale (Partial),IVV,iShares Core S&P 500 ETF,"$1,001 - $15,000",,,
04/02/2020,05/17/2021,Carper,Thomas R,Sale (Partial),SBIO,ALPS Medical Breakthroughs ETF,"$1,001 - $15,000",,,
04/02/2020,05/17/2021,Carper,Thomas R,Purchase,GEM,Goldman Sachs ActiveBeta Emerging Markets Equity E,"$1,001 - $15,000",,,
04/02/2020,05/17/2021,Carper,Thomas R,Purchase,PEP,"PepsiCo, Inc.","$1,001 - $15,000",,,
04/02/2020,05/17/2021,Carper,Thomas R,Sale (Partial),MBXIX,Catalyst/Millburn Hedge Strategy Fund Class I,"$1,001 - $15,000",,,
04/02/2020,05/17/2021,Carper,Thomas R,Purchase,QCOM,QUALCOMM Incorporated,"$1,001 - $15,000",,,
04/02/2020,05/17/2021,Carper,Thomas R,Sale (Partial),RMD,ResMed Inc.,"$1,001 - $15,000",,,
04/02/2020,05/17/2021,Carper,Thomas R,Purchase,SBUX,Starbucks Corporation,"$1,001 - $15,000",,,
04/02/2020,05/17/2021,Carper,Thomas R,Sale (Full),FITB,Fifth Third Bancorp,"$1,001 - $15,000",,,
04/02/2020,05/17/2021,Carper,Thomas R,Purchase,MET,"MetLife, Inc.","$1,001 - $15,000",,,
04/02/2020,05/17/2021,Carper,Thomas R,Sale (Full),CFG,"Citizens Financial Group, Inc.","$1,001 - $15,000",,,
04/02/2020,05/17/2021,Carper,Thomas R,Sale (Full),LGI,"Lazard Global Total Return and Income Fund, Inc.","$1,001 - $15,000",,,
04/02/2020,05/17/2021,Carper,Thomas R,Purchase,IWD,iShares Russell 1000 Value ETF,"$1,001 - $15,000",,,
04/02/2020,05/17/2021,Carper,Thomas R,Purchase,DGX,Quest Diagnostics Incorporated,"$1,001 - $15,000",,,
04/02/2020,05/17/2021,Carper,Thomas R,Purchase,CVS,CVS Health Corporation,"$1,001 - $15,000",,,
04/02/2020,05/17/2021,Carper,Thomas R,Purchase,ARCC,Ares Capital Corporation,"$1,001 - $15,000",,,
04/02/2020,05/17/2021,Carper,Thomas R,Sale (Partial),GLD,SPDR Gold Shares,"$1,001 - $15,000",,,
04/02/2020,05/17/2021,Carper,Thomas R,Purchase,TSN,"Tyson Foods, Inc.","$1,001 - $15,000",,,
04/02/2020,05/17/2021,Carper,Thomas R,Purchase,APO,"Apollo Global Management, Inc.","$1,001 - $15,000",,,
04/02/2020,05/17/2021,Carper,Thomas R,Purchase,ARE,"Alexandria Real Estate Equities, Inc.","$1,001 - $15,000",,,
04/01/2020,05/19/2021,"Moran,  ",Jerry,Exchange,VZTMUS,"Verizon Communications Inc. (Exchanged)                                                                                        T-Mobile US, Inc. (Received)","$1,001 - $15,000",,,
04/01/2020,05/02/2021,"Perdue , Jr",David A,Purchase,MU,"Micron Technology, Inc.","$1,001 - $15,000",,,
03/10/2020,05/19/2021,"Moran,  ",Jerry,Purchase,XOM,Exxon Mobil Corporation,"$1,001 - $15,000",,,
03/10/2020,05/19/2021,"Moran,  ",Jerry,Purchase,BRK-B,Berkshire Hathaway Inc.,"$1,001 - $15,000",,,
03/10/2020,05/19/2021,"Moran,  ",Jerry,Sale (Partial),VWO,Vanguard FTSE Emerging Markets Index Fund ETF Shar,"$15,001 - $50,000",,,
03/10/2020,05/19/2021,"Moran,  ",Jerry,Sale (Partial),VUSFX,Vanguard Ultra-Short-Term Bond Fund Admiral Shares,"$15,001 - $50,000",,,
03/10/2020,05/19/2021,"Moran,  ",Jerry,Purchase,HAL,Halliburton Company,"$1,001 - $15,000",,,
02/28/2020,05/02/2021,"Perdue , Jr",David A,Purchase,DVN,Devon Energy Corporation,"$1,001 - $15,000",,,
02/28/2020,05/02/2021,"Perdue , Jr",David A,Sale (Partial),CZR,Caesars Entertainment Corporation,"$1,001 - $15,000",,,
02/28/2020,05/02/2021,"Perdue , Jr",David A,Purchase,PFE,Pfizer Inc.,"$15,001 - $50,000",,,
02/28/2020,05/02/2021,"Perdue , Jr",David A,Purchase,GM,General Motors Company,"$1,001 - $15,000",,,
02/28/2020,05/02/2021,"Perdue , Jr",David A,Purchase,PFE,Pfizer Inc.,"$1,001 - $15,000",,,
02/28/2020,05/02/2021,"Perdue , Jr",David A,Purchase,DD,"DuPont de Nemours, Inc.","$1,001 - $15,000",,,
02/27/2020,05/02/2021,"Perdue , Jr",David A,Purchase,DD,"DuPont de Nemours, Inc.","$1,001 - $15,000",,,
02/27/2020,05/02/2021,"Perdue , Jr",David A,Purchase,DAL,"Delta Air Lines, Inc.","$1,001 - $15,000",,,
02/27/2020,05/02/2021,"Perdue , Jr",David A,Purchase,PFE,Pfizer Inc.,"$15,001 - $50,000",,,
02/27/2020,05/02/2021,"Perdue , Jr",David A,Sale (Partial),CZR,Caesars Entertainment Corporation,"$1,001 - $15,000",,,
02/27/2020,05/02/2021,"Perdue , Jr",David A,Purchase,PFE,Pfizer Inc.,"$1,001 - $15,000",,,
02/26/2020,05/02/2021,"Perdue , Jr",David A,Purchase,--,"FireEye, Inc.","$1,001 - $15,000",,,
02/26/2020,05/02/2021,"Perdue , Jr",David A,Purchase,PFE,Pfizer Inc.,"$1,001 - $15,000",,,
02/26/2020,05/02/2021,"Perdue , Jr",David A,Purchase,GPK,Graphic Packaging Holding Company,"$1,001 - $15,000",,,
02/26/2020,05/02/2021,"Perdue , Jr",David A,Sale (Full),T,AT&T Inc.,"$15,001 - $50,000",,,
02/26/2020,08/11/2021,Paul,Rand,Purchase,--,GILD,"$1,001 - $15,000",,,
02/26/2020,05/02/2021,"Perdue , Jr",David A,Sale (Partial),T,AT&T Inc.,"$1,001 - $15,000",,,
02/26/2020,05/02/2021,"Perdue , Jr",David A,Purchase,DD,"DuPont de Nemours, Inc.","$1,001 - $15,000",,,
02/26/2020,05/02/2021,"Perdue , Jr",David A,Purchase,DIS,The Walt Disney Company,"$15,001 - $50,000",,,
02/26/2020,05/02/2021,"Perdue , Jr",David A,Purchase,VIAC,ViacomCBS Inc.,"$1,001 - $15,000",,,
02/26/2020,05/02/2021,"Perdue , Jr",David A,Purchase,PFE,Pfizer Inc.,"$15,001 - $50,000",,,
02/26/2020,05/02/2021,"Perdue , Jr",David A,Sale (Partial),CZR,Caesars Entertainment Corporation,"$1,001 - $15,000",,,
02/25/2020,05/02/2021,"Perdue , Jr",David A,Sale (Partial),T,AT&T Inc.,"$15,001 - $50,000",,,
02/25/2020,05/02/2021,"Perdue , Jr",David A,Purchase,VIAC,ViacomCBS Inc.,"$1,001 - $15,000",,,
02/25/2020,05/02/2021,"Perdue , Jr",David A,Purchase,DVN,Devon Energy Corporation,"$1,001 - $15,000",,,
02/25/2020,05/02/2021,"Perdue , Jr",David A,Sale (Partial),T,AT&T Inc.,"$1,001 - $15,000",,,
02/25/2020,05/02/2021,"Perdue , Jr",David A,Purchase,GPK,Graphic Packaging Holding Company,"$1,001 - $15,000",,,
02/25/2020,05/02/2021,"Perdue , Jr",David A,Sale (Partial),CZR,Caesars Entertainment Corporation,"$1,001 - $15,000",,,
02/25/2020,05/02/2021,"Perdue , Jr",David A,Purchase,DAL,"Delta Air Lines, Inc.","$1,001 - $15,000",,,
02/25/2020,05/02/2021,"Perdue , Jr",David A,Purchase,FEYE,"FireEye, Inc.","$1,001 - $15,000",,,
02/24/2020,05/02/2021,"Perdue , Jr",David A,Sale (Partial),CZR,Caesars Entertainment Corporation,"$1,001 - $15,000",,,
02/24/2020,05/02/2021,"Perdue , Jr",David A,Sale (Partial),T,AT&T Inc.,"$1,001 - $15,000",,,
02/24/2020,05/02/2021,"Perdue , Jr",David A,Purchase,TRP,TC Energy Corporation,"$1,001 - $15,000",,,
02/24/2020,05/02/2021,"Perdue , Jr",David A,Purchase,VIAC,ViacomCBS Inc.,"$1,001 - $15,000",,,
02/24/2020,05/02/2021,"Perdue , Jr",David A,Purchase,DAL,"Delta Air Lines, Inc.","$15,001 - $50,000",,,
02/24/2020,05/02/2021,"Perdue , Jr",David A,Sale (Partial),T,AT&T Inc.,"$15,001 - $50,000",,,
02/21/2020,05/02/2021,"Perdue , Jr",David A,Purchase,PSXP,Phillips 66 Partners LP,"$1,001 - $15,000",,,
02/21/2020,05/02/2021,"Perdue , Jr",David A,Purchase,PSXP,Phillips 66 Partners LP,"$15,001 - $50,000",,,
02/21/2020,05/02/2021,"Perdue , Jr",David A,Purchase,T,AT&T Inc.,"$15,001 - $50,000",,,
02/21/2020,05/02/2021,"Perdue , Jr",David A,Purchase,VIAC,ViacomCBS Inc.,"$1,001 - $15,000",,,
02/20/2020,05/02/2021,"Perdue , Jr",David A,Purchase,T,AT&T Inc.,"$1,001 - $15,000",,,
02/20/2020,05/02/2021,"Perdue , Jr",David A,Sale (Partial),WES,"Western Midstream Partners, LP","$1,001 - $15,000",,,
02/20/2020,05/02/2021,"Perdue , Jr",David A,Sale (Partial),SHLX,"Shell Midstream Partners, L.P.","$1,001 - $15,000",,,
02/20/2020,05/02/2021,"Perdue , Jr",David A,Sale (Partial),OKE,"ONEOK, Inc.","$1,001 - $15,000",,,
02/19/2020,05/02/2021,"Perdue , Jr",David A,Sale (Partial),LNG,"Cheniere Energy, Inc.","$1,001 - $15,000",,,
02/19/2020,05/02/2021,"Perdue , Jr",David A,Sale (Partial),ALB,Albemarle Corporation,"$1,001 - $15,000",,,
02/19/2020,05/02/2021,"Perdue , Jr",David A,Sale (Partial),DCP,"DCP Midstream, LP","$1,001 - $15,000",,,
02/19/2020,05/02/2021,"Perdue , Jr",David A,Purchase,ENB,Enbridge Inc.,"$1,001 - $15,000",,,
02/19/2020,05/02/2021,"Perdue , Jr",David A,Sale (Partial),MPLX,MPLX LP,"$1,001 - $15,000",,,
02/19/2020,05/02/2021,"Perdue , Jr",David A,Sale (Partial),TRGP,Targa Resources Corp.,"$1,001 - $15,000",,,
02/19/2020,05/02/2021,"Perdue , Jr",David A,Sale (Partial),WMB,"The Williams Companies, Inc.","$1,001 - $15,000",,,
02/13/2020,05/02/2021,"Perdue , Jr",David A,Sale (Partial),ET,Energy Transfer LP,"$1,001 - $15,000",,,
02/11/2020,05/02/2021,"Perdue , Jr",David A,Sale (Partial),AAPL,Apple Inc.,"$1,001 - $15,000",,,
02/10/2020,05/02/2021,"Perdue , Jr",David A,Sale (Partial),ET,Energy Transfer LP,"$1,001 - $15,000",,,
02/10/2020,05/02/2021,"Perdue , Jr",David A,Sale (Partial),TRGP,Targa Resources Corp.,"$1,001 - $15,000",,,
02/10/2020,05/02/2021,"Perdue , Jr",David A,Sale (Partial),WMB,"The Williams Companies, Inc.","$1,001 - $15,000",,,
02/10/2020,05/02/2021,"Perdue , Jr",David A,Purchase,HBI,Hanesbrands Inc.,"$1,001 - $15,000",,,
02/07/2020,05/02/2021,"Perdue , Jr",David A,Purchase,HBI,Hanesbrands Inc.,"$1,001 - $15,000",,,
12/05/2019,08/13/2020,Carper,Thomas R,Exchange,--                                                                                                                            LGI,"LOR Lazard World Dividend and Income Fund (Exchanged)                                                                                        Lazard Global Total Return and Income Fund, Inc. (Received)","$1,001 - $15,000",,,
12/02/2019,08/11/2020,Blunt,Roy,Sale (Partial),MDLZ,"Mondelez International, Inc.","$50,001 - $100,000",Neither,24.87,02/23/2022
11/26/2019,08/11/2020,Blunt,Roy,Sale (Partial),KHC,The Kraft Heinz Company,"$1,001 - $15,000",Neither,24.96,02/23/2020
09/25/2019,08/05/2020,"Moran,  ",Jerry,Sale (Partial),DIS,The Walt Disney Company,"$1,001 - $15,000",,,
09/25/2019,08/05/2020,"Moran,  ",Jerry,Purchase,KO,The Coca-Cola Company,"$1,001 - $15,000",,,
09/25/2019,08/05/2020,"Moran,  ",Jerry,Sale (Partial),COST,Costco Wholesale Corporation,"$1,001 - $15,000",,,
09/25/2019,08/05/2020,"Moran,  ",Jerry,Sale (Partial),XOM,Exxon Mobil Corporation,"$1,001 - $15,000",,,
09/25/2019,08/05/2020,"Moran,  ",Jerry,Purchase,FB,"Facebook, Inc.","$1,001 - $15,000",,,
09/25/2019,08/05/2020,"Moran,  ",Jerry,Sale (Full),GIS,"General Mills, Inc.","$1,001 - $15,000",,,
09/25/2019,08/05/2020,"Moran,  ",Jerry,Purchase,GILD,"Gilead Sciences, Inc.","$1,001 - $15,000",,,
09/25/2019,08/05/2020,"Moran,  ",Jerry,Purchase,INTC,Intel Corporation,"$1,001 - $15,000",,,
09/25/2019,08/05/2020,"Moran,  ",Jerry,Sale (Partial),USB,U.S. Bancorp,"$1,001 - $15,000",,,
09/25/2019,08/05/2020,"Moran,  ",Jerry,Purchase,JNJ,Johnson & Johnson,"$1,001 - $15,000",,,
09/25/2019,08/05/2020,"Moran,  ",Jerry,Purchase,MPC,Marathon Petroleum Corporation,"$1,001 - $15,000",,,
09/25/2019,08/05/2020,"Moran,  ",Jerry,Purchase,OXY,Occidental Petroleum Corporation,"$1,001 - $15,000",,,
09/25/2019,08/05/2020,"Moran,  ",Jerry,Sale (Full),JNK,SPDR Bloomberg Barclays High Yield Bond ETF,"$15,001 - $50,000",,,
09/25/2019,08/05/2020,"Moran,  ",Jerry,Purchase,TXN,Texas Instruments Incorporated,"$1,001 - $15,000",,,
09/25/2019,08/05/2020,"Moran,  ",Jerry,Sale (Partial),VZ,Verizon Communications Inc.,"$1,001 - $15,000",,,
09/25/2019,08/05/2020,"Moran,  ",Jerry,Purchase,V,Visa Inc.,"$1,001 - $15,000",,,
09/25/2019,08/05/2020,"Moran,  ",Jerry,Sale (Partial),AAPL,Apple Inc.,"$1,001 - $15,000",,,
09/25/2019,08/05/2020,"Moran,  ",Jerry,Sale (Partial),MSFT,Microsoft Corporation,"$1,001 - $15,000",,,
09/25/2019,08/05/2020,"Moran,  ",Jerry,Sale (Partial),JNK,SPDR Bloomberg Barclays High Yield Bond ETF,"$15,001 - $50,000",,,
09/25/2019,08/05/2020,"Moran,  ",Jerry,Sale (Partial),BAC,Bank of America Corporation,"$1,001 - $15,000",,,
09/25/2019,08/05/2020,"Moran,  ",Jerry,Purchase,AMZN,"Amazon.com, Inc.","$1,001 - $15,000",,,
09/25/2019,08/05/2020,"Moran,  ",Jerry,Sale (Partial),WFC,Wells Fargo & Company,"$1,001 - $15,000",,,
09/25/2019,08/05/2020,"Moran,  ",Jerry,Purchase,BRK-B,Berkshire Hathaway Inc.,"$1,001 - $15,000",,,
09/25/2019,08/05/2020,"Moran,  ",Jerry,Sale (Partial),CVS,CVS Health Corporation,"$1,001 - $15,000",,,
07/31/2019,08/13/2020,Toomey,Patrick J,Sale (Partial),--,PHLD - Phillips Edison Grocery Center REIT I,"$1,001 - $15,000",,,
07/05/2019,08/07/2020,Whitehouse,Sheldon,Sale (Full),IBM,International Business Machines Corporation,"$1,001 - $15,000",,,
05/16/2019,08/13/2020,Kaine,Timothy M,Sale (Full),GE,General Electric Company,"$1,001 - $15,000",,,
05/01/2019,08/13/2020,Inhofe,James M,Sale (Full),--,GOOGL - Alphabet Inc. A,"$15,001 - $50,000",,,
05/01/2019,08/13/2020,Inhofe,James M,Sale (Partial),--,GOOG - Alphabet Inc. C,"$15,001 - $50,000",,,
04/26/2019,08/13/2020,Inhofe,James M,Sale (Full),LH,Laboratory Corporation of America Holdings,"$50,001 - $100,000",,,
04/26/2019,08/13/2020,Inhofe,James M,Sale (Full),TEL,TE Connectivity Ltd.,"$50,001 - $100,000",,,
04/16/2019,08/13/2020,Inhofe,James M,Sale (Full),CLR,"Continental Resources, Inc.","$15,001 - $50,000",,,
04/05/2019,11/18/2020,Cassidy,William,Sale (Full),NVS,Novartis AG,"$1,001 - $15,000",,,
02/27/2019,08/13/2020,Carper,Thomas R,Purchase,WW,"WW International, Inc.","$1,001 - $15,000",,,
01/31/2019,08/11/2020,Toomey,Patrick J,Purchase,TNTOF,The Toronto-Dominion Bank                                                                                                                                                                    Rate/Coupon: 3.25 Matures: 06/11/2021,"$15,001 - $50,000",,,
